-1.69350243,-2.26179981,0.62731135,0.05074514,0.08642139,0.55282503,-0.82724899,0.27846190,0.08459592,0.44999999,0.18234210,0.00000000,-1.00493896,2.00000000,-0.59526467,-0.40000001,-0.40000001,-0.32075959,0.00000000,1.25575483,0.53242344,-1.79999995,-0.40000001,-0.40000001,0.45866635,0.10597886,-0.00692139,0.76320714,-0.33156380,-0.03876298,-0.10222435,-0.08343951,-0.27265763,0.58078808,-0.26597881,-0.12962489
-1.70122027,-2.24047399,0.62997735,0.05453286,0.09315939,0.52420688,-0.84472162,0.13855432,0.14039430,0.44999999,0.09876382,0.00000000,-0.87694293,2.00000000,-0.49005637,-0.40000001,-0.40000001,-0.31986699,0.00000000,1.29470098,0.45707944,-1.79999995,-0.40000001,-0.40000001,0.40537122,0.03227557,0.00279521,0.90979660,-0.34888151,0.00365331,-0.11139078,-0.08045629,-0.24772000,0.56569332,-0.21968341,-0.11675893
-1.70897126,-2.21985817,0.62754893,0.05913348,0.09685004,0.49899888,-0.85914111,0.00678257,0.18324031,0.44348365,0.02715397,0.00000000,-0.73669797,2.00000000,-0.37527776,-0.40000001,-0.40000001,-0.38379949,0.00000000,1.35844231,0.41961515,-1.79999995,-0.40000001,-0.40000001,0.35004896,-0.06714195,0.02153343,1.04063797,-0.35686225,0.05005962,-0.13574804,-0.07731850,-0.22354701,0.57076162,-0.20003922,-0.10742477
-1.71609724,-2.19950986,0.62175655,0.06389949,0.09681410,0.47409433,-0.87279922,-0.10273888,0.20359084,0.43362969,-0.00997813,0.00000000,-0.61315459,2.00000000,-0.28190672,-0.40000001,-0.40000001,-0.51918161,-0.02035535,1.44345927,0.42937332,-1.79999995,-0.40000001,-0.40000001,0.29528585,-0.18294258,0.04577607,1.13880014,-0.34704441,0.09554803,-0.17890424,-0.07163194,-0.19850288,0.59330285,-0.20494691,-0.10101704
-1.72205925,-2.17765045,0.61458111,0.06433059,0.08989526,0.45390975,-0.88416421,-0.13338499,0.19413897,0.43362969,0.03242503,0.00000000,-0.59114987,2.00000000,-0.29785669,-0.40000001,-0.40000001,-0.74677020,-0.13822518,1.54071903,0.46976295,-1.79999995,-0.40000001,-0.40000001,0.24612702,-0.29605061,0.08352588,1.19199860,-0.32619405,0.13726854,-0.26148507,-0.05754002,-0.17765768,0.62565160,-0.21999562,-0.09234223
-1.72644854,-2.15298891,0.60850334,0.06267775,0.07837781,0.43782532,-0.89344132,-0.11586213,0.16930595,0.43362969,0.13956602,0.00000000,-0.62730360,2.00000000,-0.38403448,-0.40000001,-0.40000001,-1.00038576,-0.31777564,1.62995970,0.50833583,-1.79999995,-0.40000001,-0.40000001,0.20795114,-0.39114460,0.11998850,1.20392311,-0.30840591,0.17120808,-0.35540614,-0.03999915,-0.16593926,0.64092761,-0.22331721,-0.08413727
-1.72862482,-2.12451220,0.60407758,0.06062540,0.06766388,0.42409426,-0.90104949,-0.06734403,0.14433023,0.43362969,0.27641633,0.00000000,-0.68948519,2.00000000,-0.50207007,-0.40000001,-0.40000001,-1.23496294,-0.53062111,1.68775034,0.54670841,-1.79999995,-0.40000001,-0.40000001,0.17587367,-0.45349804,0.14735553,1.18745637,-0.28991255,0.18803985,-0.44003025,-0.01729499,-0.14751336,0.63586670,-0.21299897,-0.07217423
-1.72845721,-2.09163427,0.60116476,0.06092851,0.06016228,0.41289085,-0.90674663,0.01919880,0.11762613,0.44014603,0.42138666,0.00000000,-0.77088255,2.00000000,-0.66490805,-0.40000001,-0.40000001,-1.42092347,-0.76177818,1.67682767,0.60597318,-1.79999995,-0.40000001,-0.40000001,0.14860027,-0.47707799,0.15682539,1.15438664,-0.26280391,0.15969642,-0.50728756,0.00899259,-0.12495194,0.61043036,-0.18340588,-0.04915193
-1.72749853,-2.05491924,0.59732622,0.06362648,0.05471006,0.40580463,-0.91009951,0.13124231,0.07908759,0.44999999,0.54816526,0.00000000,-0.85343152,2.00000000,-0.88617432,-0.38128623,-0.40000001,-1.55060816,-0.88814944,1.54487252,0.76400763,-1.79999995,-0.40000001,-0.40000001,0.13604118,-0.47388542,0.15378983,1.12398231,-0.26939315,0.07846097,-0.57091188,0.03460149,-0.10114013,0.58106679,-0.14501199,-0.02901082
-1.72661638,-2.01714945,0.59196681,0.07146207,0.05475180,0.39727509,-0.91327322,0.20636667,0.04922194,0.44999999,0.58391392,0.00000000,-0.84255338,2.00000000,-1.05031037,-0.33125108,-0.40000001,-1.55635691,-0.86369157,1.38524830,0.96857852,-1.79999995,-0.40000001,-0.40000001,0.14186844,-0.45773306,0.12710698,1.11187959,-0.30250078,-0.01339393,-0.62187594,0.05843460,-0.08130644,0.57292813,-0.10423239,-0.02199242
-1.72706556,-1.97996116,0.58506954,0.07987797,0.05915941,0.38621345,-0.91703808,0.25748560,0.03704517,0.44999999,0.50368273,0.00000000,-0.76837951,2.00000000,-1.15038228,-0.29126835,-0.40000001,-1.44470203,-0.71098363,1.20012236,1.23708034,-1.72207832,-0.32169285,-0.40000001,0.16794117,-0.43290243,0.08976684,1.11373091,-0.32803553,-0.09507017,-0.68371153,0.08231738,-0.04720933,0.61708850,-0.07523961,-0.02160106
-1.72993600,-1.94489002,0.57810032,0.08666079,0.06778137,0.36962339,-0.92264521,0.28317633,0.02863329,0.44999999,0.32567701,0.00000000,-0.67457050,2.00000000,-1.18668783,-0.29126835,-0.40000001,-1.26997423,-0.58291811,0.98515809,1.51351058,-1.46000421,-0.16169286,-0.40000001,0.20855567,-0.40128699,0.04705533,1.12140548,-0.35229900,-0.15698230,-0.74943411,0.10788751,-0.01175170,0.71566904,-0.06385487,-0.03220923
-1.73598254,-1.91439700,0.57317257,0.08948908,0.07951412,0.34743360,-0.93003178,0.28589863,0.01860910,0.44999999,0.09033936,0.00000000,-0.57791018,2.00000000,-1.17707074,-0.29126835,-0.40000001,-1.10164762,-0.45938092,0.81298798,1.76044834,-1.20745206,-0.00169286,-0.40000001,0.25211757,-0.36502251,0.00731695,1.12706017,-0.39063901,-0.17878291,-0.80604237,0.13126107,0.01461777,0.85780078,-0.07196270,-0.05882919
-1.74519598,-1.88949156,0.57312024,0.08422384,0.09225269,0.31946650,-0.93932790,0.26206973,0.02875981,0.44999999,-0.18641059,0.00000000,-0.49145117,2.00000000,-1.09116459,-0.30998209,-0.40000001,-0.96148998,-0.42385724,0.69798422,1.89562535,-0.98315972,0.15830715,-0.40000001,0.29025221,-0.30920267,-0.03485604,1.11128747,-0.41000000,-0.15035865,-0.83718657,0.14875606,0.02630109,1.01178300,-0.09627759,-0.09148474
-1.75791562,-1.86990118,0.57837987,0.06990218,0.10258495,0.28715754,-0.94980556,0.21692589,0.04826916,0.44999999,-0.45189926,-0.01216800,-0.42982331,2.00000000,-0.99459100,-0.36001727,-0.40000001,-0.88039029,-0.43144938,0.54774016,1.98039651,-0.78927135,0.31830716,-0.40000001,0.31786972,-0.23421776,-0.07625898,1.05983758,-0.41000000,-0.11192538,-0.83445621,0.14351921,0.02290648,1.13870680,-0.12674066,-0.11684685
-1.77331412,-1.85547411,0.58778727,0.04902164,0.10882038,0.24766353,-0.96146649,0.14996806,0.06055700,0.44999999,-0.66852897,-0.04842764,-0.39045173,2.00000000,-0.94100493,-0.40000001,-0.40000001,-0.87346518,-0.48995069,0.40096071,2.00000000,-0.72321767,0.40000001,-0.40000001,0.32677492,-0.14771755,-0.12006278,0.97042048,-0.38288698,-0.08259777,-0.80092353,0.11232618,0.00904008,1.22000670,-0.14870825,-0.11841833
-1.79011583,-1.84574485,0.59882349,0.02379584,0.10973345,0.19929789,-0.97348481,0.06705168,0.07195023,0.44999999,-0.82244486,-0.10250703,-0.35392281,2.00000000,-0.96873128,-0.40000001,-0.40000001,-0.90131432,-0.47038934,0.28626662,1.99625754,-0.87327504,0.39527062,-0.40000001,0.32416579,-0.06816688,-0.14205107,0.86569768,-0.34292382,-0.06133677,-0.75571328,0.05812738,0.00245922,1.25528419,-0.14376712,-0.09839217
-1.80706811,-1.83918774,0.60936022,-0.00319517,0.10828386,0.13815691,-0.98446792,-0.05372149,0.09047959,0.44999999,-0.93100929,-0.16210777,-0.30364501,2.00000000,-1.02287340,-0.40000001,-0.40000001,-0.89630049,-0.36276948,0.19525051,1.99484146,-1.12582719,0.28759611,-0.40000001,0.31324276,-0.00337302,-0.14863771,0.77672064,-0.29066712,-0.02873147,-0.70887446,-0.00346893,0.00773189,1.25186181,-0.09657358,-0.06274631
-1.82198894,-1.83462346,0.61580265,-0.02782519,0.10869096,0.06896255,-0.99129015,-0.19272193,0.11384840,0.44999999,-0.99890774,-0.22466302,-0.23388863,2.00000000,-1.09367859,-0.40000001,-0.40000001,-0.84551930,-0.25762016,0.16080987,1.99484146,-1.35011947,0.12759611,-0.40000001,0.29677406,0.04209135,-0.16737393,0.74127251,-0.22385618,-0.02076828,-0.65995091,-0.06726509,0.02458215,1.22412503,-0.00651766,-0.02864203
-1.83362865,-1.83013487,0.61638331,-0.04803494,0.11044247,-0.00525198,-0.99270719,-0.33593175,0.12695716,0.44999999,-1.03556812,-0.27926141,-0.13890514,2.00000000,-1.16614401,-0.40000001,-0.40000001,-0.77463198,-0.17150505,0.16859338,1.99484146,-1.54400790,-0.03240389,-0.40000001,0.26784068,0.07623032,-0.20214023,0.73849219,-0.18272163,-0.03216863,-0.61408550,-0.10584180,0.02655775,1.19268143,0.06250677,-0.02476859
-1.84196270,-1.82495534,0.61078429,-0.06449512,0.11433344,-0.08215521,-0.98793662,-0.47867194,0.12431948,0.44999999,-1.03675461,-0.32625625,-0.01410648,2.00000000,-1.21242976,-0.40000001,-0.40000001,-0.72774172,-0.10934407,0.19391188,1.99484146,-1.68798327,-0.19240388,-0.40000001,0.24358140,0.09977213,-0.22889301,0.77196759,-0.20128444,-0.04470667,-0.57761490,-0.10189150,0.00049079,1.18036759,0.07829542,-0.05287162
-1.84785581,-1.81976271,0.60251260,-0.07763037,0.11968342,-0.15642045,-0.97733420,-0.61337727,0.10919470,0.44999999,-1.00444865,-0.36840439,0.13508005,2.00000000,-1.20359349,-0.40000001,-0.40000001,-0.71958363,-0.07069639,0.23040943,1.99858379,-1.79999995,-0.34767452,-0.40000001,0.22560187,0.12615107,-0.28332424,0.82287037,-0.24124758,-0.06238426,-0.55186534,-0.06656183,-0.04430198,1.18552709,0.05593848,-0.09240130
-1.85120666,-1.81562209,0.59500033,-0.08692481,0.12608188,-0.21994253,-0.96341723,-0.71924096,0.08928850,0.44999999,-0.95608509,-0.40604019,0.27838480,2.00000000,-1.15277839,-0.40000001,-0.40000001,-0.74075669,-0.08758192,0.22494324,2.00000000,-1.79999995,-0.40000001,-0.40000001,0.20939499,0.15161288,-0.35619435,0.85922229,-0.28604022,-0.10118630,-0.52896059,-0.03465167,-0.08167276,1.19782448,0.00515403,-0.13984646
-1.85374463,-1.81355631,0.59201074,-0.09363332,0.13034377,-0.27689931,-0.94740176,-0.80558795,0.06707997,0.44999999,-0.89023554,-0.44524375,0.40928459,2.00000000,-1.08013940,-0.40000001,-0.40000001,-0.77419931,-0.09355719,0.18467763,2.00000000,-1.79999995,-0.40000001,-0.40000001,0.18820935,0.17545521,-0.42080376,0.84145540,-0.32711464,-0.12316123,-0.51534176,-0.02224410,-0.08680218,1.20788836,-0.06350171,-0.16751714
-1.85664833,-1.81417978,0.59568256,-0.09787741,0.13168806,-0.32847723,-0.93015105,-0.87596685,0.05145999,0.44999999,-0.80892563,-0.48575553,0.50565499,2.00000000,-0.98454767,-0.40000001,-0.40000001,-0.81943315,-0.09443049,0.14532875,2.00000000,-1.79999995,-0.40000001,-0.40000001,0.17292449,0.19088019,-0.46937844,0.78737551,-0.31361523,-0.12814303,-0.50867921,-0.03545088,-0.04940555,1.19947636,-0.09543193,-0.15945955
-1.86035836,-1.81737888,0.60606426,-0.09490012,0.12675154,-0.37294534,-0.91424274,-0.92241395,0.03522145,0.44999999,-0.73328215,-0.51547813,0.54961395,2.00000000,-0.87693173,-0.40000001,-0.40000001,-0.86867589,-0.08769437,0.11458239,2.00000000,-1.79999995,-0.40000001,-0.40000001,0.16431981,0.17923391,-0.46193740,0.70090848,-0.25011218,-0.13160604,-0.50663286,-0.06939656,0.00409706,1.14797604,-0.06993684,-0.13866667
-1.86438799,-1.82219601,0.61913675,-0.08632977,0.11529497,-0.41060165,-0.90036690,-0.94861186,0.01930085,0.44999999,-0.68286383,-0.53781509,0.55044079,2.00000000,-0.79040647,-0.40000001,-0.40000001,-0.92283690,-0.07509982,0.08750900,2.00000000,-1.79999995,-0.40000001,-0.40000001,0.15995726,0.14932485,-0.38035968,0.61682004,-0.19164482,-0.11429273,-0.50631863,-0.11382920,0.05405395,1.06147385,-0.01366447,-0.12727249
-1.86942804,-1.82660270,0.63024962,-0.07741862,0.09833390,-0.44306245,-0.88771194,-0.96357113,0.00845260,0.44999999,-0.65467447,-0.56125259,0.52892172,2.00000000,-0.73417604,-0.40000001,-0.40000001,-0.99451363,-0.06742035,0.06857886,2.00000000,-1.79999995,-0.40000001,-0.40000001,0.16008189,0.12103476,-0.28408280,0.56804353,-0.14422418,-0.08495547,-0.51377404,-0.14784443,0.09322290,0.97023660,0.05217672,-0.12564565
-1.87483668,-1.82920337,0.63554174,-0.06820252,0.07866327,-0.46635652,-0.87844872,-0.96813768,0.00072281,0.44999999,-0.65478492,-0.57821208,0.49322969,2.00000000,-0.69816083,-0.40000001,-0.40000001,-1.08216047,-0.05539141,0.04783158,2.00000000,-1.79999995,-0.40000001,-0.40000001,0.16438809,0.09720794,-0.18483879,0.56545621,-0.11873698,-0.05305154,-0.51975495,-0.15698162,0.09245338,0.88926786,0.08580370,-0.14967197
-1.87882602,-1.82995939,0.63412315,-0.05932713,0.06046508,-0.48255417,-0.87176019,-0.95913792,-0.00151285,0.44999999,-0.69333911,-0.57230294,0.43744248,2.00000000,-0.68595326,-0.40000001,-0.40000001,-1.17335737,-0.03962917,0.03052436,2.00000000,-1.79999995,-0.40000001,-0.40000001,0.16439277,0.07474997,-0.08101879,0.59419686,-0.15517139,-0.02842727,-0.52602577,-0.14638349,0.05892355,0.83339357,0.06583781,-0.18850552
-1.88038909,-1.82947302,0.62686753,-0.05852517,0.05127537,-0.48939568,-0.86858362,-0.93169695,0.02594476,0.44999999,-0.76167816,-0.53087068,0.36547223,2.00000000,-0.71598893,-0.40000001,-0.40000001,-1.25870180,-0.02318246,0.03115865,2.00000000,-1.79999995,-0.40000001,-0.40000001,0.15287679,0.07313391,-0.02342565,0.67003870,-0.21982835,-0.00766378,-0.51918298,-0.13211517,0.02749463,0.81715536,0.00412569,-0.23030680
-1.88030541,-1.82912028,0.61785829,-0.06515408,0.05116545,-0.48872694,-0.86849475,-0.88190079,0.08387382,0.44999999,-0.83740479,-0.43762928,0.26942205,2.00000000,-0.79622257,-0.40000001,-0.40000001,-1.33142674,-0.00933901,0.05716520,2.00000000,-1.79999995,-0.40000001,-0.40000001,0.15611391,0.08036236,-0.02833341,0.77453125,-0.23925303,-0.00550470,-0.49493393,-0.11953939,0.00520644,0.82444191,-0.07985760,-0.26636073
-1.87919247,-1.83015049,0.61260045,-0.06965730,0.05178594,-0.47825781,-0.87391967,-0.80010045,0.13758443,0.44999999,-0.90572125,-0.31695524,0.16863078,2.00000000,-0.89700377,-0.40000001,-0.40000001,-1.39326441,-0.00047863,0.10027720,2.00000000,-1.79999995,-0.40000001,-0.40000001,0.20764896,0.07997882,-0.05414411,0.87619245,-0.20520814,-0.02765462,-0.45604292,-0.12019054,-0.00896946,0.80537015,-0.16000766,-0.29007176
-1.87897480,-1.83301914,0.61327952,-0.07318025,0.04930061,-0.46111876,-0.88294029,-0.68974519,0.18525015,0.44999999,-0.94590294,-0.19823696,0.08328839,2.00000000,-0.99364436,-0.39532432,-0.40000001,-1.44260669,-0.00778334,0.16867226,2.00000000,-1.79999995,-0.40000001,-0.40000001,0.30444533,0.08188803,-0.08080505,0.95900941,-0.15793228,-0.04820017,-0.43047100,-0.12535200,0.00474357,0.76938152,-0.19370140,-0.29144073
-1.88001382,-1.83714032,0.61996543,-0.07337928,0.04693589,-0.42445713,-0.90124840,-0.53285217,0.22717695,0.44999999,-0.95715177,-0.09686789,0.01450502,2.00000000,-1.08507645,-0.38506520,-0.40000001,-1.47718251,-0.01057504,0.25331804,2.00000000,-1.79999995,-0.40000001,-0.40000001,0.42219287,0.07944039,-0.10675669,1.02414703,-0.09728686,-0.05881012,-0.38284591,-0.14120725,0.04848657,0.68550795,-0.16664442,-0.24154279
-1.88220203,-1.84143031,0.62981814,-0.06943203,0.04452512,-0.36931565,-0.92563635,-0.33000800,0.24998699,0.44999999,-0.92778766,-0.02532311,-0.02533244,2.00000000,-1.15034652,-0.36763057,-0.40000001,-1.48481882,-0.02506495,0.34989345,2.00000000,-1.79999995,-0.40000001,-0.40000001,0.53528118,0.07873342,-0.15769461,1.05521548,-0.01509634,-0.10361563,-0.33162186,-0.15930428,0.07972078,0.59302729,-0.11420172,-0.15804416
-1.88446093,-1.84427834,0.63980073,-0.06097182,0.04376252,-0.29503936,-0.95253301,-0.09045162,0.25000000,0.44999999,-0.86570358,0.00000000,-0.03830270,2.00000000,-1.16902399,-0.34522948,-0.40000001,-1.45610690,-0.03601216,0.44678569,2.00000000,-1.79999995,-0.40000001,-0.40000001,0.60662347,0.08590223,-0.23252466,1.04642391,0.06192802,-0.19213527,-0.28474793,-0.17053607,0.06981039,0.52876151,-0.06973813,-0.11867166
-1.88546252,-1.84587133,0.64533353,-0.05311698,0.04906212,-0.21503435,-0.97392595,0.15563172,0.24800099,0.44999999,-0.78251642,0.00000000,-0.04699672,2.00000000,-1.16949332,-0.31998679,-0.40000001,-1.39072680,-0.04356853,0.54475260,2.00000000,-1.79999995,-0.38863087,-0.40000001,0.61513990,0.10348278,-0.30665657,1.01742256,0.10380921,-0.25663233,-0.24499153,-0.15293975,0.01268228,0.52623433,-0.04965059,-0.12117925
-1.88381767,-1.84713328,0.64442992,-0.04550680,0.06154882,-0.13982573,-0.98721308,0.38828963,0.24478430,0.44999999,-0.69569373,0.00000000,-0.06783627,2.00000000,-1.17910862,-0.29258573,-0.40000001,-1.29063761,-0.06166634,0.64359957,2.00000000,-1.79999995,-0.36624932,-0.40000001,0.58411169,0.11305264,-0.36895558,0.99876738,0.12657218,-0.31226164,-0.18029892,-0.13298729,-0.06245390,0.54145408,-0.08163074,-0.10667137
-1.88101506,-1.84924674,0.63744444,-0.04228329,0.07520961,-0.08480429,-0.99265498,0.57869554,0.24148659,0.44999999,-0.60607481,0.00000000,-0.08510081,2.00000000,-1.18348289,-0.26510450,-0.40000001,-1.17552662,-0.09138828,0.73762590,2.00000000,-1.79999995,-0.34253260,-0.40000001,0.55785936,0.12306391,-0.41956374,1.01823223,0.15952259,-0.35264426,-0.13112174,-0.10696784,-0.16041946,0.59820873,-0.16419354,-0.12586690
-1.87787867,-1.85309124,0.62891489,-0.04179657,0.08615386,-0.04962240,-0.99416709,0.72079569,0.23797050,0.44999999,-0.53036201,0.00000000,-0.09750777,2.00000000,-1.19327080,-0.24162312,-0.40000001,-1.07842612,-0.10795306,0.81297660,2.00000000,-1.79999995,-0.32313362,-0.40000001,0.55950409,0.12623614,-0.44002753,1.07040846,0.19048737,-0.34690681,-0.09544992,-0.07972381,-0.25014398,0.65727371,-0.24808636,-0.18295804
-1.87501085,-1.85935628,0.62162024,-0.04384269,0.09329597,-0.03330943,-0.99411476,0.81635052,0.23479842,0.44999999,-0.46992129,0.00000000,-0.09622490,2.00000000,-1.20148754,-0.22221814,-0.40000001,-1.00763178,-0.12549190,0.87419194,2.00000000,-1.79999995,-0.30727971,-0.40000001,0.59529406,0.11324181,-0.41594315,1.13585484,0.20492654,-0.29038641,-0.06685077,-0.06178906,-0.29602748,0.68946046,-0.31522858,-0.20071113
-1.87357867,-1.86733747,0.61767274,-0.04737344,0.09562364,-0.02794236,-0.99389696,0.87706423,0.23542739,0.44999999,-0.42898503,0.00000000,-0.07633524,2.00000000,-1.19245791,-0.21052100,-0.40000001,-0.95768464,-0.14309084,0.92772293,2.00000000,-1.79999995,-0.30657545,-0.40000001,0.65198874,0.09492605,-0.36487705,1.18689978,0.20078938,-0.22483051,-0.04549913,-0.06609149,-0.29985645,0.68525106,-0.35941675,-0.18113211
-1.87325406,-1.87556565,0.61927050,-0.04957465,0.09432236,-0.02377525,-0.99402237,0.92189521,0.23766111,0.44999999,-0.41211623,0.00000000,-0.04017889,2.00000000,-1.16395009,-0.21315923,-0.40000001,-0.92601967,-0.14292005,0.97022617,2.00000000,-1.79999995,-0.31823671,-0.40000001,0.70124453,0.09376803,-0.32862541,1.19980693,0.20663849,-0.18287389,-0.04068583,-0.07454991,-0.30266571,0.67175704,-0.35890016,-0.17402036
-1.87317801,-1.88386631,0.62470329,-0.04816353,0.09206771,-0.01904941,-0.99440485,0.95492983,0.23888442,0.44999999,-0.41342631,0.00000000,0.00171195,2.00000000,-1.11985707,-0.23102500,-0.40000001,-0.89424580,-0.13836670,1.00742531,2.00000000,-1.79999995,-0.32927155,-0.40000001,0.72687030,0.10929531,-0.32228792,1.17192852,0.23631831,-0.19562799,-0.03722851,-0.08442140,-0.30494800,0.65243202,-0.32444894,-0.13762775
-1.87309933,-1.89168036,0.63128179,-0.04259297,0.08803789,-0.01390623,-0.99510896,0.97614431,0.24119172,0.44999999,-0.43262449,0.00000000,0.03359041,2.00000000,-1.05080211,-0.26289165,-0.40000001,-0.85277629,-0.13661103,1.04427361,2.00000000,-1.79999995,-0.33263335,-0.40000001,0.73457086,0.12857926,-0.32104328,1.11969948,0.26776665,-0.21319535,-0.02613728,-0.08627684,-0.33864522,0.63389677,-0.28968078,-0.11291073
-1.87268281,-1.89916551,0.63570225,-0.03392997,0.08163238,-0.01428566,-0.99598235,0.98628616,0.24344367,0.44999999,-0.46551055,0.00000000,0.04657552,2.00000000,-0.97696304,-0.30347195,-0.40000001,-0.80384052,-0.14051500,1.08199084,2.00000000,-1.79999995,-0.32776073,-0.40000001,0.72288603,0.15708539,-0.32373139,1.05761719,0.28379509,-0.20850734,-0.01292512,-0.08058981,-0.38604918,0.62025899,-0.24419390,-0.09052848
-1.87185371,-1.90603578,0.63541371,-0.02503621,0.07486414,-0.01962201,-0.99668628,0.99231625,0.24368253,0.44999999,-0.50455242,0.00000000,0.04175470,2.00000000,-0.93105543,-0.34041175,-0.40000001,-0.75839150,-0.15203355,1.12007785,2.00000000,-1.79999995,-0.31574306,-0.40000001,0.70433092,0.18599337,-0.32406232,1.00643981,0.27600551,-0.18977252,0.00894142,-0.07924496,-0.43012679,0.60779852,-0.23345567,-0.05477229
-1.87059987,-1.91272366,0.63136089,-0.01893601,0.06691539,-0.02680945,-0.99721867,0.99650455,0.24466553,0.44999999,-0.55341095,0.00000000,0.02779545,2.00000000,-0.91284198,-0.36626476,-0.40000001,-0.72564340,-0.16680963,1.15467346,2.00000000,-1.79999995,-0.30200684,-0.40000001,0.69698399,0.19869378,-0.30379707,0.97901833,0.24842905,-0.14226834,0.03564700,-0.07780598,-0.48577487,0.59358978,-0.26054198,-0.03201803
-1.86902273,-1.91868162,0.62675303,-0.01592603,0.05784620,-0.03578442,-0.99755687,0.99774426,0.24673991,0.44999999,-0.61593229,0.00000000,0.00830300,2.00000000,-0.90890557,-0.37920961,-0.40000001,-0.70497829,-0.17450918,1.18524408,2.00000000,-1.79999995,-0.29022658,-0.40000001,0.69678110,0.19517499,-0.25506055,0.96744865,0.19261794,-0.05715131,0.05334411,-0.07346912,-0.54428124,0.58318627,-0.29475445,-0.04912957
-1.86666942,-1.92386699,0.62334675,-0.01391761,0.05069416,-0.04610228,-0.99755251,0.99633133,0.24570665,0.44999999,-0.69670749,0.00000000,-0.01590781,2.00000000,-0.92486697,-0.38128525,-0.40000001,-0.68160963,-0.16785187,1.21356821,1.99387193,-1.79999995,-0.28339133,-0.40000001,0.68221611,0.19080593,-0.20885296,0.95371044,0.10876125,0.02214505,0.05635609,-0.07620327,-0.56120598,0.57927120,-0.30866230,-0.04836936
-1.86328316,-1.92753541,0.62239200,-0.01076348,0.04565800,-0.05214157,-0.99753737,0.99323428,0.24023373,0.44999999,-0.79854530,0.00000000,-0.04762521,2.00000000,-0.95857990,-0.37692252,-0.40000001,-0.65511715,-0.14363453,1.23605645,1.98242962,-1.79999995,-0.28536665,-0.40000001,0.65426397,0.18445639,-0.17406374,0.92716426,0.02535024,0.05320961,0.03210300,-0.07882154,-0.54505622,0.60303682,-0.29605025,-0.03223879
-1.85838485,-1.93030798,0.62402636,-0.00488144,0.04280648,-0.06001122,-0.99726748,0.96856678,0.22612335,0.44999999,-0.92369545,0.00000000,-0.09501717,2.00000000,-0.98758364,-0.37692252,-0.40000001,-0.62261200,-0.10811944,1.24669862,1.97169971,-1.79999995,-0.30501074,-0.40000001,0.60669863,0.18413198,-0.15794697,0.88315332,-0.02298535,0.08604120,-0.03248753,-0.06688321,-0.50334328,0.67944664,-0.24380331,-0.03744551
-1.85222983,-1.93139946,0.62643242,0.00347338,0.04294314,-0.07613903,-0.99616599,0.91230124,0.19487154,0.44785237,-1.05442417,0.00000000,-0.15741390,2.00000000,-1.00255644,-0.38050804,-0.40000001,-0.58482254,-0.06811166,1.24188542,1.95883441,-1.79999995,-0.32946724,-0.40000001,0.53735441,0.18493733,-0.15094021,0.82448143,-0.06748445,0.12141730,-0.11895553,-0.02771357,-0.45696023,0.79933321,-0.18686138,-0.06933043
-1.84482849,-1.93160713,0.62727118,0.01163329,0.05011129,-0.10289367,-0.99336118,0.82207286,0.14226304,0.44700292,-1.17844439,0.00000000,-0.22577727,2.00000000,-1.01819992,-0.38743776,-0.40000001,-0.54937088,-0.03245183,1.21439397,1.93830681,-1.79999995,-0.35392937,-0.40000001,0.45060647,0.18845612,-0.15470363,0.77123696,-0.11256970,0.16225758,-0.20368657,0.03013569,-0.40681016,0.94307673,-0.14042959,-0.12596387
-1.83581603,-1.93206894,0.62555319,0.01734204,0.06400838,-0.14349964,-0.98742598,0.69355810,0.07590129,0.44700292,-1.27808511,0.00000000,-0.28880328,2.00000000,-1.03620780,-0.39441150,-0.40000001,-0.52295107,-0.00981011,1.16875005,1.91400778,-1.79999995,-0.37680182,-0.40000001,0.35742873,0.19282518,-0.17216364,0.73680747,-0.15218869,0.20431657,-0.27008176,0.08329462,-0.35079420,1.08251107,-0.10827421,-0.18567017
-1.82538545,-1.93325615,0.62256730,0.01901073,0.08077721,-0.19754000,-0.97677612,0.52528417,0.00859018,0.44700292,-1.34893775,0.00000000,-0.33514145,2.00000000,-1.04455197,-0.40000001,-0.40000001,-0.50001138,-0.00150449,1.11011839,1.88636816,-1.79999995,-0.39555299,-0.40000001,0.27079889,0.19917472,-0.20426549,0.72248399,-0.19174813,0.26103556,-0.30382869,0.11656086,-0.30456772,1.18171549,-0.10697755,-0.24771878
-1.81388330,-1.93473482,0.62100244,0.01654141,0.09792983,-0.25629929,-0.96148157,0.33874452,-0.05218692,0.44700292,-1.38978171,0.00000000,-0.35566938,2.00000000,-1.04479742,-0.40000001,-0.40000001,-0.48324543,0.00000000,1.05237317,1.84698224,-1.79999995,-0.40000001,-0.40000001,0.19642551,0.20000000,-0.24497655,0.72008407,-0.23404840,0.28111508,-0.29715225,0.13109870,-0.28512251,1.21725070,-0.12635954,-0.29324198
-1.80121255,-1.93697476,0.62244582,0.01089067,0.11438283,-0.31786633,-0.94114774,0.13764827,-0.09616358,0.44915056,-1.40975642,0.00000000,-0.35247421,2.00000000,-1.04814482,-0.40000001,-0.40000001,-0.47035167,0.00000000,1.01156807,1.79839957,-1.79999995,-0.40000001,-0.40000001,0.13004984,0.20000000,-0.29349884,0.71986246,-0.24907435,0.28232682,-0.26333645,0.11162393,-0.26333663,1.19580352,-0.13721788,-0.30909458
-1.78821099,-1.93879163,0.62623572,0.00499199,0.12475815,-0.38238025,-0.91553032,-0.07860839,-0.11958946,0.44999999,-1.41486549,-0.00070605,-0.33045086,2.00000000,-1.05448127,-0.40000001,-0.40000001,-0.45951769,0.00000000,0.99934369,1.74983609,-1.79999995,-0.40000001,-0.40000001,0.07865660,0.19501194,-0.31895477,0.71304017,-0.24683680,0.27466482,-0.22587362,0.06255906,-0.23955135,1.13546324,-0.14076194,-0.29456082
-1.77637053,-1.93920636,0.63059562,0.00243035,0.12652467,-0.44684434,-0.88561600,-0.30678684,-0.13420115,0.44999999,-1.41280925,-0.00469852,-0.29056701,2.00000000,-1.06230021,-0.40000001,-0.40000001,-0.45833570,0.00000000,1.00914907,1.70609117,-1.79999995,-0.40000001,-0.40000001,0.04914968,0.17473856,-0.28838465,0.69736713,-0.24260233,0.27008441,-0.20500110,0.00637113,-0.22398183,1.05717552,-0.14989991,-0.26358297
-1.76597190,-1.93804717,0.63361079,0.00207303,0.12469624,-0.50158000,-0.85607481,-0.51667166,-0.14490287,0.44897360,-1.40024424,-0.01606190,-0.22620697,2.00000000,-1.07717001,-0.40000001,-0.40000001,-0.47340190,0.00000000,1.03838432,1.66784620,-1.79999995,-0.40000001,-0.40000001,0.03612070,0.14750406,-0.23223303,0.68598157,-0.24373236,0.27168843,-0.19832791,-0.04040730,-0.21364719,0.98162109,-0.16317768,-0.21401635
-1.75677466,-1.93519402,0.63381088,0.00195090,0.12264644,-0.54226291,-0.83120698,-0.69710481,-0.15950507,0.44340992,-1.37780321,-0.02428343,-0.14344835,2.00000000,-1.09818196,-0.40000001,-0.40000001,-0.50565827,0.00000000,1.07413483,1.64712524,-1.79999995,-0.40000001,-0.40000001,0.01832775,0.11957538,-0.16492352,0.67608792,-0.26360625,0.26483452,-0.20248000,-0.07824157,-0.19265009,0.92553151,-0.17653948,-0.16813469
-1.74928761,-1.93085396,0.63096708,0.00205075,0.12102094,-0.56815195,-0.81397367,-0.83373481,-0.17527080,0.43067589,-1.34546566,-0.02565711,-0.04755004,2.00000000,-1.12020326,-0.40000001,-0.40000001,-0.55463171,0.00000000,1.10888410,1.64207816,-1.79999995,-0.40000001,-0.40000001,0.00039513,0.09393859,-0.08353104,0.67499030,-0.30361637,0.25005016,-0.21557622,-0.10344829,-0.16410130,0.89412963,-0.18835928,-0.13525301
-1.74268639,-1.92543232,0.62696087,0.00169748,0.11905520,-0.57877553,-0.80674767,-0.92059439,-0.19062062,0.40755463,-1.30608034,-0.02495106,0.05543515,2.00000000,-1.13782060,-0.40000001,-0.40000001,-0.61799204,0.00000000,1.12645924,1.64716935,-1.79999995,-0.40000001,-0.40000001,-0.01624722,0.07546584,-0.01612106,0.67968190,-0.34643278,0.23452196,-0.22685577,-0.11564345,-0.13831149,0.87424994,-0.20048602,-0.10889781
-1.73602104,-1.91915321,0.62387782,-0.00215486,0.11679852,-0.57491374,-0.80983186,-0.95406550,-0.19801609,0.37070635,-1.26457822,-0.02095859,0.15933017,2.00000000,-1.14520144,-0.40000001,-0.40000001,-0.68922985,0.00000000,1.11636567,1.65869057,-1.79999995,-0.40000001,-0.40000001,-0.03348530,0.07504876,0.00636768,0.68865943,-0.37177977,0.21063538,-0.22144194,-0.12033993,-0.11871190,0.85343164,-0.21415395,-0.08946435
-1.72939038,-1.91257453,0.62234652,-0.00798041,0.11307357,-0.56146854,-0.81969738,-0.94100106,-0.19421573,0.32108426,-1.22988701,-0.00959521,0.24868232,1.99981618,-1.13734210,-0.40000001,-0.40000001,-0.76553363,0.00000000,1.08422959,1.67452300,-1.79999995,-0.40000001,-0.40000001,-0.04290833,0.08254115,0.01362204,0.70545667,-0.36972493,0.16937952,-0.20217992,-0.12336008,-0.11638793,0.82968289,-0.22441146,-0.08771565
-1.72304034,-1.90627146,0.62204939,-0.01374362,0.10661173,-0.54246736,-0.83317119,-0.88672322,-0.17614709,0.26394337,-1.20261192,-0.00137368,0.31980073,1.99808788,-1.11615217,-0.40000001,-0.40000001,-0.84543735,0.00000000,1.03658378,1.68465447,-1.79999995,-0.40000001,-0.40000001,-0.01791843,0.09067817,0.01515913,0.74786872,-0.33328277,0.11563469,-0.17651631,-0.12122696,-0.14622998,0.80273294,-0.22372308,-0.09724658
-1.71627784,-1.90077329,0.62153065,-0.01813602,0.10090191,-0.51719302,-0.84970659,-0.79750752,-0.14781763,0.20980734,-1.18297732,0.00000000,0.36394873,1.99621677,-1.07519841,-0.40000001,-0.40000001,-0.92791921,0.00000000,0.97481161,1.68660188,-1.79999995,-0.40000001,-0.40000001,0.03821945,0.09736646,-0.00212597,0.82053578,-0.26863703,0.07508451,-0.14545083,-0.12302645,-0.18585660,0.77392983,-0.22390814,-0.10511135
-1.70964050,-1.89547729,0.61954045,-0.02257078,0.09753577,-0.48564577,-0.86840403,-0.67580336,-0.10900017,0.16693629,-1.16803575,0.00000000,0.37791511,1.99621677,-1.01468122,-0.40000001,-0.40000001,-1.01252627,0.00000000,0.91515040,1.68056905,-1.79999995,-0.40000001,-0.40000001,0.11203036,0.09737363,-0.02711059,0.91981453,-0.20860302,0.02468642,-0.10540088,-0.12798907,-0.21522589,0.74648225,-0.24038823,-0.10305567
-1.70327592,-1.88939726,0.61623454,-0.02581244,0.09676263,-0.44617546,-0.88932455,-0.52053297,-0.06364661,0.13747548,-1.15504885,0.00000000,0.36212486,1.99621677,-0.95514268,-0.40000001,-0.40000001,-1.09641504,0.00000000,0.87965906,1.67208338,-1.79999995,-0.40000001,-0.40000001,0.19078468,0.08294965,-0.03887068,1.03057182,-0.15745686,-0.04868652,-0.06443280,-0.13167258,-0.22952121,0.72624278,-0.26874250,-0.10232793
-1.69701195,-1.88186955,0.61226100,-0.02730878,0.09929658,-0.40105718,-0.91024590,-0.35216856,-0.02497114,0.12317802,-1.14108193,0.00000000,0.33352095,1.99640059,-0.90797287,-0.40000001,-0.40000001,-1.17099750,0.00000000,0.86891317,1.66637170,-1.79999995,-0.40000001,-0.40000001,0.25561070,0.06502324,-0.04024417,1.13234341,-0.11629530,-0.11165528,-0.02593320,-0.13402441,-0.22111355,0.71673667,-0.30479580,-0.10647985
-1.69066763,-1.87312949,0.60895246,-0.02730988,0.10469398,-0.35647291,-0.92801964,-0.18742524,0.00918709,0.12109732,-1.12016344,0.00000000,0.30307394,1.99812889,-0.86994654,-0.40000001,-0.40000001,-1.22458994,0.00000000,0.88324326,1.66565382,-1.79999995,-0.40000001,-0.40000001,0.29539049,0.04774978,-0.03077331,1.21029592,-0.09116667,-0.14569718,0.01011665,-0.13913693,-0.18445584,0.71393889,-0.35006934,-0.10141367
-1.68424177,-1.86378682,0.60687071,-0.02803887,0.11019515,-0.32055372,-0.94038087,-0.04539521,0.03281472,0.12034954,-1.08731019,0.00000000,0.28440025,2.00000000,-0.84472722,-0.40000001,-0.40000001,-1.24687827,0.00000000,0.91393846,1.66968095,-1.79999995,-0.40000001,-0.40000001,0.30799541,0.02788325,0.00003486,1.25647545,-0.09731523,-0.17467546,0.03802635,-0.14162679,-0.14165556,0.72329605,-0.38260630,-0.08932275
-1.67666245,-1.85532486,0.60666949,-0.02846968,0.11341189,-0.29690963,-0.94771934,0.06211080,0.04886438,0.10967401,-1.05313909,0.00000000,0.28367779,2.00000000,-0.83453625,-0.40000001,-0.40000001,-1.23634601,0.00000000,0.95218527,1.67697239,-1.79999995,-0.40000001,-0.40000001,0.30392104,0.00464889,0.04423218,1.26650155,-0.11677917,-0.17984135,0.04726894,-0.14093964,-0.11241283,0.74554378,-0.38211605,-0.08644695
-1.66804636,-1.84903228,0.60700828,-0.02962971,0.11502255,-0.28974238,-0.94970590,0.12193681,0.05868802,0.08962173,-1.02401924,0.00000000,0.29971594,2.00000000,-0.82363868,-0.40000001,-0.40000001,-1.19418311,0.00000000,0.98924291,1.68267190,-1.79999995,-0.40000001,-0.40000001,0.29716262,-0.01436025,0.07989113,1.25461948,-0.14479154,-0.15971723,0.04188123,-0.13902895,-0.10069042,0.78076798,-0.35703439,-0.09077204
-1.65839899,-1.84515548,0.60692388,-0.03248075,0.11361969,-0.30205920,-0.94593644,0.12756653,0.06634046,0.06114244,-1.00528574,0.00000000,0.32434767,2.00000000,-0.80729717,-0.40000001,-0.40000001,-1.13698006,0.00000000,1.01884556,1.67944360,-1.79999995,-0.40000001,-0.40000001,0.30231836,-0.03395814,0.10350390,1.23121452,-0.18407680,-0.14787403,0.03093098,-0.13716595,-0.10898355,0.81802893,-0.32579961,-0.09789329
-1.64796567,-1.84294522,0.60560322,-0.03663522,0.11008676,-0.32927111,-0.93708026,0.08872776,0.07011563,0.03016423,-0.99687290,0.00000000,0.35107741,2.00000000,-0.79180753,-0.40000001,-0.40000001,-1.07840550,0.00000000,1.03957295,1.66639757,-1.79999995,-0.40000001,-0.40000001,0.32601190,-0.05476860,0.11524773,1.20967996,-0.21646938,-0.14287153,0.02077596,-0.13590474,-0.13793106,0.85323358,-0.29313335,-0.10555348
-1.63779294,-1.84075785,0.60341203,-0.03951583,0.10557440,-0.36121669,-0.92564303,0.02624851,0.06946327,0.00378534,-0.99614173,0.00000000,0.37148750,2.00000000,-0.77861643,-0.40000001,-0.40000001,-1.03367639,0.00000000,1.05491674,1.65079689,-1.79999995,-0.40000001,-0.40000001,0.36143383,-0.06827537,0.10915349,1.19327950,-0.22411558,-0.12473031,0.01287891,-0.13524272,-0.17758530,0.88200706,-0.26277035,-0.10968873
-1.62994480,-1.83713722,0.60009134,-0.03966032,0.10252197,-0.39183205,-0.91344619,-0.04083397,0.05787562,-0.01072522,-0.98572618,0.00000000,0.38389808,2.00000000,-0.76888245,-0.40000001,-0.40000001,-1.00850785,0.00000000,1.06480074,1.63766074,-1.79999995,-0.40000001,-0.40000001,0.39403510,-0.07065430,0.08908656,1.18553722,-0.22004500,-0.10013054,0.00255297,-0.13296188,-0.21635352,0.91319495,-0.23291819,-0.10631429
-1.62494147,-1.83093631,0.59687930,-0.03711117,0.10056490,-0.41595012,-0.90304762,-0.09285432,0.03885002,-0.01339257,-0.95262635,0.00000000,0.38497081,2.00000000,-0.76449114,-0.40000001,-0.40000001,-1.00781548,0.00000000,1.06386042,1.63009727,-1.79999995,-0.40000001,-0.40000001,0.41674027,-0.06505851,0.07040866,1.18391061,-0.21118964,-0.05867809,-0.01199471,-0.12715460,-0.24011585,0.94597626,-0.19954549,-0.08832563
-1.62317562,-1.82178640,0.59482831,-0.03190800,0.09928509,-0.42943820,-0.89705479,-0.11537582,0.01513051,-0.00958887,-0.89428902,0.00000000,0.37097728,2.00000000,-0.76485032,-0.40000001,-0.40000001,-1.02496827,0.00000000,1.05433702,1.63468611,-1.79999995,-0.40000001,-0.40000001,0.42191032,-0.05680922,0.06885295,1.18201935,-0.19754571,0.00187893,-0.03380930,-0.11882069,-0.23399121,0.97971469,-0.16106057,-0.04779564
-1.62440038,-1.81026781,0.59435225,-0.02446288,0.09844701,-0.43138999,-0.89644432,-0.10667330,-0.00866343,-0.00544707,-0.81984097,0.00000000,0.34552467,2.00000000,-0.75976050,-0.40000001,-0.40000001,-1.04682112,0.00000000,1.04202056,1.65104818,-1.79999995,-0.40000001,-0.40000001,0.40426534,-0.04673316,0.08492400,1.17095935,-0.19101568,0.06459776,-0.06652318,-0.10778422,-0.19651258,1.01662755,-0.11522321,0.01677630
-1.62682068,-1.79767549,0.59647036,-0.01536523,0.09611542,-0.42282277,-0.90096986,-0.06569136,-0.02051974,-0.00533723,-0.75162482,0.00000000,0.30511242,2.00000000,-0.74420351,-0.40000001,-0.40000001,-1.06440139,0.00000000,1.03643572,1.67341101,-1.79999995,-0.40000001,-0.40000001,0.36894822,-0.04049928,0.11962901,1.14232183,-0.19385991,0.09847647,-0.10971699,-0.09387659,-0.13474628,1.05088890,-0.06737387,0.10825191
-1.62843657,-1.78604424,0.60095131,-0.00633050,0.09167239,-0.40869424,-0.90803367,-0.00938313,-0.01963150,-0.01155293,-0.70453537,0.00000000,0.26023000,2.00000000,-0.72551256,-0.40000001,-0.40000001,-1.06451201,0.00000000,1.04054475,1.69617391,-1.79999995,-0.40000001,-0.40000001,0.32894069,-0.03819918,0.16672175,1.09963775,-0.18991445,0.11279837,-0.15750486,-0.07735071,-0.07122564,1.07840061,-0.02535276,0.22284186
-1.62842357,-1.77714074,0.60686243,0.00167783,0.08493224,-0.39639589,-0.91414118,0.03838975,-0.00816168,-0.02521283,-0.69299752,0.00000000,0.21545051,2.00000000,-0.70655137,-0.40000001,-0.40000001,-1.03648448,0.00000000,1.05719316,1.71373355,-1.79999995,-0.40000001,-0.40000001,0.28808922,-0.03638307,0.21301669,1.04458833,-0.18166605,0.11422167,-0.20723279,-0.06574287,-0.01984783,1.09739423,-0.00473496,0.33325133
-1.62616956,-1.77153885,0.61346442,0.00737051,0.07616099,-0.39161938,-0.91694027,0.05929011,0.00952566,-0.04229992,-0.72465748,0.00000000,0.16805252,2.00000000,-0.68440491,-0.40000001,-0.40000001,-0.98102868,0.00000000,1.07609677,1.71895301,-1.79999995,-0.40000001,-0.40000001,0.25021425,-0.03111308,0.24512905,0.98144501,-0.17222711,0.10863080,-0.25764656,-0.05655299,0.00927651,1.10693240,-0.00707888,0.41851273
-1.62123096,-1.76934862,0.62074631,0.01058609,0.06371836,-0.39856988,-0.91486061,0.04528871,0.02781552,-0.05899511,-0.79009628,0.00000000,0.11820655,2.00000000,-0.67034888,-0.40000001,-0.40000001,-0.91432559,0.00000000,1.08098865,1.70729589,-1.79999995,-0.40000001,-0.40000001,0.22248624,-0.02130775,0.25690576,0.91091114,-0.15962595,0.10270549,-0.30791244,-0.04166292,0.00461005,1.09947491,-0.02612992,0.46681285
-1.61382711,-1.77026951,0.62773961,0.01009758,0.04838655,-0.42274556,-0.90489948,-0.01828162,0.03832512,-0.07039671,-0.86457169,0.00000000,0.08040633,2.00000000,-0.68033087,-0.40000001,-0.40000001,-0.84738827,0.00000000,1.06295240,1.68614280,-1.79999995,-0.40000001,-0.40000001,0.20945373,-0.00647079,0.24185869,0.84091383,-0.13921683,0.10268969,-0.34851485,-0.02374868,-0.03287245,1.06858349,-0.05593239,0.46343592
-1.60385692,-1.77295732,0.63427413,0.00497676,0.03248238,-0.46234623,-0.88609034,-0.12542774,0.04344460,-0.07121370,-0.93328691,0.00000000,0.05373183,2.00000000,-0.70663732,-0.40000001,-0.40000001,-0.79210961,0.00000000,1.02716231,1.66426444,-1.79999995,-0.40000001,-0.40000001,0.20515472,0.01421653,0.19729394,0.77506274,-0.10676255,0.10560765,-0.36815661,-0.01215768,-0.07941398,1.00689435,-0.09015838,0.40836215
-1.59137905,-1.77580452,0.64031512,-0.00375046,0.01874744,-0.51399136,-0.85758227,-0.26473489,0.04163503,-0.05909597,-0.97786534,0.00000000,0.04204599,2.00000000,-0.74160933,-0.40000001,-0.40000001,-0.75917149,0.00000000,0.97568393,1.64246011,-1.79999995,-0.40000001,-0.40000001,0.20131205,0.03768240,0.12500715,0.71379834,-0.06444222,0.10896423,-0.36191502,-0.00415778,-0.13831556,0.92048973,-0.10770478,0.31063965
-1.57721138,-1.77796495,0.64543295,-0.01383621,0.00855951,-0.57003474,-0.82145947,-0.41228086,0.03378948,-0.03556601,-0.98443145,0.00000000,0.04710810,1.99477994,-0.77818376,-0.40000001,-0.40000001,-0.75314546,0.00000000,0.91592944,1.62499452,-1.79999995,-0.40000001,-0.40000001,0.19402553,0.05763851,0.03933666,0.65946525,-0.02291299,0.11118576,-0.33577177,0.00222196,-0.21517417,0.83148271,-0.09684971,0.19637425
-1.56270707,-1.77924645,0.64823502,-0.02444833,0.00206376,-0.62034684,-0.78394383,-0.54152185,0.02511472,-0.00518391,-0.95676410,0.00000000,0.05694864,1.98247278,-0.80874801,-0.40000001,-0.40000001,-0.76364958,0.00000000,0.86175764,1.61954784,-1.79999995,-0.40000001,-0.40000001,0.18740101,0.07255621,-0.04004111,0.62488556,0.01014799,0.11333303,-0.29474232,0.00045883,-0.28403306,0.75453317,-0.08072793,0.08883513
-1.54906321,-1.77930164,0.64842337,-0.03580989,0.00063636,-0.65886682,-0.75140649,-0.62863719,0.02724469,0.03044694,-0.89944881,0.00000000,0.05164119,1.96726274,-0.82384682,-0.40000001,-0.40000001,-0.78345674,0.00000000,0.80515063,1.62129331,-1.79999995,-0.40000001,-0.40000001,0.19123092,0.08283345,-0.10702895,0.62823719,0.03699174,0.11602382,-0.24294642,-0.00643114,-0.34656003,0.69970965,-0.06966652,-0.00204738
-1.53735840,-1.77819467,0.64578593,-0.04770776,0.00470660,-0.68115485,-0.73056829,-0.65871304,0.04054020,0.07767674,-0.81838000,0.00000000,0.00595778,1.96695518,-0.81655955,-0.40000001,-0.40000001,-0.81235629,0.00000000,0.73908532,1.62461519,-1.79999995,-0.40000001,-0.40000001,0.21691450,0.08746153,-0.15664567,0.68236667,0.06647673,0.11593626,-0.18280765,-0.01578217,-0.40642786,0.67134768,-0.07623608,-0.07466885
-1.52819932,-1.77654707,0.64008963,-0.06094920,0.01334111,-0.68347162,-0.72730583,-0.61421287,0.07037430,0.13794732,-0.72022963,0.00000000,-0.07823505,1.96695518,-0.79866016,-0.40000001,-0.40000001,-0.83601922,0.00000000,0.68654710,1.63444316,-1.79999995,-0.40000001,-0.40000001,0.27282330,0.08446475,-0.18069226,0.79403621,0.09411928,0.11164610,-0.12180515,-0.02165037,-0.45342973,0.67308134,-0.11317975,-0.11748165
-1.52136767,-1.77410448,0.63454562,-0.07352903,0.02204460,-0.66605771,-0.74193978,-0.50715762,0.10657415,0.20589784,-0.62555629,0.00000000,-0.20382333,1.97217524,-0.77656138,-0.40000001,-0.40000001,-0.86534303,0.00000000,0.63868058,1.63850296,-1.79999995,-0.40000001,-0.40000001,0.34575215,0.08107483,-0.17897940,0.93010020,0.11260150,0.11069590,-0.05832741,-0.03204734,-0.46260691,0.66692454,-0.17415808,-0.14247623
-1.51630771,-1.77080441,0.62964487,-0.08464868,0.03454286,-0.63374567,-0.76811975,-0.34969851,0.14396136,0.28383261,-0.52916068,0.00000000,-0.34774652,1.98448241,-0.76157445,-0.40000001,-0.40000001,-0.89708823,0.00000000,0.61120683,1.63194013,-1.79999995,-0.40000001,-0.40000001,0.42166460,0.08136375,-0.17347534,1.07230020,0.11505582,0.10822493,0.00904005,-0.04747877,-0.44978064,0.65529126,-0.23578024,-0.16358195
-1.51248527,-1.76603663,0.62593126,-0.09083323,0.04697465,-0.59004891,-0.80086523,-0.16023548,0.16911092,0.35349023,-0.42752236,0.00000000,-0.49534032,1.99969244,-0.74923927,-0.40000001,-0.40000001,-0.92525154,0.00000000,0.62291294,1.61154878,-1.79999995,-0.40000001,-0.40000001,0.48649034,0.09132200,-0.17138244,1.18096709,0.08909716,0.09031533,0.06987260,-0.06764633,-0.41266006,0.63629556,-0.28761077,-0.18011895
-1.50889599,-1.75988877,0.62404054,-0.09026867,0.05610954,-0.54061002,-0.83453232,0.04648579,0.18010350,0.40447155,-0.32815722,0.00000000,-0.62587452,2.00000000,-0.74494314,-0.40000001,-0.40000001,-0.95057076,0.00000000,0.68312567,1.58113754,-1.79999995,-0.40000001,-0.40000001,0.52659464,0.11039650,-0.17497233,1.21950352,0.01656874,0.06400225,0.11388388,-0.08904596,-0.35924670,0.61230397,-0.31684136,-0.19416055
-1.50447643,-1.75222778,0.62428004,-0.08163194,0.06014058,-0.49201015,-0.86466485,0.24738169,0.17379497,0.43477187,-0.24189171,0.00000000,-0.73946685,2.00000000,-0.74427408,-0.40000001,-0.40000001,-0.98531389,0.00000000,0.76944774,1.54097342,-1.79999995,-0.40000001,-0.40000001,0.53682339,0.13561562,-0.18092597,1.16796994,-0.08795775,0.04303840,0.14004768,-0.11515134,-0.29773760,0.57870442,-0.31646350,-0.20722501
-1.49814689,-1.74377871,0.62384212,-0.06807122,0.06224031,-0.45057657,-0.88796014,0.43354926,0.16462699,0.44999999,-0.16282627,0.00000000,-0.82722735,2.00000000,-0.74463373,-0.40000001,-0.40000001,-1.01318705,0.00000000,0.89158607,1.50084817,-1.79999995,-0.40000001,-0.40000001,0.52541190,0.16279654,-0.18555637,1.05060458,-0.19741736,0.01782487,0.15106907,-0.14157435,-0.24813448,0.55778015,-0.29947156,-0.22055551
-1.48939168,-1.73443353,0.62270188,-0.05166668,0.06034906,-0.41814569,-0.90489930,0.59004086,0.15640688,0.44870397,-0.10583813,0.00000000,-0.90084177,2.00000000,-0.73644263,-0.40000001,-0.40000001,-1.02849412,0.00000000,1.02115273,1.45911324,-1.79999995,-0.40000001,-0.40000001,0.49687058,0.18558413,-0.17016014,0.88791895,-0.28961638,-0.02751480,0.14823794,-0.16320007,-0.21139427,0.54872143,-0.27527472,-0.23116405
-1.47802734,-1.72522426,0.62058443,-0.03594939,0.05638951,-0.39624503,-0.91570616,0.70675617,0.15212950,0.44418997,-0.08350307,0.00000000,-0.96068764,2.00000000,-0.72664368,-0.40000001,-0.40000001,-1.03172541,0.00000000,1.13582373,1.41928983,-1.79999995,-0.40000001,-0.40000001,0.46159011,0.19659957,-0.12723355,0.73115528,-0.35558295,-0.05699351,0.13731204,-0.18068774,-0.19079304,0.55454320,-0.24837779,-0.23874378
-1.46449065,-1.71635628,0.61748290,-0.02282341,0.05140804,-0.38496470,-0.92121577,0.77933663,0.15459318,0.43704471,-0.09500024,0.00000000,-1.01283669,2.00000000,-0.71905273,-0.40000001,-0.40000001,-1.01384103,0.00000000,1.22358620,1.37304747,-1.79999995,-0.40000001,-0.40000001,0.42211512,0.19897652,-0.06862797,0.60756075,-0.38437855,-0.06093215,0.11982232,-0.19313338,-0.18305364,0.57771736,-0.22041903,-0.24251027
-1.44974053,-1.70744598,0.61445785,-0.01318545,0.04746028,-0.38315687,-0.92236894,0.80658394,0.16000921,0.42792141,-0.13280532,0.00000000,-1.06168842,2.00000000,-0.71012866,-0.40000001,-0.40000001,-0.97179407,0.00000000,1.27606857,1.31220722,-1.79999995,-0.40000001,-0.40000001,0.38247129,0.20000000,-0.01103164,0.52699894,-0.38080239,-0.04627331,0.09726372,-0.19973096,-0.17948447,0.61865699,-0.18704604,-0.22950715
-1.43502128,-1.69831812,0.61157197,-0.00677904,0.04741908,-0.38974065,-0.91967809,0.78776145,0.15783811,0.41791400,-0.18984760,0.00000000,-1.10023844,2.00000000,-0.70357049,-0.40000001,-0.40000001,-0.91033149,0.00000000,1.28411615,1.23558986,-1.79999995,-0.40000001,-0.40000001,0.34334192,0.20000000,0.02846217,0.49627867,-0.36047190,-0.00660391,0.06358901,-0.20000000,-0.17073479,0.68625289,-0.13507703,-0.17798316
-1.42097950,-1.68885243,0.60929024,-0.00313764,0.05144120,-0.40590346,-0.91246170,0.72065181,0.14419793,0.41413546,-0.26162630,0.00000000,-1.12181282,2.00000000,-0.69647610,-0.40000001,-0.40000001,-0.83759815,0.00000000,1.25130713,1.15192151,-1.79999995,-0.40000001,-0.40000001,0.30761549,0.20000000,0.03820950,0.50757277,-0.34097624,0.06649759,0.01518546,-0.20000000,-0.14973795,0.77992117,-0.06520221,-0.07449575
-1.40821707,-1.67798531,0.60804588,-0.00026350,0.05828982,-0.42902669,-0.90140909,0.61386424,0.11899191,0.41864946,-0.34774908,0.00000000,-1.12214983,2.00000000,-0.67931432,-0.40000001,-0.40000001,-0.75614995,0.00000000,1.19047105,1.07090235,-1.79999995,-0.40000001,-0.40000001,0.27114296,0.20000000,0.01828127,0.52963287,-0.32814822,0.14120013,-0.05545634,-0.19229053,-0.12598152,0.90409416,0.00317847,0.03771112
-1.39679694,-1.66497910,0.60821164,0.00305545,0.06656090,-0.45742780,-0.88674694,0.45402822,0.07261489,0.42579472,-0.46493956,0.00000000,-1.05076659,2.00000000,-0.62392539,-0.40000001,-0.40000001,-0.64668185,0.00000000,1.07749701,1.02455115,-1.79999995,-0.40000001,-0.40000001,0.23453365,0.20000000,-0.01892770,0.54937130,-0.32381892,0.20306903,-0.14598015,-0.15794952,-0.11346860,1.05078816,0.04354359,0.09755578
-1.38583148,-1.65031874,0.60974848,0.00642778,0.07398907,-0.49000275,-0.86855143,0.24826735,0.01175893,0.43491802,-0.59133762,0.00000000,-0.90905774,2.00000000,-0.53736436,-0.40000001,-0.40000001,-0.49001876,0.00000000,0.92029959,1.04044819,-1.79999995,-0.40000001,-0.40000001,0.18890423,0.20000000,-0.06585221,0.55884445,-0.32410640,0.24539070,-0.25291893,-0.10054481,-0.11066797,1.20230353,0.05255577,0.07234477
-1.37437761,-1.63492036,0.61234593,0.00834833,0.07847910,-0.52563953,-0.84703863,0.01814889,-0.04121660,0.44492543,-0.69902331,0.00000000,-0.73576254,2.00000000,-0.44235766,-0.40000001,-0.40000001,-0.30851388,0.00000000,0.75646585,1.09954846,-1.79999995,-0.40000001,-0.40000001,0.14336149,0.20000000,-0.11673466,0.56395006,-0.32517621,0.26389068,-0.36577123,-0.03394879,-0.11517926,1.33302867,0.01782747,-0.02035607
-1.36164272,-1.61921144,0.61583000,0.00801898,0.07979842,-0.56174922,-0.82341105,-0.22411607,-0.07653162,0.44999999,-0.77810764,0.00000000,-0.54225945,2.00000000,-0.34667206,-0.40000001,-0.40000001,-0.11454359,0.00000000,0.59210223,1.19478118,-1.79999995,-0.40000001,-0.40000001,0.09634518,0.20000000,-0.16599575,0.56220478,-0.32259586,0.26789495,-0.46987933,0.02903452,-0.12651482,1.41400278,-0.04906579,-0.16137938
-1.34732485,-1.60351181,0.61946136,0.00431608,0.07928874,-0.59497416,-0.79981273,-0.47091150,-0.08745696,0.44999999,-0.82467282,0.00000000,-0.32702509,2.00000000,-0.26559842,-0.40000001,-0.40000001,0.10291933,0.00000000,0.40959951,1.33792150,-1.79999995,-0.40000001,-0.40000001,0.04422981,0.20000000,-0.20780188,0.55391949,-0.31378335,0.26558101,-0.54791301,0.07438187,-0.12962553,1.41818035,-0.12386124,-0.28971350
-1.33174181,-1.58829534,0.62216055,-0.00017676,0.07817553,-0.61455458,-0.78499120,-0.66309351,-0.06464395,0.44999999,-0.81130511,0.00000000,-0.14953256,1.99862921,-0.24199153,-0.40000001,-0.40000001,0.33063492,0.00000000,0.22764131,1.52100885,-1.79999995,-0.40000001,-0.40000001,-0.00601674,0.19849281,-0.22477247,0.54744107,-0.30677074,0.25950956,-0.59020698,0.07124588,-0.11236867,1.32550716,-0.17819667,-0.34957993
-1.31593990,-1.57334507,0.62200850,-0.00571373,0.07502302,-0.62273484,-0.77880692,-0.79661125,-0.01489374,0.44999999,-0.76928717,0.00000000,-0.01758628,1.98616326,-0.25830662,-0.40000001,-0.40000001,0.50231624,0.00000000,0.06531142,1.67353344,-1.78360569,-0.40000001,-0.40000001,-0.04006506,0.19849281,-0.22454204,0.55943274,-0.30761409,0.25259963,-0.59982532,0.03287632,-0.09027192,1.14907026,-0.21749704,-0.32760781
-1.30033064,-1.55728579,0.61947316,-0.01049100,0.07109199,-0.62087327,-0.78061026,-0.88571227,0.03986635,0.44999999,-0.72180152,0.00000000,0.09543325,1.95884860,-0.28942454,-0.40000001,-0.40000001,0.62248445,0.00000000,-0.09028516,1.80520761,-1.74911976,-0.40000001,-0.40000001,-0.06617390,0.19849281,-0.20492068,0.58268332,-0.31629887,0.24687895,-0.57771617,-0.02805814,-0.07379742,0.91964173,-0.23917295,-0.26003310
-1.28559756,-1.53992522,0.61566240,-0.01288158,0.06753638,-0.61204618,-0.78782761,-0.93528587,0.08828488,0.44999999,-0.67027414,0.00000000,0.18542521,1.91893208,-0.32437289,-0.40000001,-0.40000001,0.69710994,0.00000000,-0.22629666,1.91715193,-1.70022702,-0.40000001,-0.40000001,-0.08784120,0.19849281,-0.17160541,0.61186689,-0.32765287,0.24483922,-0.53694737,-0.09051601,-0.06509948,0.69160050,-0.24322756,-0.19404255
-1.27153945,-1.52123868,0.61095130,-0.01264965,0.06415767,-0.59680820,-0.79971480,-0.94559473,0.11932707,0.44868168,-0.61583269,0.00000000,0.24547547,1.86866951,-0.35024208,-0.40000001,-0.40000001,0.70792109,0.00000000,-0.31648728,1.98841155,-1.63487864,-0.40000001,-0.40000001,-0.10027289,0.19815110,-0.12534644,0.65101027,-0.33504421,0.24616432,-0.49007452,-0.14357284,-0.07509422,0.50715441,-0.23146465,-0.15571642
-1.25729704,-1.50094664,0.60650212,-0.01333459,0.06219975,-0.58628714,-0.80760187,-0.95221508,0.12924564,0.44398159,-0.56867087,0.00000000,0.29595470,1.80893993,-0.33871114,-0.40000001,-0.40000001,0.63776481,0.00000000,-0.33862376,2.00000000,-1.54256022,-0.39278424,-0.40000001,-0.09966177,0.19441850,-0.09130666,0.71104968,-0.31693819,0.23592889,-0.44739279,-0.17477785,-0.10084882,0.39685133,-0.21039769,-0.14646073
-1.24226141,-1.47917306,0.60272998,-0.01461648,0.06640097,-0.57981622,-0.81190544,-0.95540208,0.12159522,0.44034758,-0.52276671,0.00000000,0.34624454,1.74971581,-0.29019132,-0.40000001,-0.40000001,0.53150380,0.00000000,-0.30845639,2.00000000,-1.43460691,-0.36609560,-0.40000001,-0.08257786,0.17968647,-0.07404083,0.80475813,-0.26361373,0.18393928,-0.40657511,-0.19381301,-0.13131410,0.37188849,-0.19385143,-0.15727517
-1.22643840,-1.45687306,0.59874970,-0.01945928,0.07703848,-0.57788885,-0.81223822,-0.94419122,0.10776916,0.44034758,-0.47686911,0.00000000,0.39031211,1.69717383,-0.20303281,-0.40000001,-0.40000001,0.40886426,0.00000000,-0.25487980,2.00000000,-1.30218554,-0.30689153,-0.40000001,-0.04075346,0.15806428,-0.08164509,0.94141853,-0.18324843,0.08440880,-0.36873266,-0.19469440,-0.17339288,0.42502826,-0.19805089,-0.18579850
-1.20919991,-1.43435001,0.59223247,-0.02930699,0.09235922,-0.57216519,-0.81439418,-0.83807856,0.08002853,0.44034758,-0.32347435,0.00000000,0.30910268,1.72775793,-0.09877926,-0.40000001,-0.40000001,0.22537641,0.00000000,-0.13112485,2.00000000,-1.07213342,-0.14689153,-0.40000001,0.03183841,0.11947212,-0.09010945,1.12245047,-0.10731290,-0.02900455,-0.33336154,-0.18323292,-0.22456691,0.52991301,-0.23556365,-0.21942349
-1.19070494,-1.41172743,0.58796525,-0.04314505,0.10440105,-0.55952466,-0.82107919,-0.64929605,0.05029558,0.44166592,-0.14336832,0.00000000,0.14269954,1.77802050,-0.02339555,-0.40000001,-0.40000001,-0.01679310,0.00000000,0.05892492,1.98853624,-0.80897373,0.01310847,-0.40000001,0.12948811,0.07130588,-0.09673339,1.30438447,-0.04445911,-0.11705532,-0.29390720,-0.16924171,-0.25254440,0.62803477,-0.28308165,-0.24620555
-1.17227685,-1.38982105,0.58420515,-0.06072833,0.11646843,-0.54208195,-0.82999659,-0.41752690,0.02491815,0.44636601,0.04629009,0.00000000,-0.06044063,1.83912075,0.00528214,-0.40000001,-0.40000001,-0.25228640,0.00000000,0.24990423,1.97291064,-0.56834418,0.16589272,-0.40000001,0.24078929,0.02257627,-0.10931856,1.47120988,-0.01147419,-0.16600525,-0.24340932,-0.15256709,-0.26895058,0.71856165,-0.33794367,-0.26052096
-1.15434277,-1.36894894,0.58147895,-0.08160087,0.12652768,-0.52090424,-0.84023261,-0.16117942,0.00941054,0.44999999,0.22692008,0.00000000,-0.27727073,1.91081083,-0.00883310,-0.40000001,-0.40000001,-0.46011698,0.00000000,0.42072436,1.95888352,-0.36467832,0.29920408,-0.40000001,0.34946346,-0.01812015,-0.11806685,1.58928728,-0.01896976,-0.15700346,-0.18257299,-0.13274209,-0.27981707,0.79230022,-0.38439026,-0.26562887
-1.13765454,-1.34878159,0.58078218,-0.10117073,0.13213706,-0.49580720,-0.85233766,0.10576838,0.00349467,0.44999999,0.37740180,0.00000000,-0.49275792,1.99066746,-0.06699435,-0.40000001,-0.40000001,-0.63696498,0.00000000,0.58157921,1.94676387,-0.21743341,0.40000001,-0.40000001,0.44777864,-0.05086659,-0.11467231,1.63329256,-0.06230967,-0.08461358,-0.11406901,-0.11593127,-0.28303850,0.83607686,-0.41000000,-0.26721233
-1.12284625,-1.32903504,0.58361226,-0.11572099,0.13196620,-0.47518751,-0.86220092,0.29339424,0.02263308,0.44999999,0.36878356,0.00000000,-0.57386583,2.00000000,-0.15100954,-0.40000001,-0.40000001,-0.73637086,0.00000000,0.66597652,1.93773782,-0.19688244,0.40000001,-0.40000001,0.52979314,-0.06493972,-0.11513273,1.58818316,-0.11465361,0.01058798,-0.03864377,-0.10715385,-0.28594896,0.83762944,-0.41000000,-0.26438043
-1.10998094,-1.30953813,0.58478296,-0.12327427,0.13263717,-0.46575117,-0.86619091,0.39396340,0.06049779,0.44278005,0.26424056,0.00000000,-0.55192828,2.00000000,-0.21683644,-0.40000001,-0.40000001,-0.75488544,0.00000000,0.65545666,1.94649184,-0.24173933,0.40000001,-0.40000001,0.59314746,-0.06527723,-0.12187038,1.48248231,-0.17510599,0.07890253,0.03398308,-0.10424411,-0.30827975,0.83137977,-0.41000000,-0.25871804
-1.09843314,-1.28954399,0.58511329,-0.12213176,0.12923287,-0.46353945,-0.86805177,0.43876991,0.10660536,0.42151606,0.08637609,0.00000000,-0.48206946,2.00000000,-0.25952950,-0.40000001,-0.40000001,-0.75052232,0.00000000,0.59508467,1.96211743,-0.31491861,0.40000001,-0.40000001,0.63651252,-0.05258763,-0.12565465,1.31952178,-0.23410198,0.10462269,0.09011963,-0.10818653,-0.33400729,0.81751144,-0.41000000,-0.24899578
-1.08853400,-1.26912713,0.58465582,-0.11339036,0.12223496,-0.46430016,-0.86984289,0.44916227,0.14990681,0.38735533,-0.13092744,0.00000000,-0.39878425,2.00000000,-0.29693913,-0.40000001,-0.40000001,-0.74756008,0.00000000,0.50502098,1.97614455,-0.41690716,0.40000001,-0.40000001,0.66189086,-0.03066040,-0.13048622,1.13333857,-0.27871338,0.08843612,0.12338898,-0.11433375,-0.35590720,0.80754000,-0.41000000,-0.23423997
-1.08002865,-1.24868298,0.58310896,-0.10158823,0.11443855,-0.46658266,-0.87113965,0.43183023,0.18423840,0.34903300,-0.36198202,0.00000000,-0.31853494,2.00000000,-0.33476561,-0.40000001,-0.40000001,-0.74839014,0.00000000,0.39562675,1.98826420,-0.54241312,0.40000001,-0.40000001,0.66913378,-0.00329017,-0.13468817,0.96858335,-0.30165502,0.05926710,0.12675111,-0.11391144,-0.36758468,0.82577187,-0.41000000,-0.21717635
-1.07280457,-1.22851586,0.57976842,-0.09316922,0.11048184,-0.46788681,-0.87189174,0.40058902,0.20898132,0.32075551,-0.58283073,0.00000000,-0.25107253,2.00000000,-0.37761348,-0.40000001,-0.40000001,-0.74731767,0.00000000,0.27880436,1.99729025,-0.68766707,0.40000001,-0.40000001,0.65554357,0.02707824,-0.13650455,0.85403156,-0.30770025,0.03225510,0.09638444,-0.09609472,-0.35471180,0.89815515,-0.39887565,-0.18505134
-1.06591213,-1.20870709,0.57454920,-0.09259500,0.11629352,-0.46580610,-0.87231112,0.37612027,0.22078824,0.32019246,-0.76543736,0.00000000,-0.20526429,2.00000000,-0.43027425,-0.40000001,-0.40000001,-0.74353015,0.00000000,0.18013382,2.00000000,-0.85229045,0.40000001,-0.40000001,0.62164891,0.04994556,-0.13435243,0.81075644,-0.30283898,0.01398142,0.04143410,-0.06017743,-0.30907103,1.02987051,-0.35526580,-0.10912827
-1.05847669,-1.18969822,0.56812894,-0.09769106,0.13147384,-0.46275464,-0.87122285,0.36140782,0.22555164,0.34145644,-0.89761156,0.00000000,-0.18423317,2.00000000,-0.48292363,-0.40000001,-0.40000001,-0.74053818,0.00000000,0.12319075,1.99172223,-1.01939607,0.39025947,-0.40000001,0.58010054,0.05571812,-0.12899944,0.83940279,-0.29888427,0.01744233,-0.02954427,-0.01133439,-0.24543945,1.20042408,-0.29914477,-0.00401890
-1.05025280,-1.17153764,0.55962294,-0.10586493,0.15246233,-0.46080127,-0.86787671,0.35335907,0.22594978,0.37561718,-0.96945459,0.00000000,-0.17131951,2.00000000,-0.52744472,-0.40000001,-0.40000001,-0.75293452,0.00000000,0.16790749,1.94792747,-1.23698163,0.27958277,-0.40000001,0.54704767,0.04710635,-0.12332251,0.92538339,-0.31563282,0.04870721,-0.12198766,0.05142438,-0.16707814,1.39114559,-0.25955537,0.09103134
-1.04000509,-1.15409422,0.55226123,-0.11149860,0.17731084,-0.45952025,-0.86311650,0.34667420,0.22995599,0.41393951,-0.99452132,0.00000000,-0.16271129,2.00000000,-0.55275953,-0.40000001,-0.40000001,-0.77909052,0.00000000,0.28095323,1.89012301,-1.42562771,0.11958276,-0.40000001,0.51494205,0.02071729,-0.12133628,1.02207172,-0.34029245,0.07322197,-0.21173823,0.12431600,-0.09717487,1.55219924,-0.22182326,0.16761714
-1.02708077,-1.13774765,0.54660320,-0.11268514,0.20123965,-0.46107623,-0.85686255,0.33745950,0.23105361,0.44221699,-0.97547168,0.00000000,-0.15843591,2.00000000,-0.55960244,-0.40000001,-0.40000001,-0.80673373,0.00000000,0.41742867,1.82682347,-1.57986975,-0.04041725,-0.40000001,0.48811713,-0.01592033,-0.12871182,1.11208785,-0.36856079,0.08198041,-0.28782827,0.19342226,-0.04367600,1.65189457,-0.19152771,0.21070020
-1.01175857,-1.12399268,0.54364967,-0.10892504,0.21919388,-0.46761039,-0.84937030,0.32030237,0.23132464,0.44999999,-0.92246246,0.00000000,-0.16363922,2.00000000,-0.54671508,-0.40000001,-0.40000001,-0.83753729,0.00000000,0.56105614,1.75645721,-1.69889748,-0.20041725,-0.40000001,0.46867400,-0.05348514,-0.15138793,1.17965627,-0.39340711,0.07662991,-0.34315422,0.25398120,-0.01859596,1.67718422,-0.18615933,0.18237017
-0.99485630,-1.11319792,0.54372370,-0.10386200,0.23096590,-0.47795200,-0.84108818,0.29571822,0.23167893,0.44999999,-0.85803097,0.00000000,-0.17506428,2.00000000,-0.52669752,-0.40000001,-0.40000001,-0.86882669,0.00000000,0.69496256,1.68770850,-1.79156065,-0.35067672,-0.40000001,0.44704372,-0.08556487,-0.18254122,1.21747768,-0.41000000,0.05859070,-0.37357575,0.30774650,-0.01256491,1.63856983,-0.18957627,0.10758999
-0.97623509,-1.10506761,0.54811627,-0.09872524,0.23849311,-0.49116391,-0.83194494,0.25889039,0.23455454,0.44999999,-0.80997288,0.00000000,-0.19794431,2.00000000,-0.50944436,-0.40000001,-0.40000001,-0.87926710,0.00000000,0.75543511,1.64726198,-1.79999995,-0.40000001,-0.40000001,0.40889108,-0.11450025,-0.21082065,1.21699989,-0.41000000,0.03143919,-0.36705056,0.35044801,-0.02721309,1.54416847,-0.17009115,0.03813997
-0.95714933,-1.09909296,0.55425948,-0.09676660,0.24116628,-0.50803494,-0.82120371,0.20574653,0.23375709,0.44999999,-0.77757800,0.00000000,-0.22370350,2.00000000,-0.50783539,-0.40000001,-0.40000001,-0.86729580,0.00000000,0.76447165,1.61092103,-1.79999995,-0.40000001,-0.40000001,0.36172694,-0.13409385,-0.23244099,1.19102001,-0.41000000,0.00084603,-0.33244869,0.37332246,-0.03932917,1.42621291,-0.13320290,-0.00634817
-0.93814749,-1.09468734,0.56178796,-0.09640853,0.24145274,-0.52584022,-0.80987531,0.13499086,0.22778855,0.44999999,-0.76703858,0.00000000,-0.24536213,2.00000000,-0.51833165,-0.40000001,-0.40000001,-0.84473336,0.00000000,0.75998449,1.57148588,-1.79999995,-0.40000001,-0.40000001,0.30617741,-0.15139994,-0.24600956,1.14590347,-0.41000000,-0.03226325,-0.26912758,0.37623027,-0.04817408,1.30231905,-0.08953653,-0.02257047
-0.92001927,-1.09088254,0.56945652,-0.09685013,0.24038389,-0.54234111,-0.79918820,0.05074208,0.21397397,0.44999999,-0.77753562,0.00000000,-0.25641450,2.00000000,-0.53837377,-0.40000001,-0.40000001,-0.80930638,0.00000000,0.74580711,1.53262556,-1.79999995,-0.40000001,-0.40000001,0.24587213,-0.16863786,-0.24967803,1.09147668,-0.41000000,-0.06466875,-0.19400826,0.36940432,-0.05159953,1.19008863,-0.04705790,-0.00443239
-0.90281272,-1.08739042,0.57621896,-0.09789599,0.23879476,-0.55642194,-0.78980255,-0.04441092,0.19221811,0.44999999,-0.80063337,0.00000000,-0.25421780,2.00000000,-0.56435996,-0.40000001,-0.40000001,-0.75737232,0.00000000,0.71842802,1.49787629,-1.79999995,-0.40000001,-0.40000001,0.18409300,-0.18778011,-0.24303864,1.03562057,-0.41000000,-0.09708267,-0.11837759,0.35830617,-0.05026650,1.09780693,-0.00053161,0.03957217
-0.88618916,-1.08451128,0.58070076,-0.10018057,0.23734052,-0.56767493,-0.78190696,-0.14517532,0.16361330,0.44999999,-0.82561111,0.00000000,-0.23979853,2.00000000,-0.59010255,-0.40000001,-0.40000001,-0.69016755,0.00000000,0.67795128,1.47236276,-1.79999995,-0.40000001,-0.40000001,0.12799592,-0.20880786,-0.23115404,0.98825258,-0.41000000,-0.12939215,-0.04925883,0.34029084,-0.03905233,1.03094292,0.04264539,0.08900345
-0.86961859,-1.08266783,0.58166647,-0.10361197,0.23665625,-0.57464647,-0.77655637,-0.25118458,0.12508735,0.44999999,-0.85119992,0.00000000,-0.20385346,2.00000000,-0.60782540,-0.40000001,-0.40000001,-0.59901994,0.00000000,0.60954452,1.47471547,-1.79999995,-0.40000001,-0.40000001,0.08653429,-0.23382537,-0.21950980,0.95986092,-0.41000000,-0.16248962,0.00721120,0.31854790,-0.01772024,0.99029988,0.06733736,0.14287192
-0.85248059,-1.08206391,0.57787979,-0.10957830,0.23505658,-0.57769394,-0.77395785,-0.37134808,0.08788793,0.44999999,-0.87456882,0.00000000,-0.13278116,2.00000000,-0.62786824,-0.40000001,-0.40000001,-0.44771162,0.00000000,0.47986019,1.55167317,-1.79999995,-0.40000001,-0.40000001,0.07035588,-0.25798681,-0.21713513,0.95743728,-0.41000000,-0.19650234,0.04965961,0.30641487,-0.00102015,0.98145479,0.03847589,0.21102236
-0.83549696,-1.08263814,0.57013780,-0.11788222,0.23328112,-0.57751292,-0.77340972,-0.48905352,0.06259109,0.44999999,-0.88501483,0.00000000,-0.05110305,1.99489605,-0.65618253,-0.40000001,-0.40000001,-0.27158675,0.00000000,0.32921097,1.66089976,-1.79999995,-0.40000001,-0.40000001,0.07567886,-0.27962476,-0.22428641,0.97824198,-0.41000000,-0.22877754,0.07938749,0.30255818,0.00984642,0.99781537,-0.02940824,0.27539188
-0.81920981,-1.08410323,0.55935591,-0.12781638,0.23135057,-0.57375401,-0.77520722,-0.59107208,0.04741314,0.44999999,-0.87881476,0.00000000,0.02950583,1.98193777,-0.68646890,-0.40000001,-0.40000001,-0.10130858,0.00000000,0.18411346,1.77267551,-1.79999995,-0.40000001,-0.40000001,0.09718090,-0.29757679,-0.23928663,1.01827848,-0.41000000,-0.25762996,0.09650374,0.30683252,0.01458592,1.03294194,-0.12734988,0.32674265
-0.80456150,-1.08599091,0.54707021,-0.13884051,0.23002566,-0.56780577,-0.77807981,-0.68028361,0.04412749,0.44999999,-0.85895383,0.00000000,0.11224363,1.96009684,-0.71571594,-0.40000001,-0.40000001,0.05780281,0.00000000,0.04895766,1.88243032,-1.79999995,-0.40000001,-0.40000001,0.12708612,-0.31084424,-0.25907058,1.07005262,-0.41000000,-0.28321567,0.10840812,0.31774127,0.01335484,1.08000708,-0.22960141,0.37205151
-0.79240215,-1.08757138,0.53471929,-0.15051755,0.22967513,-0.56184125,-0.78033853,-0.75187135,0.05599857,0.44999999,-0.82422245,0.00000000,0.18352930,1.93190849,-0.74349511,-0.40000001,-0.40000001,0.18900000,0.00000000,-0.05825322,1.97422302,-1.79999995,-0.40000001,-0.40000001,0.15663318,-0.31719092,-0.28107178,1.12513566,-0.41000000,-0.30365086,0.11618377,0.33447239,0.00499694,1.13676238,-0.32891375,0.40360391
-0.78416580,-1.08851063,0.52435833,-0.16052800,0.23056757,-0.55662888,-0.78181434,-0.79442310,0.07620289,0.44999999,-0.77586693,0.00000000,0.22740124,1.89788270,-0.75740790,-0.40000001,-0.40000001,0.25149080,0.00000000,-0.10933400,2.00000000,-1.79999995,-0.40000001,-0.40000001,0.17510568,-0.31857714,-0.29697892,1.17150772,-0.41000000,-0.32014182,0.11757441,0.35088009,-0.00130319,1.18597507,-0.38513854,0.41002420
-0.77960134,-1.08869886,0.51694626,-0.16773787,0.23050587,-0.55319697,-0.78275424,-0.82301331,0.09468615,0.44999999,-0.72926980,0.00000000,0.26589242,1.86218584,-0.74664903,-0.40000001,-0.40000001,0.27482063,0.00000000,-0.15578009,2.00000000,-1.79981375,-0.40000001,-0.40000001,0.18708125,-0.31569517,-0.30740762,1.20364273,-0.41000000,-0.33591455,0.12105186,0.36456719,-0.00543001,1.21685338,-0.40871125,0.41265118
-0.77848053,-1.08763993,0.51295626,-0.17198327,0.22925849,-0.55330056,-0.78212583,-0.84058368,0.11042042,0.44999999,-0.68637007,0.00000000,0.30097902,1.82879806,-0.71813148,-0.40000001,-0.40000001,0.27611679,0.00000000,-0.21278185,2.00000000,-1.79916763,-0.40000001,-0.40000001,0.19700935,-0.30913049,-0.31540245,1.22157991,-0.41000000,-0.34911150,0.12907407,0.37485343,-0.00791477,1.23126602,-0.41000000,0.41793600
-0.77997142,-1.08536732,0.51255649,-0.17268530,0.22559123,-0.55665112,-0.78065866,-0.83954173,0.11565545,0.44999999,-0.64328456,0.00000000,0.32403249,1.80100536,-0.67564094,-0.40000001,-0.40000001,0.24854262,0.00000000,-0.27980047,2.00000000,-1.79808307,-0.40000001,-0.40000001,0.20798847,-0.30004781,-0.32199037,1.22400200,-0.41000000,-0.35883602,0.13862585,0.38407254,-0.01492874,1.22932553,-0.41000000,0.42482916
-0.78336447,-1.08214307,0.51595360,-0.16867451,0.21591233,-0.56399405,-0.77900040,-0.78412026,0.10289412,0.44999999,-0.55875945,0.00000000,0.28164166,1.81863141,-0.60119814,-0.40000001,-0.40000001,0.15819117,0.00000000,-0.30763087,2.00000000,-1.78457797,-0.40000001,-0.40000001,0.23352596,-0.28508386,-0.33692864,1.20920169,-0.41000000,-0.36504602,0.14379972,0.39827415,-0.03128956,1.20669150,-0.41000000,0.43087393
-0.78687465,-1.07795489,0.52327472,-0.15974309,0.20366672,-0.57423443,-0.77669609,-0.65097535,0.07273994,0.44999999,-0.41366342,0.00000000,0.12532254,1.85265708,-0.56251037,-0.40000001,-0.40000001,-0.01523125,0.00000000,-0.23083316,2.00000000,-1.76721013,-0.40000001,-0.40000001,0.26264924,-0.27181256,-0.35792848,1.17664075,-0.41000000,-0.37008175,0.14634922,0.40540293,-0.05235358,1.16869962,-0.41000000,0.43479067
-0.78985536,-1.07317483,0.53382879,-0.14745925,0.19267383,-0.58578283,-0.77329880,-0.45256552,0.03999120,0.44999999,-0.20167446,0.00000000,-0.11790469,1.89345789,-0.62842232,-0.40000001,-0.40000001,-0.26920345,0.00000000,-0.03345513,1.95314467,-1.76739633,-0.40000001,-0.40000001,0.28603095,-0.26549143,-0.38059083,1.13065684,-0.41000000,-0.37546635,0.13917291,0.40213278,-0.06852958,1.12712204,-0.37968144,0.43212929
-0.79124177,-1.06877923,0.54657376,-0.13470751,0.18280002,-0.59848517,-0.76827961,-0.24286461,0.01546565,0.44999999,0.02670544,0.00000000,-0.36554530,1.93980396,-0.73885494,-0.39705235,-0.40000001,-0.52853298,0.00000000,0.20700525,1.89601576,-1.76804233,-0.40000001,-0.40000001,0.30339944,-0.26207337,-0.40660506,1.07458401,-0.40546715,-0.38287413,0.12412953,0.39154932,-0.07610467,1.08877623,-0.32655600,0.42892483
-0.79084176,-1.06544197,0.56000251,-0.12318770,0.17483634,-0.61128366,-0.76196414,-0.03215314,0.00402226,0.44999999,0.25367987,0.00000000,-0.60200620,1.98943758,-0.87195700,-0.39067248,-0.40000001,-0.76528430,0.00000000,0.47387275,1.83647811,-1.76912701,-0.40000001,-0.40000001,0.31592888,-0.26226836,-0.43559024,1.01451361,-0.38936377,-0.40074208,0.10605217,0.37642327,-0.07640574,1.05916178,-0.27065310,0.42609328
-0.78889412,-1.06348372,0.57203937,-0.11445067,0.17117776,-0.62202966,-0.75543255,0.14629334,0.01513712,0.44999999,0.43539700,0.00000000,-0.76954079,2.00000000,-1.04468310,-0.38075161,-0.40000001,-0.93631464,0.00000000,0.71963727,1.77760112,-1.78263211,-0.40000001,-0.40000001,0.31928161,-0.27377486,-0.45032981,0.95791501,-0.36329991,-0.43205678,0.08849826,0.35901335,-0.07105836,1.04236591,-0.22116922,0.42375603
-0.78570336,-1.06290650,0.58147907,-0.10973952,0.16843395,-0.63182938,-0.74858463,0.26930615,0.05085094,0.44999999,0.54940051,0.00000000,-0.81972313,2.00000000,-1.19021153,-0.36659434,-0.40000001,-1.01525950,0.00000000,0.88688350,1.72021067,-1.79999995,-0.40000001,-0.40000001,0.33069432,-0.29388013,-0.44100869,0.91613644,-0.32867301,-0.44559410,0.07039440,0.35363364,-0.06719744,1.03534544,-0.17328326,0.41793177
-0.78186071,-1.06296360,0.58665490,-0.10863180,0.16522928,-0.64173746,-0.74099356,0.34403348,0.09528260,0.44999999,0.59028965,0.00000000,-0.78004301,2.00000000,-1.24270093,-0.34810030,-0.40000001,-0.99842614,0.00000000,0.96741170,1.70810390,-1.79999995,-0.40000001,-0.40000001,0.34982184,-0.30851218,-0.42586309,0.89882982,-0.29175088,-0.43528357,0.05925814,0.36236325,-0.07205952,1.03296328,-0.14800662,0.40469548
-0.77832609,-1.06317246,0.58673763,-0.10916828,0.16192704,-0.65191555,-0.73271281,0.41243386,0.13918847,0.44999999,0.60650915,0.00000000,-0.72754550,2.00000000,-1.25850308,-0.32801947,-0.40000001,-0.94841945,0.00000000,1.03166878,1.70289350,-1.79999995,-0.40000001,-0.40000001,0.37585300,-0.32278448,-0.40792859,0.89594162,-0.27378249,-0.41534624,0.05744401,0.37904283,-0.08466557,1.02696502,-0.12405565,0.38873249
-0.77487284,-1.06365764,0.58176982,-0.11070811,0.15973057,-0.65822822,-0.72730011,0.48417336,0.17642015,0.44999999,0.61022782,0.00000000,-0.67421758,2.00000000,-1.25677359,-0.30894712,-0.40000001,-0.88090420,0.00000000,1.08735192,1.69879818,-1.79999995,-0.40000001,-0.40000001,0.40891346,-0.33913270,-0.39076009,0.91421312,-0.27986282,-0.38484222,0.06342138,0.39889267,-0.09910893,1.02295041,-0.11003483,0.37876379
-0.77162772,-1.06391907,0.57230055,-0.11446144,0.16053948,-0.65911561,-0.72573566,0.55979306,0.20233469,0.44999999,0.60587871,0.00000000,-0.62205958,2.00000000,-1.24182439,-0.29209951,-0.40000001,-0.79895341,0.00000000,1.13309717,1.69315195,-1.79999995,-0.40000001,-0.40000001,0.44274598,-0.35439789,-0.38261312,0.96035975,-0.30592671,-0.34421000,0.07614267,0.41958693,-0.11066756,1.02621531,-0.11016674,0.37884992
-0.76927054,-1.06377697,0.55915588,-0.11997046,0.16405702,-0.65522361,-0.72758120,0.63380426,0.21469757,0.44999999,0.59843028,0.00000000,-0.57641721,2.00000000,-1.21649849,-0.27959824,-0.40000001,-0.71591085,0.00000000,1.16743815,1.68344462,-1.79999995,-0.40000001,-0.40000001,0.47282523,-0.36371109,-0.39657527,1.02413332,-0.34055358,-0.32224748,0.09236915,0.43927875,-0.11611248,1.03961360,-0.13548103,0.39013866
-0.76677918,-1.06408799,0.54414600,-0.12719463,0.16853976,-0.64694971,-0.73271543,0.70235461,0.21510619,0.44999999,0.59076309,0.00000000,-0.54237300,2.00000000,-1.18553972,-0.27085450,-0.40000001,-0.64288896,0.00000000,1.19193637,1.67196834,-1.79999995,-0.40000001,-0.40000001,0.50289112,-0.37449276,-0.41849190,1.09087431,-0.37747571,-0.32379544,0.10817869,0.45931873,-0.11822216,1.06380701,-0.19107625,0.41510925
-0.76397812,-1.06510937,0.52933961,-0.13578860,0.17447624,-0.63475978,-0.74040496,0.76151413,0.20398806,0.44999999,0.58207345,0.00000000,-0.52260256,2.00000000,-1.15523982,-0.26385483,-0.40000001,-0.58487248,0.00000000,1.20654452,1.65877056,-1.79999995,-0.40000001,-0.40000001,0.52918911,-0.38429412,-0.44319090,1.16360378,-0.39997694,-0.33467788,0.12265788,0.47871804,-0.11722299,1.09943295,-0.26815265,0.44352171
-0.76133072,-1.06596231,0.51633668,-0.14477488,0.18132286,-0.62414706,-0.74605811,0.80162680,0.18730643,0.44999999,0.57237720,0.00000000,-0.51894981,2.00000000,-1.13161063,-0.25489566,-0.40000001,-0.54281509,0.00000000,1.21493924,1.63922501,-1.79999995,-0.40000001,-0.40000001,0.54614317,-0.39074445,-0.46665186,1.22913778,-0.41000000,-0.34790146,0.13252357,0.49675784,-0.11581831,1.13894832,-0.33807635,0.46670452
-0.75836188,-1.06725681,0.50639671,-0.15209414,0.18793190,-0.61670226,-0.74915105,0.82004559,0.16859609,0.44999999,0.55927414,0.00000000,-0.53613722,2.00000000,-1.11671984,-0.24275133,-0.40000001,-0.51495123,0.00000000,1.21320045,1.60986185,-1.79999995,-0.40000001,-0.40000001,0.55302161,-0.39603060,-0.48655248,1.27444041,-0.41000000,-0.36165664,0.13588281,0.50904274,-0.11397433,1.17472506,-0.38742834,0.48145503
-0.75493699,-1.06917989,0.50087231,-0.15664494,0.19342269,-0.61187649,-0.75077105,0.81931937,0.15234563,0.44999999,0.53675491,0.00000000,-0.57509065,2.00000000,-1.11297464,-0.22684890,-0.40000001,-0.48981726,0.00000000,1.19967961,1.56843376,-1.79999995,-0.40000001,-0.40000001,0.54956043,-0.40282595,-0.49823338,1.29446924,-0.41000000,-0.37534785,0.13548593,0.51167333,-0.11231559,1.19821966,-0.41000000,0.48920929
-0.75115132,-1.07145953,0.50060081,-0.15788734,0.19667672,-0.61036581,-0.75089508,0.79969895,0.14515036,0.44999999,0.49959493,0.00000000,-0.62593901,2.00000000,-1.12031114,-0.20927703,-0.40000001,-0.45909372,0.00000000,1.17914104,1.51369917,-1.79999995,-0.40000001,-0.40000001,0.53940183,-0.41184342,-0.50018084,1.28645015,-0.41000000,-0.38738239,0.13083425,0.50497139,-0.11160593,1.20761931,-0.41000000,0.49111545
-0.74665970,-1.07398105,0.50567859,-0.15568528,0.19581753,-0.61226314,-0.75003427,0.76194751,0.15197976,0.44999999,0.44514856,0.00000000,-0.67644536,2.00000000,-1.13456357,-0.19664878,-0.40000001,-0.42057690,0.00000000,1.15403330,1.44426847,-1.79999995,-0.40000001,-0.40000001,0.52319759,-0.42146885,-0.48925009,1.24798822,-0.41000000,-0.39637619,0.11873487,0.49229249,-0.11491724,1.20252597,-0.41000000,0.48445299
-0.74136764,-1.07737374,0.51566625,-0.15046296,0.19087505,-0.61711770,-0.74839383,0.70615566,0.16859986,0.44999999,0.37485617,0.00000000,-0.71683758,2.00000000,-1.14756739,-0.19094303,-0.40000001,-0.37304348,0.00000000,1.12725568,1.36368454,-1.79999995,-0.40000001,-0.40000001,0.50309700,-0.43070111,-0.46721053,1.18027127,-0.40104166,-0.40119761,0.09822919,0.47454834,-0.12054634,1.18205273,-0.40968034,0.46742246
-0.73557019,-1.08206844,0.53065884,-0.14272995,0.18227868,-0.62446541,-0.74595284,0.62843323,0.19201632,0.44999999,0.28286782,0.00000000,-0.73342967,2.00000000,-1.14910769,-0.19698893,-0.40000001,-0.31796193,0.00000000,1.10032785,1.27769554,-1.79999995,-0.40000001,-0.40000001,0.47797716,-0.43863106,-0.43200868,1.08382630,-0.36311820,-0.39995739,0.07403923,0.44983107,-0.12756193,1.14259303,-0.38574672,0.43667006
-0.72990191,-1.08822954,0.54841775,-0.13318703,0.17084593,-0.63456410,-0.74189037,0.52221990,0.21623679,0.44999999,0.16315232,0.00000000,-0.71326560,2.00000000,-1.12644315,-0.22078349,-0.40000001,-0.25759831,0.00000000,1.06471753,1.19900894,-1.79999995,-0.40000001,-0.40000001,0.45506600,-0.44279227,-0.38411164,0.97352612,-0.30266127,-0.39728802,0.04724455,0.42325357,-0.13981195,1.09082580,-0.34106085,0.39360797
-0.72520006,-1.09570312,0.56514084,-0.12327931,0.15746699,-0.64613742,-0.73655468,0.37712008,0.23488216,0.44999999,-0.00070355,0.00000000,-0.64640594,2.00000000,-1.05473638,-0.26559311,-0.40000001,-0.18288797,0.00000000,0.98862070,1.15200543,-1.79999995,-0.40000001,-0.40000001,0.43336916,-0.42665133,-0.35392019,0.88408327,-0.25283378,-0.39007816,0.01629019,0.40185019,-0.15883918,1.03851497,-0.29914901,0.34722722
-0.72203553,-1.10390389,0.57764322,-0.11619329,0.14308000,-0.65825051,-0.72988594,0.19336903,0.24413298,0.44999999,-0.19457060,0.00000000,-0.52770209,2.00000000,-0.95208120,-0.30824956,-0.40000001,-0.07295295,0.00000000,0.85251147,1.17451274,-1.79999995,-0.40000001,-0.40000001,0.41741532,-0.39524686,-0.32653114,0.83341062,-0.21636239,-0.36842525,-0.02280040,0.39348674,-0.18008530,1.00575984,-0.26641345,0.31212401
-0.71997094,-1.11199284,0.58472484,-0.11049255,0.12806211,-0.66645789,-0.72610289,0.00341580,0.24735267,0.44999999,-0.38827667,0.00000000,-0.38471389,2.00000000,-0.85747755,-0.34836668,-0.40000001,0.06515055,0.00000000,0.68062413,1.26380002,-1.79999995,-0.40000001,-0.40000001,0.40916896,-0.36494559,-0.28915834,0.80947334,-0.20298706,-0.34112874,-0.06931876,0.40038356,-0.21377517,0.98932326,-0.25407681,0.27595368
-0.71916920,-1.11903262,0.58559996,-0.10697474,0.11397991,-0.67035943,-0.72538495,-0.17227480,0.24152088,0.44999999,-0.55306131,0.00000000,-0.24122259,2.00000000,-0.78605074,-0.38123360,-0.40000001,0.20813723,0.00000000,0.49919188,1.39184415,-1.79999995,-0.40000001,-0.40000001,0.40740430,-0.33498314,-0.25684494,0.81503600,-0.22862197,-0.31872427,-0.11779070,0.41981331,-0.24896151,0.98766929,-0.27801040,0.24707608
-0.71894401,-1.12455475,0.58086556,-0.10777079,0.10417250,-0.67027080,-0.72682226,-0.32523847,0.22938280,0.44999999,-0.67067051,0.00000000,-0.11025745,2.00000000,-0.74253452,-0.40000001,-0.40000001,0.34242457,0.00000000,0.32835126,1.53525257,-1.79999995,-0.40000001,-0.40000001,0.40364939,-0.30669025,-0.23925193,0.84992617,-0.28468606,-0.29605499,-0.16159092,0.44656846,-0.27360332,1.00732064,-0.32269630,0.23006360
-0.71869022,-1.12788141,0.57295614,-0.11287936,0.10095691,-0.66671383,-0.72976619,-0.44165254,0.21495929,0.44999999,-0.71818447,0.00000000,-0.00587905,1.99658430,-0.74673438,-0.40000001,-0.40000001,0.45629525,0.00000000,0.20100279,1.66837418,-1.79999995,-0.40000001,-0.40000001,0.40053695,-0.29903483,-0.21038921,0.89363897,-0.33451355,-0.27714589,-0.19756463,0.47541648,-0.28341636,1.04698169,-0.36460811,0.21966568
-0.71818322,-1.12952638,0.56376880,-0.11947985,0.10472035,-0.65926313,-0.73493558,-0.51592863,0.20056538,0.44999999,-0.70517898,0.00000000,0.06300308,1.98725152,-0.78066856,-0.40000001,-0.40000001,0.52571273,0.00000000,0.13730091,1.75600433,-1.79999995,-0.40000001,-0.40000001,0.39843315,-0.30957985,-0.19017422,0.93670559,-0.37098494,-0.27458820,-0.22057469,0.49922273,-0.28232515,1.08870924,-0.39734370,0.20561048
-0.71820331,-1.12988448,0.55443007,-0.12875326,0.11404189,-0.65155911,-0.73884219,-0.57497239,0.18896602,0.44999999,-0.66371763,0.00000000,0.11964472,1.97106516,-0.80822712,-0.40000001,-0.40000001,0.55367243,0.00000000,0.11305393,1.79900157,-1.79999995,-0.40000001,-0.40000001,0.39597899,-0.32140136,-0.19049422,0.99222666,-0.39331862,-0.28211743,-0.22889829,0.51691657,-0.26137400,1.13191390,-0.41000000,0.20378986
-0.71919870,-1.12886941,0.54539806,-0.14104180,0.12746052,-0.64333147,-0.74161017,-0.63085824,0.18708892,0.44999999,-0.61873120,0.00000000,0.18243627,1.94728780,-0.81782621,-0.40000001,-0.40000001,0.55939162,0.00000000,0.10232461,1.82287419,-1.79999995,-0.40000001,-0.40000001,0.39552617,-0.33109766,-0.20139018,1.06549454,-0.40560716,-0.29189962,-0.22607936,0.53407776,-0.23013023,1.18067288,-0.41000000,0.21144757
-0.72181773,-1.12653828,0.53778374,-0.15507430,0.14220110,-0.63294959,-0.74505419,-0.67671496,0.19365743,0.44999999,-0.57684600,0.00000000,0.25295496,1.91436899,-0.81511021,-0.40000001,-0.40000001,0.55166638,0.00000000,0.09660702,1.84293187,-1.79999995,-0.40000001,-0.40000001,0.39737824,-0.33425152,-0.21845844,1.14869547,-0.39921612,-0.30647647,-0.21726665,0.55352730,-0.19651537,1.22471690,-0.41000000,0.22503832
-0.72674406,-1.12343252,0.53240889,-0.16967873,0.15580237,-0.62049532,-0.74961352,-0.70747185,0.20229448,0.44999999,-0.53789580,0.00000000,0.32778147,1.87350035,-0.80898517,-0.40000001,-0.40000001,0.53064531,0.00000000,0.09650389,1.86257517,-1.79999995,-0.40000001,-0.40000001,0.39859518,-0.32434526,-0.24234439,1.23040342,-0.36679155,-0.33181390,-0.20148750,0.57385564,-0.16215427,1.25307643,-0.41000000,0.24477760
-0.73437428,-1.11945689,0.53004485,-0.18310526,0.16678582,-0.60709226,-0.75504565,-0.72078222,0.20576389,0.44999999,-0.50333035,0.00000000,0.39721766,1.82804108,-0.80255604,-0.40000001,-0.40000001,0.49337202,0.00000000,0.10513844,1.88132739,-1.79999995,-0.40000001,-0.40000001,0.39707941,-0.29881635,-0.27401391,1.30296206,-0.31858540,-0.36942941,-0.17889498,0.59422445,-0.13066845,1.26049674,-0.41000000,0.27099273
-0.74450243,-1.11461473,0.53061044,-0.19368884,0.17370209,-0.59445137,-0.76088095,-0.71482056,0.19631255,0.44999999,-0.47268063,0.00000000,0.45244724,1.77815449,-0.79813623,-0.40000001,-0.40000001,0.42993528,0.00000000,0.13105933,1.89356732,-1.79999995,-0.40000001,-0.40000001,0.39956188,-0.27115205,-0.30638602,1.35637701,-0.26793271,-0.41142055,-0.15266573,0.61529958,-0.10660798,1.24670386,-0.41000000,0.30320042
-0.75591147,-1.10885167,0.53441149,-0.19841996,0.17588124,-0.58228070,-0.76853400,-0.66773176,0.16426089,0.44999999,-0.43199247,0.00000000,0.46107984,1.73313642,-0.79444146,-0.40000001,-0.40000001,0.30052972,0.00000000,0.22041495,1.85121334,-1.79999995,-0.40000001,-0.40000001,0.40660325,-0.26519576,-0.32311368,1.37163734,-0.21736172,-0.43284401,-0.12848228,0.63236880,-0.09223057,1.20881414,-0.41000000,0.34238788
-0.76813710,-1.10210633,0.53931117,-0.19715206,0.17556144,-0.57098734,-0.77735621,-0.57960606,0.11975584,0.44999999,-0.35729039,0.00000000,0.40482739,1.73091412,-0.79793918,-0.40000001,-0.40000001,0.12068308,0.00000000,0.37231964,1.76269317,-1.79999995,-0.40000001,-0.40000001,0.40467644,-0.28164661,-0.32336950,1.34526050,-0.17871624,-0.42535070,-0.10772382,0.64274460,-0.08468455,1.15698946,-0.41000000,0.38157153
-0.78087956,-1.09431338,0.54234111,-0.19166504,0.17553930,-0.56166154,-0.78548503,-0.48111549,0.06887412,0.44999999,-0.26807192,0.00000000,0.31737167,1.75809813,-0.80664212,-0.40000001,-0.40000001,-0.06477782,0.00000000,0.53708684,1.66968906,-1.79999995,-0.40000001,-0.40000001,0.38626134,-0.31269094,-0.31699765,1.28696156,-0.16192654,-0.40842116,-0.09157719,0.64919424,-0.08011773,1.10770845,-0.41000000,0.41622466
-0.79367137,-1.08546627,0.54189634,-0.18371241,0.17805701,-0.55379486,-0.79237407,-0.38218147,0.01673058,0.44999999,-0.17197773,0.00000000,0.21024625,1.80649602,-0.81614041,-0.40000001,-0.40000001,-0.24066941,0.00000000,0.70120347,1.57975352,-1.79999995,-0.40000001,-0.40000001,0.34915400,-0.35661453,-0.30521357,1.21555936,-0.15947226,-0.40343010,-0.08147261,0.65249985,-0.07280487,1.07055342,-0.41000000,0.44523796
-0.80607283,-1.07621121,0.53709698,-0.17597349,0.18404891,-0.54780263,-0.79691380,-0.29389617,-0.02698851,0.44999999,-0.07613515,0.00000000,0.09807403,1.87210846,-0.82901931,-0.40000001,-0.40000001,-0.39160150,0.00000000,0.85128963,1.50148928,-1.79999995,-0.40000001,-0.40000001,0.30430061,-0.40368173,-0.28801274,1.16038346,-0.18065298,-0.40147525,-0.07680552,0.65581262,-0.05885103,1.05320466,-0.41000000,0.46750164
-0.81716013,-1.06717575,0.52790445,-0.17250302,0.19329371,-0.54457879,-0.79769313,-0.24103920,-0.05122468,0.44999999,0.00515381,0.00000000,0.01395044,1.94090378,-0.84921724,-0.40000001,-0.40000001,-0.47414744,0.00000000,0.94034863,1.47985542,-1.79999995,-0.40000001,-0.40000001,0.26054201,-0.43232653,-0.28207690,1.13812351,-0.21496631,-0.41827247,-0.07147343,0.66470879,-0.03864473,1.06233311,-0.41000000,0.48120540
-0.82692373,-1.05842304,0.51537526,-0.17312595,0.20416120,-0.54414999,-0.79513925,-0.22836810,-0.06523836,0.44999999,0.04553592,0.00000000,-0.01952196,1.97604501,-0.86925888,-0.40000001,-0.40000001,-0.49924156,0.00000000,0.96857029,1.50458109,-1.79999995,-0.40000001,-0.40000001,0.22868830,-0.44421038,-0.28917140,1.15415037,-0.26188219,-0.45933691,-0.06484875,0.68119937,-0.01478376,1.09227002,-0.41000000,0.49414024
-0.83484513,-1.05066240,0.50217181,-0.17625290,0.21435227,-0.54514766,-0.79107654,-0.22855626,-0.07128210,0.44999999,0.06347562,0.00000000,-0.03207211,1.99314523,-0.88232636,-0.40000001,-0.40000001,-0.50818431,0.00000000,0.98525286,1.52992296,-1.79999995,-0.40000001,-0.40000001,0.21496040,-0.44976035,-0.29870412,1.20009875,-0.31109646,-0.49965563,-0.05657043,0.70103484,0.00874839,1.12960768,-0.41000000,0.51014662
-0.84041452,-1.04471719,0.49016032,-0.18153922,0.22204879,-0.54759997,-0.78604841,-0.23504129,-0.06903261,0.44999999,0.06730012,0.00000000,-0.03115641,1.99953938,-0.88746852,-0.40000001,-0.40000001,-0.50982583,0.00000000,1.00101542,1.54554403,-1.79999995,-0.40000001,-0.40000001,0.22295223,-0.45292249,-0.30566177,1.25756896,-0.36175689,-0.51471144,-0.04513896,0.72235960,0.02735901,1.16795468,-0.41000000,0.52819508
-0.84367746,-1.04035127,0.48119777,-0.18717638,0.22676152,-0.54970491,-0.78190070,-0.23990355,-0.06215514,0.44999999,0.06279045,0.00000000,-0.02510654,2.00000000,-0.87948245,-0.40000001,-0.40000001,-0.50794232,0.00000000,1.02424717,1.54408693,-1.79999995,-0.40000001,-0.40000001,0.23456080,-0.45063990,-0.31561628,1.30140233,-0.39122885,-0.51977307,-0.02868361,0.74004698,0.03728331,1.19846606,-0.41000000,0.54824108
-0.84564000,-1.03753531,0.47587830,-0.19050591,0.22800176,-0.55215514,-0.77900410,-0.24388449,-0.05597267,0.44999999,0.05370130,0.00000000,-0.01798324,2.00000000,-0.86417538,-0.40000001,-0.40000001,-0.50474948,0.00000000,1.05542517,1.52791107,-1.79999995,-0.40000001,-0.40000001,0.24203610,-0.44455457,-0.32495829,1.32455206,-0.40748650,-0.52202708,-0.01280661,0.75269949,0.03648227,1.21590257,-0.41000000,0.56764299
-0.84622192,-1.03674161,0.47535694,-0.19061549,0.22500443,-0.55530971,-0.77760524,-0.24897496,-0.05218307,0.44999999,0.04084846,0.00000000,-0.01421491,2.00000000,-0.84008139,-0.40000001,-0.40000001,-0.50300640,0.00000000,1.09159303,1.49764001,-1.79999995,-0.40000001,-0.40000001,0.24809937,-0.43786377,-0.32891414,1.32138050,-0.41000000,-0.52112442,-0.00048482,0.75889558,0.02317009,1.21641314,-0.41000000,0.58290035
-0.84551954,-1.03759849,0.47970957,-0.18735175,0.21800607,-0.55935091,-0.77749550,-0.25595793,-0.05198344,0.44999999,0.02592625,0.00000000,-0.01719486,2.00000000,-0.81183290,-0.40000001,-0.40000001,-0.50383282,0.00000000,1.12578773,1.45957220,-1.79999995,-0.40000001,-0.40000001,0.25432351,-0.43290368,-0.32542971,1.29261565,-0.41000000,-0.51633513,0.00723656,0.75843430,-0.00108540,1.20072615,-0.41000000,0.59197849
-0.84397024,-1.03944433,0.48810783,-0.18129817,0.20836714,-0.56373197,-0.77840889,-0.26305512,-0.05629739,0.44999999,0.01268276,0.00000000,-0.02695747,2.00000000,-0.78617656,-0.40000001,-0.40000001,-0.50683737,0.00000000,1.15294766,1.42012703,-1.79999995,-0.40000001,-0.40000001,0.25879398,-0.42899978,-0.31690836,1.24461341,-0.41000000,-0.50823855,0.01137000,0.75162488,-0.03220376,1.17155933,-0.40868205,0.59442729
-0.84205818,-1.04188359,0.49922532,-0.17381886,0.19811927,-0.56802493,-0.77966887,-0.27009392,-0.06446370,0.44999999,0.00494804,0.00000000,-0.04444492,2.00000000,-0.76669782,-0.40000001,-0.40000001,-0.51040596,0.00000000,1.16597843,1.38753080,-1.79999995,-0.40000001,-0.40000001,0.26139003,-0.42606455,-0.30478790,1.18686962,-0.41000000,-0.49601987,0.01275478,0.73910749,-0.06298789,1.13413823,-0.39730012,0.58931029
-0.84019887,-1.04498124,0.51038730,-0.16690938,0.18904072,-0.57240629,-0.78022814,-0.27631181,-0.07335588,0.44999999,0.00416222,0.00000000,-0.06865185,2.00000000,-0.75086886,-0.40000001,-0.40000001,-0.51300281,0.00000000,1.16635823,1.36322725,-1.79999995,-0.40000001,-0.40000001,0.26294529,-0.42313895,-0.29164323,1.13077414,-0.40911666,-0.48036304,0.01272634,0.72390008,-0.08921518,1.09883654,-0.38006648,0.57793999
-0.83818471,-1.04885745,0.51983613,-0.16203775,0.18203293,-0.57710588,-0.77945918,-0.28092623,-0.08049410,0.44999999,0.01035125,0.00000000,-0.09391551,2.00000000,-0.74039328,-0.40000001,-0.40000001,-0.51284891,0.00000000,1.15786588,1.34748530,-1.79999995,-0.40000001,-0.40000001,0.26558849,-0.41668847,-0.28008601,1.09242415,-0.40776247,-0.46451563,0.01120270,0.70654523,-0.10845919,1.07785034,-0.36378825,0.56245047
-0.83573782,-1.05352521,0.52597386,-0.15949520,0.17742464,-0.58109754,-0.77807933,-0.28191409,-0.08379067,0.44999999,0.01969412,0.00000000,-0.11819991,2.00000000,-0.73487610,-0.40000001,-0.40000001,-0.51101595,0.00000000,1.14363360,1.33859098,-1.79999995,-0.40000001,-0.40000001,0.27095434,-0.40762612,-0.26924083,1.08236873,-0.40659043,-0.44743568,0.00450883,0.69020343,-0.12453569,1.07542729,-0.35360134,0.54255229
-0.83290756,-1.05858707,0.52742881,-0.15837416,0.17461918,-0.58459353,-0.77632231,-0.27732661,-0.08382399,0.44999999,0.02074444,0.00000000,-0.14690579,2.00000000,-0.73442078,-0.40000001,-0.40000001,-0.51547205,0.00000000,1.12138116,1.33667529,-1.79999995,-0.40000001,-0.40000001,0.28672868,-0.40891641,-0.25368321,1.09049809,-0.40659043,-0.42627144,-0.00889465,0.68210274,-0.13774353,1.08772433,-0.35491928,0.51920116
-0.82930756,-1.06346738,0.52471417,-0.15993391,0.17433067,-0.58804256,-0.77345711,-0.26952219,-0.07993747,0.44999999,0.01714367,0.00000000,-0.16819473,2.00000000,-0.73914522,-0.40000001,-0.40000001,-0.52094936,0.00000000,1.10151446,1.33628857,-1.79999995,-0.40000001,-0.40000001,0.30352697,-0.41372302,-0.24454710,1.11194289,-0.40659043,-0.40892395,-0.02238567,0.68104005,-0.14685187,1.11786866,-0.36630121,0.49903095
-0.82500887,-1.06730878,0.51889563,-0.16366217,0.17635533,-0.59041846,-0.77040219,-0.25740206,-0.07179782,0.44999999,0.00893878,0.00000000,-0.18107601,2.00000000,-0.74812406,-0.40000001,-0.40000001,-0.52775609,0.00000000,1.08592582,1.33624208,-1.79999995,-0.40000001,-0.40000001,0.31837493,-0.42114252,-0.24154857,1.14577210,-0.40747374,-0.39774391,-0.03572722,0.68632847,-0.15177478,1.16152740,-0.38353488,0.48360083
-0.82040691,-1.06943774,0.51095486,-0.16849609,0.17983785,-0.59165716,-0.76759964,-0.24150403,-0.06005346,0.44999999,-0.00271413,0.00000000,-0.18777728,2.00000000,-0.75794834,-0.40000001,-0.40000001,-0.53496557,0.00000000,1.07572293,1.33521688,-1.79999995,-0.40000001,-0.40000001,0.33162743,-0.43379614,-0.24410920,1.18018317,-0.40882796,-0.39126649,-0.04796473,0.69884610,-0.15269448,1.20863628,-0.39981309,0.47351521
-0.81606889,-1.06968939,0.50222296,-0.17424417,0.18448344,-0.59257191,-0.76450211,-0.22425780,-0.04676349,0.44999999,-0.01406043,0.00000000,-0.18757612,2.00000000,-0.76599592,-0.40000001,-0.40000001,-0.54226923,0.00000000,1.07353711,1.33138943,-1.79999995,-0.40000001,-0.40000001,0.34156674,-0.44957572,-0.25360361,1.20660055,-0.41000000,-0.39147389,-0.05480369,0.71639192,-0.14599979,1.25452495,-0.41000000,0.47121873
-0.81229019,-1.06840098,0.49451804,-0.18112414,0.19021922,-0.59281343,-0.76130342,-0.20949917,-0.03218025,0.44999999,-0.01489511,0.00000000,-0.17445198,2.00000000,-0.76643729,-0.40000001,-0.40000001,-0.54456580,0.00000000,1.08854842,1.32000279,-1.79999995,-0.40000001,-0.40000001,0.34039518,-0.45488447,-0.27365088,1.23370206,-0.41000000,-0.40172935,-0.05451516,0.73096651,-0.13319463,1.29935694,-0.41000000,0.47714958
-0.80952978,-1.06622732,0.48809642,-0.18707038,0.19491455,-0.59230089,-0.75907356,-0.19752491,-0.01878282,0.44999999,-0.00856434,0.00000000,-0.16189308,2.00000000,-0.75778002,-0.40000001,-0.40000001,-0.54805058,0.00000000,1.11122072,1.30352175,-1.79999995,-0.40000001,-0.40000001,0.33862126,-0.45642468,-0.29099596,1.26141274,-0.41000000,-0.41480061,-0.05430485,0.74408329,-0.11986528,1.33604527,-0.41000000,0.48524958
-0.80800289,-1.06390107,0.48427477,-0.19063482,0.19710125,-0.59242135,-0.75752652,-0.19080608,-0.01072181,0.44999999,0.00440987,0.00000000,-0.15573576,2.00000000,-0.74325877,-0.40000001,-0.40000001,-0.55473757,0.00000000,1.13715053,1.28328526,-1.79999995,-0.40000001,-0.40000001,0.33782849,-0.45480418,-0.30251604,1.27978015,-0.41000000,-0.42751625,-0.05509540,0.75321144,-0.10914995,1.35859919,-0.41000000,0.49443743
-0.80757713,-1.06187367,0.48400098,-0.19117361,0.19646055,-0.59346229,-0.75674200,-0.18903618,-0.01107180,0.44999999,0.02234483,0.00000000,-0.15905257,2.00000000,-0.73235255,-0.40000001,-0.40000001,-0.56703520,0.00000000,1.16004932,1.26572704,-1.79999995,-0.40000001,-0.40000001,0.33666459,-0.45068753,-0.30667543,1.28345513,-0.41000000,-0.43751836,-0.05817655,0.75711530,-0.10383183,1.36468840,-0.41000000,0.50251353
-0.80830264,-1.06012440,0.48753679,-0.18858297,0.19327651,-0.59554839,-0.75657308,-0.19200702,-0.01942512,0.44999999,0.04162384,0.00000000,-0.17302455,2.00000000,-0.72676116,-0.40000001,-0.40000001,-0.58276230,0.00000000,1.17531812,1.25452983,-1.79999995,-0.40000001,-0.40000001,0.33601177,-0.44511890,-0.30352879,1.27227962,-0.41000000,-0.44299722,-0.06427210,0.75599813,-0.10421795,1.35466981,-0.41000000,0.50702769
-0.81000793,-1.05847883,0.49496186,-0.18334651,0.18842421,-0.59872973,-0.75657326,-0.19970220,-0.03507050,0.44999999,0.06025500,0.00000000,-0.19729283,2.00000000,-0.72760034,-0.40000001,-0.40000001,-0.59754986,0.00000000,1.17718947,1.25373185,-1.79999995,-0.40000001,-0.40000001,0.33451530,-0.43843168,-0.29473603,1.24734759,-0.41000000,-0.44306538,-0.07374343,0.75027215,-0.10904730,1.33154261,-0.40644351,0.50433004
-0.81265235,-1.05674112,0.50476122,-0.17777474,0.18357676,-0.60250074,-0.75610095,-0.21155581,-0.05331507,0.44999999,0.07729077,0.00000000,-0.22179802,2.00000000,-0.73490542,-0.40000001,-0.40000001,-0.60739684,0.00000000,1.17001677,1.25947905,-1.79999995,-0.40000001,-0.40000001,0.33397841,-0.42993343,-0.28553566,1.21867895,-0.40940973,-0.43908405,-0.08426364,0.74408793,-0.11511715,1.30279005,-0.39395493,0.49591249
-0.81591898,-1.05557001,0.51772833,-0.17059404,0.17844151,-0.60526299,-0.75677806,-0.22050402,-0.07761292,0.44999999,0.09374412,0.00000000,-0.24925043,2.00000000,-0.75270659,-0.40000001,-0.40000001,-0.61279458,0.00000000,1.14687705,1.28247404,-1.79999995,-0.40000001,-0.40000001,0.33209157,-0.41897655,-0.27744260,1.18176472,-0.38661024,-0.43158919,-0.09728774,0.73098469,-0.12247306,1.26138055,-0.35329795,0.47452259
-0.81920087,-1.05480444,0.52980673,-0.16593260,0.17448024,-0.60650045,-0.75774682,-0.22937509,-0.09675659,0.44999999,0.10756459,0.00000000,-0.26935011,2.00000000,-0.76639777,-0.40000001,-0.40000001,-0.60975575,0.00000000,1.12084508,1.30518663,-1.79999995,-0.40000001,-0.40000001,0.33436444,-0.40750429,-0.27359724,1.15451276,-0.35702673,-0.42607599,-0.10906095,0.72172242,-0.12905109,1.22404850,-0.30787385,0.45170295
-0.82240456,-1.05472636,0.53996223,-0.16205215,0.16989468,-0.60612333,-0.75992727,-0.23130892,-0.10985962,0.44999999,0.11278532,0.00000000,-0.28327259,2.00000000,-0.77602935,-0.40000001,-0.40000001,-0.60147011,0.00000000,1.09113622,1.33091807,-1.79999995,-0.40000001,-0.40000001,0.34365362,-0.39716557,-0.27176559,1.13402665,-0.32079008,-0.43198916,-0.11800393,0.71600091,-0.14099608,1.18700016,-0.26112726,0.43233091
-0.82461119,-1.05523884,0.54631162,-0.15840563,0.16498485,-0.60411668,-0.76336801,-0.22705287,-0.11756005,0.44999999,0.10315787,0.00000000,-0.28725603,2.00000000,-0.78506446,-0.40000001,-0.40000001,-0.59151345,0.00000000,1.06286037,1.35506880,-1.79999995,-0.40000001,-0.40000001,0.35978422,-0.38930792,-0.27185318,1.12240636,-0.28509039,-0.43539992,-0.12462025,0.71328360,-0.15758996,1.15587270,-0.22774346,0.41906616
-0.82564098,-1.05649269,0.54861015,-0.15360844,0.15976764,-0.60108030,-0.76784194,-0.21623926,-0.12226301,0.44999999,0.07604754,0.00000000,-0.28456718,2.00000000,-0.79655427,-0.40000001,-0.40000001,-0.58447701,0.00000000,1.03347552,1.37960875,-1.79999995,-0.40000001,-0.40000001,0.37894750,-0.38873327,-0.26905212,1.11504447,-0.26207548,-0.43257383,-0.13321367,0.71171170,-0.17820400,1.13188422,-0.21851391,0.41013011
-0.82532614,-1.05764282,0.54476207,-0.15143737,0.15652612,-0.59836185,-0.77105731,-0.20604673,-0.11585182,0.44999999,0.03365266,0.00000000,-0.26919484,2.00000000,-0.80154449,-0.40000001,-0.40000001,-0.57774705,0.00000000,1.01382399,1.39088786,-1.79999995,-0.40000001,-0.40000001,0.40146986,-0.39669037,-0.26653591,1.12382853,-0.27366331,-0.42983076,-0.13920227,0.72000736,-0.19650489,1.13054216,-0.25085378,0.41393131
-0.82403386,-1.05828655,0.53759509,-0.14961241,0.15540802,-0.59648550,-0.77309090,-0.19506006,-0.10608920,0.44999999,-0.01743807,0.00000000,-0.24895577,2.00000000,-0.80585927,-0.40000001,-0.40000001,-0.57315952,0.00000000,0.99718380,1.40054154,-1.79999995,-0.40000001,-0.40000001,0.42081732,-0.41019356,-0.26513860,1.13845968,-0.30318898,-0.42492726,-0.14253205,0.72929877,-0.21010762,1.14298427,-0.29627788,0.42121539
-0.82161981,-1.05813050,0.52795535,-0.15068652,0.15863450,-0.59511727,-0.77328146,-0.19013166,-0.09330080,0.44999999,-0.06620826,0.00000000,-0.22288498,2.00000000,-0.80745316,-0.40000001,-0.40000001,-0.56846189,0.00000000,0.98960221,1.40180230,-1.79999995,-0.40000001,-0.40000001,0.43227172,-0.42618474,-0.26895046,1.16386247,-0.33942565,-0.41093531,-0.14460100,0.74103969,-0.21216659,1.17456627,-0.34302446,0.42872503
-0.81901842,-1.05740201,0.51721233,-0.15496120,0.16507393,-0.59415978,-0.77182370,-0.18975322,-0.07676691,0.44999999,-0.10582323,0.00000000,-0.19224204,2.00000000,-0.80205804,-0.40000001,-0.40000001,-0.56472719,0.00000000,0.99241918,1.39573681,-1.79999995,-0.40000001,-0.40000001,0.43639472,-0.44258940,-0.27757347,1.19744456,-0.37512532,-0.40340960,-0.14413647,0.75559849,-0.20402662,1.21802044,-0.37996477,0.43761608
-0.81655014,-1.05616963,0.50719512,-0.16115436,0.17262907,-0.59365124,-0.76928973,-0.19499850,-0.05939965,0.44999999,-0.13091823,0.00000000,-0.16227923,2.00000000,-0.78729302,-0.40000001,-0.40000001,-0.56230342,0.00000000,1.00682867,1.38401353,-1.79999995,-0.40000001,-0.40000001,0.43507636,-0.45433018,-0.29066566,1.23242903,-0.39873049,-0.40542248,-0.14012656,0.77086216,-0.18985209,1.26381230,-0.40168288,0.44867849
-0.81497920,-1.05436540,0.49926183,-0.16699544,0.17919011,-0.59368032,-0.76651621,-0.20547338,-0.04475435,0.44999999,-0.14310820,0.00000000,-0.13382390,2.00000000,-0.76395589,-0.40000001,-0.40000001,-0.56263191,0.00000000,1.03206933,1.36767340,-1.79999995,-0.40000001,-0.40000001,0.43130571,-0.45971310,-0.30320317,1.26364148,-0.40994218,-0.41008049,-0.13485423,0.78491974,-0.17539939,1.30247617,-0.41000000,0.46193671
-0.81551832,-1.05206060,0.49480522,-0.17061214,0.18270804,-0.59398055,-0.76465440,-0.22014496,-0.03689136,0.44999999,-0.14575672,0.00000000,-0.10993008,2.00000000,-0.73735803,-0.40000001,-0.40000001,-0.56714880,0.00000000,1.06348538,1.34873366,-1.79999995,-0.40000001,-0.40000001,0.42728281,-0.45758209,-0.30950177,1.28656435,-0.41000000,-0.41286030,-0.13038199,0.79631513,-0.16479661,1.32252896,-0.41000000,0.47698846
-0.81900072,-1.04898250,0.49469590,-0.17058322,0.18158950,-0.59469837,-0.76436937,-0.23640212,-0.03806092,0.44999999,-0.14454244,0.00000000,-0.09493678,2.00000000,-0.71296638,-0.40000001,-0.40000001,-0.57921076,0.00000000,1.09408748,1.33137286,-1.79999995,-0.40000001,-0.40000001,0.42730251,-0.44929513,-0.30385229,1.29844010,-0.41000000,-0.40810144,-0.12454807,0.80236578,-0.16104409,1.31618464,-0.41000000,0.49323454
-0.82612640,-1.04482388,0.49968264,-0.16647509,0.17546721,-0.59583849,-0.76581579,-0.25285542,-0.04932793,0.44999999,-0.14021768,0.00000000,-0.09068822,2.00000000,-0.70063078,-0.40000001,-0.40000001,-0.59780753,0.00000000,1.11736369,1.32122552,-1.79999995,-0.40000001,-0.40000001,0.43705103,-0.43632647,-0.28313574,1.30049956,-0.41000000,-0.39042869,-0.11418126,0.80274093,-0.16698226,1.27946508,-0.40124694,0.50857890
-0.83742505,-1.03938234,0.50927073,-0.15762147,0.16552864,-0.59825408,-0.76801550,-0.27028316,-0.07013325,0.44999999,-0.13918632,0.00000000,-0.09811202,2.00000000,-0.70027250,-0.40000001,-0.40000001,-0.62264478,0.00000000,1.12889135,1.32067013,-1.79999995,-0.40000001,-0.40000001,0.45896587,-0.42220670,-0.24444149,1.29526591,-0.41000000,-0.35680363,-0.09576890,0.79545999,-0.18364201,1.21459162,-0.36344686,0.51930332
-0.85257876,-1.03284323,0.52197522,-0.14333299,0.15450357,-0.60290098,-0.76947695,-0.29159188,-0.10144620,0.44999999,-0.14403617,0.00000000,-0.11805495,2.00000000,-0.70521748,-0.40000001,-0.40000001,-0.65016282,0.00000000,1.12640071,1.33023381,-1.79999995,-0.40000001,-0.40000001,0.48733941,-0.40259221,-0.19826350,1.28134358,-0.41000000,-0.30834839,-0.07372015,0.77909631,-0.20851475,1.13001311,-0.28424069,0.51767766
-0.87017471,-1.02583504,0.53556454,-0.12338647,0.14407514,-0.61016905,-0.76922810,-0.31779739,-0.14244318,0.44999999,-0.15615115,0.00000000,-0.14680812,2.00000000,-0.70720011,-0.40000001,-0.40000001,-0.67939049,0.00000000,1.11034298,1.34615934,-1.79999995,-0.40000001,-0.40000001,0.51669377,-0.38572305,-0.14664488,1.25482738,-0.41000000,-0.24515054,-0.06272304,0.75764060,-0.24219067,1.04332554,-0.17283097,0.50178784
-0.88855153,-1.01865959,0.54777867,-0.10249091,0.13657546,-0.61919689,-0.76644504,-0.34763083,-0.18008678,0.44999999,-0.17000988,0.00000000,-0.17598021,2.00000000,-0.70669132,-0.40000001,-0.40000001,-0.70337915,0.00000000,1.08655941,1.36299396,-1.79999995,-0.40000001,-0.40000001,0.53723454,-0.36780575,-0.10194743,1.22490406,-0.41000000,-0.18318836,-0.06037610,0.73183107,-0.27288619,0.97744322,-0.04746774,0.47242340
-0.90621156,-1.01158965,0.55697256,-0.08362073,0.13287193,-0.62959886,-0.76089281,-0.38010594,-0.21142529,0.44999999,-0.18452176,0.00000000,-0.20373927,2.00000000,-0.69973433,-0.40000001,-0.40000001,-0.71874487,0.00000000,1.05971980,1.37572026,-1.79999995,-0.40000001,-0.40000001,0.54497099,-0.34820494,-0.06683978,1.19786680,-0.41000000,-0.12743403,-0.06502598,0.70321405,-0.29398888,0.94632286,0.07460283,0.43631747
-0.92205870,-1.00473738,0.56246209,-0.06888659,0.13286886,-0.64048940,-0.75324231,-0.41201553,-0.23500994,0.44999999,-0.19525930,0.00000000,-0.22534296,2.00000000,-0.68950284,-0.40000001,-0.40000001,-0.72311258,0.00000000,1.03394771,1.38240564,-1.79999995,-0.40000001,-0.40000001,0.53725755,-0.32487133,-0.04600937,1.17646408,-0.41000000,-0.08006968,-0.07908265,0.67595917,-0.30358273,0.95380425,0.17204332,0.40327993
-0.93590885,-0.99777073,0.56446993,-0.06057751,0.13448685,-0.65225595,-0.74350911,-0.44403610,-0.24459545,0.44999999,-0.19715427,0.00000000,-0.23869148,2.00000000,-0.68293262,-0.40000001,-0.40000001,-0.71544176,0.00000000,1.01429176,1.38267612,-1.79999995,-0.40000001,-0.40000001,0.51621896,-0.30105788,-0.03177713,1.16363335,-0.41000000,-0.04104144,-0.09735245,0.65129197,-0.30063128,0.99744076,0.23217072,0.37648362
-0.94818187,-0.99033213,0.56379914,-0.06058676,0.13703106,-0.66469729,-0.73193526,-0.47586432,-0.23122886,0.44999999,-0.18565063,0.00000000,-0.24767658,2.00000000,-0.67386729,-0.40000001,-0.40000001,-0.68913668,0.00000000,1.00670195,1.37631214,-1.79999995,-0.40000001,-0.40000001,0.48455912,-0.26861900,-0.02527108,1.16581416,-0.41000000,-0.01360715,-0.10836095,0.62773472,-0.28377545,1.06728041,0.26171684,0.34986916
-0.95976055,-0.98243809,0.56159246,-0.06358647,0.13868839,-0.67797637,-0.71907604,-0.50528371,-0.21220262,0.44999999,-0.16827428,0.00000000,-0.25426051,2.00000000,-0.66547120,-0.40000001,-0.40000001,-0.65537804,0.00000000,1.00811052,1.36588931,-1.79999995,-0.40000001,-0.40000001,0.45502809,-0.23460728,-0.01904448,1.17616904,-0.41000000,0.01120804,-0.12122594,0.60857803,-0.27102220,1.14552724,0.27457365,0.32359231
-0.97050631,-0.97466600,0.55888855,-0.06738978,0.13912484,-0.69169438,-0.70545155,-0.53366423,-0.18844976,0.44999999,-0.14687857,0.00000000,-0.26130664,2.00000000,-0.65678120,-0.40000001,-0.40000001,-0.61705887,0.00000000,1.01606357,1.35125744,-1.79999995,-0.40000001,-0.40000001,0.42718244,-0.20020692,-0.01401630,1.18614697,-0.41000000,0.03379202,-0.14352833,0.59278822,-0.26820379,1.22320426,0.27290726,0.28870609
-0.97923201,-0.96792430,0.55568326,-0.07300250,0.13596819,-0.70561391,-0.69158679,-0.56077534,-0.14804199,0.44999999,-0.12043224,0.00000000,-0.27778330,2.00000000,-0.63972569,-0.40000001,-0.40000001,-0.57211214,0.00000000,1.03261864,1.31932116,-1.79999995,-0.40000001,-0.40000001,0.40444162,-0.15958215,-0.01391351,1.19434178,-0.41000000,0.05586436,-0.18768118,0.59781069,-0.27726558,1.30537856,0.22410335,0.21102247
-0.98609966,-0.96208870,0.55381697,-0.07682753,0.13107654,-0.71721983,-0.68008250,-0.58166730,-0.10425237,0.44999999,-0.10084742,0.00000000,-0.30092508,2.00000000,-0.61509937,-0.40000001,-0.40000001,-0.53429621,0.00000000,1.05167449,1.27751923,-1.79999995,-0.40000001,-0.40000001,0.38517529,-0.12311591,-0.01450788,1.19349015,-0.41000000,0.07318186,-0.24577163,0.60294050,-0.29836920,1.37619019,0.15035319,0.12991609
-0.99084002,-0.95625895,0.55583799,-0.07622061,0.12562488,-0.72405303,-0.67391098,-0.59483463,-0.07050101,0.44999999,-0.10132710,0.00000000,-0.32353875,2.00000000,-0.60054922,-0.40000001,-0.40000001,-0.51977223,0.00000000,1.06716383,1.22708023,-1.79999995,-0.40000001,-0.40000001,0.35638624,-0.09937037,-0.00281861,1.16733551,-0.41000000,0.08418626,-0.31576261,0.57777679,-0.31224054,1.41652167,0.05870045,0.06640822
-0.99391025,-0.95038199,0.56155741,-0.07172223,0.11811678,-0.72752750,-0.67201787,-0.60594034,-0.04636451,0.44999999,-0.11221441,0.00000000,-0.34431830,2.00000000,-0.59808081,-0.40000001,-0.40000001,-0.51803648,0.00000000,1.07830501,1.18122339,-1.79999995,-0.40000001,-0.40000001,0.31669793,-0.08069672,0.02057526,1.11262667,-0.41000000,0.09336744,-0.39427674,0.53137398,-0.31808224,1.42560172,-0.04077036,0.02302425
-0.99636579,-0.94370753,0.57121634,-0.06254301,0.10802165,-0.72783148,-0.67430043,-0.61569101,-0.03676566,0.44999999,-0.13201945,0.00000000,-0.36721510,2.00000000,-0.59953231,-0.40000001,-0.40000001,-0.53081524,0.00000000,1.08115900,1.14651251,-1.79999995,-0.40000001,-0.40000001,0.26100481,-0.06287684,0.05733497,1.02201760,-0.41000000,0.10079374,-0.47584048,0.46629110,-0.31747049,1.39602363,-0.14025667,0.00123052
-0.99975300,-0.93571156,0.58458388,-0.04845388,0.09903751,-0.72512752,-0.67973077,-0.62563825,-0.05376752,0.44999999,-0.16047126,0.00000000,-0.38774538,2.00000000,-0.60792655,-0.40000001,-0.40000001,-0.55944490,0.00000000,1.06523168,1.14200902,-1.79999995,-0.40000001,-0.40000001,0.17989792,-0.04648181,0.09732305,0.89751190,-0.41000000,0.09282432,-0.54313976,0.36438018,-0.30308390,1.31681395,-0.20226446,0.02386862
-1.00362396,-0.92698568,0.59797841,-0.03390131,0.09139258,-0.72084212,-0.68621045,-0.63908428,-0.08461698,0.44999999,-0.19336332,0.00000000,-0.40912199,2.00000000,-0.62922180,-0.40000001,-0.40000001,-0.59199417,0.00000000,1.02256715,1.16939807,-1.79999995,-0.40000001,-0.40000001,0.08291890,-0.02732946,0.12929568,0.78110075,-0.41000000,0.05680295,-0.60149664,0.25026381,-0.27351665,1.20661855,-0.24899584,0.05356971
-1.00765371,-0.91816211,0.60715950,-0.01918586,0.08484800,-0.71857530,-0.68998718,-0.66038239,-0.12596475,0.44999999,-0.22716565,0.00000000,-0.42570317,2.00000000,-0.67067534,-0.40000001,-0.40000001,-0.61661357,0.00000000,0.94002807,1.24360657,-1.79999995,-0.40000001,-0.40000001,-0.00462268,-0.00430350,0.14136209,0.70920670,-0.40969101,0.03353937,-0.65027761,0.15111986,-0.24961141,1.08761227,-0.28580144,0.07396126
-1.01103461,-0.90913522,0.61111575,-0.00499189,0.08050184,-0.71686488,-0.69253111,-0.68620813,-0.16912748,0.44999999,-0.26759189,0.00000000,-0.42796093,2.00000000,-0.72565871,-0.40000001,-0.40000001,-0.63038814,0.00000000,0.81689847,1.35762191,-1.79999995,-0.40000001,-0.40000001,-0.09290748,0.02271032,0.12800659,0.65672469,-0.40969101,0.04291898,-0.68831068,0.05526633,-0.22187600,0.96201605,-0.31371695,0.08734366
-1.01360333,-0.90010625,0.60944659,0.00538620,0.07750636,-0.71717125,-0.69255275,-0.71818107,-0.20247918,0.44999999,-0.31053877,-0.00019833,-0.41132659,2.00000000,-0.79394704,-0.40000001,-0.40000001,-0.63741165,0.00000000,0.66844124,1.50244880,-1.79999995,-0.40000001,-0.40000001,-0.18023290,0.04973913,0.10979440,0.61980814,-0.40969101,0.06055043,-0.71683735,-0.03160254,-0.18286593,0.83829778,-0.32947817,0.09830143
-1.01559246,-0.89020860,0.60293078,0.01266638,0.07414515,-0.72066838,-0.68918735,-0.75717878,-0.22511658,0.44999999,-0.35804927,-0.00162735,-0.37127015,2.00000000,-0.87633276,-0.40000001,-0.40000001,-0.64853764,0.00000000,0.52139968,1.65947795,-1.79999995,-0.40000001,-0.40000001,-0.25228176,0.07021196,0.09527943,0.60652202,-0.40969101,0.09292530,-0.74147773,-0.10015853,-0.13922074,0.73051292,-0.33582062,0.11640776
-1.01697338,-0.87827128,0.59389651,0.01776359,0.06921616,-0.72609597,-0.68387008,-0.79694539,-0.23476134,0.44999999,-0.41160905,-0.00287951,-0.30901664,2.00000000,-0.96303374,-0.40000001,-0.40000001,-0.67094749,0.00000000,0.39486426,1.79883170,-1.79999995,-0.40000001,-0.40000001,-0.31166503,0.08866687,0.08903985,0.59087682,-0.40969101,0.15468168,-0.76344156,-0.15163015,-0.10113106,0.65175617,-0.33180416,0.13817717
-1.01822007,-0.86357039,0.58477765,0.01889141,0.06294821,-0.73173332,-0.67841506,-0.83163977,-0.22737548,0.44999999,-0.46827966,-0.00287951,-0.23869719,2.00000000,-1.02953076,-0.40000001,-0.40000001,-0.70556277,0.00000000,0.30644232,1.90421152,-1.79999995,-0.40000001,-0.40000001,-0.36567909,0.11007240,0.08874179,0.56143397,-0.41000000,0.20588000,-0.77737838,-0.18443173,-0.06758326,0.60522890,-0.31525689,0.15562847
-1.01897514,-0.84643900,0.57743776,0.01470377,0.05842450,-0.73934942,-0.67062122,-0.86744022,-0.20037024,0.44999999,-0.53271681,-0.00287951,-0.17136395,2.00000000,-1.05786550,-0.40000001,-0.40000001,-0.75572932,0.00000000,0.26164255,1.96907032,-1.79999995,-0.40000001,-0.40000001,-0.40201434,0.12504892,0.09809829,0.56092072,-0.41000000,0.21997896,-0.77863920,-0.19814204,-0.04101953,0.58997560,-0.28483635,0.14286304
-1.01825500,-0.82617474,0.57135612,0.00788071,0.05893467,-0.74687535,-0.66230041,-0.89889699,-0.16139194,0.44999999,-0.60833639,-0.00268118,-0.11088673,2.00000000,-1.04561472,-0.40000001,-0.40000001,-0.81086898,0.00000000,0.25227058,1.99488056,-1.79999995,-0.40000001,-0.40000001,-0.40411848,0.12814841,0.09044015,0.62452674,-0.38906202,0.20403978,-0.76827103,-0.20000000,-0.03249208,0.61500478,-0.25602537,0.09977546
-1.01576746,-0.80278260,0.56571960,-0.00259157,0.06494425,-0.75122148,-0.65684235,-0.91561466,-0.11069679,0.44999999,-0.69175947,-0.00125216,-0.05771380,2.00000000,-1.00659525,-0.40000001,-0.40000001,-0.85776061,0.00000000,0.25934151,1.98953509,-1.79999995,-0.40000001,-0.40000001,-0.37658757,0.11820255,0.07401855,0.75150949,-0.34533757,0.13024023,-0.74368334,-0.20000000,-0.03743294,0.67359036,-0.24059425,0.02390519
-1.01101875,-0.77672601,0.56110221,-0.01699898,0.07406425,-0.75199741,-0.65477127,-0.91535318,-0.05544023,0.44999999,-0.76827127,0.00000000,-0.01235531,2.00000000,-0.94977123,-0.40000001,-0.40000001,-0.88868123,0.00000000,0.27313408,1.97524202,-1.79999995,-0.40000001,-0.40000001,-0.31727946,0.08568367,0.06460616,0.93360400,-0.29013136,0.03105848,-0.70253503,-0.20000000,-0.04701167,0.74434161,-0.24444953,-0.06715719
-1.00438523,-0.74923152,0.55655783,-0.03682569,0.08524144,-0.74679172,-0.65854377,-0.88800776,0.00321009,0.44999999,-0.82220906,0.00000000,0.02659077,2.00000000,-0.88652956,-0.40000001,-0.40000001,-0.89617819,0.00000000,0.29125351,1.95857251,-1.79999995,-0.40000001,-0.40000001,-0.22882321,0.04147572,0.05878751,1.16061676,-0.24255536,-0.05496889,-0.64972687,-0.19764166,-0.05691670,0.82401878,-0.27078453,-0.15807971
-0.99706703,-0.72102529,0.55243903,-0.06142403,0.09683178,-0.73326200,-0.67020708,-0.82597393,0.06139990,0.44999999,-0.84832031,0.00000000,0.05639881,2.00000000,-0.83254182,-0.40000001,-0.40000001,-0.88345110,0.00000000,0.31217986,1.93971324,-1.79999995,-0.40000001,-0.40000001,-0.11331514,-0.00524049,0.05247912,1.40405059,-0.19901329,-0.11190946,-0.58251530,-0.19343077,-0.06400241,0.90455794,-0.31203878,-0.22463904
-0.99083722,-0.69213372,0.55084318,-0.08970445,0.10523795,-0.71302736,-0.68736458,-0.74198693,0.11252932,0.44999999,-0.85272807,0.00000000,0.07955823,2.00000000,-0.80295151,-0.40000001,-0.40000001,-0.86245370,0.00000000,0.32876146,1.92264080,-1.79999995,-0.40000001,-0.40000001,0.01090606,-0.04343089,0.05268362,1.61538303,-0.17767335,-0.13600136,-0.49976265,-0.18421781,-0.06059529,0.96916044,-0.35475942,-0.26613477
-0.98541880,-0.66672754,0.55628699,-0.11566248,0.10952728,-0.68831670,-0.70770478,-0.62147027,0.15512215,0.44999999,-0.82782316,0.00000000,0.07707506,2.00000000,-0.80329126,-0.40000001,-0.40000001,-0.84043026,0.00000000,0.34887201,1.91011083,-1.79999995,-0.40000001,-0.40000001,0.15594058,-0.05552147,0.03266114,1.75714922,-0.17449701,-0.07909671,-0.39107969,-0.17481954,-0.06026454,0.97293532,-0.38827696,-0.28225094
-0.98300332,-0.64477271,0.56699854,-0.13609862,0.10898314,-0.66293830,-0.72808844,-0.48714590,0.18644097,0.44999999,-0.79297417,0.00000000,0.05668224,2.00000000,-0.82134771,-0.40000001,-0.40000001,-0.82433796,0.00000000,0.37428945,1.90235066,-1.79999995,-0.40000001,-0.40000001,0.29675859,-0.02797769,-0.00989813,1.80333841,-0.18522508,-0.00213518,-0.27484253,-0.16026147,-0.06180188,0.92934990,-0.40729022,-0.28343025
-0.98309690,-0.62619758,0.58221310,-0.14718840,0.10340945,-0.64138681,-0.74583179,-0.35568705,0.20384549,0.44999999,-0.76413876,0.00000000,0.02386305,2.00000000,-0.85605431,-0.40000001,-0.40000001,-0.82728553,0.00000000,0.40549067,1.89831889,-1.79999995,-0.40000001,-0.40000001,0.42081845,0.02612844,-0.06762644,1.73766601,-0.19256470,0.05958568,-0.15989271,-0.14689764,-0.07309182,0.83985752,-0.40092316,-0.28740090
-0.98426563,-0.60998720,0.59873140,-0.14543357,0.09276751,-0.62228566,-0.76354688,-0.22700624,0.19973294,0.44999999,-0.74385214,0.00000000,-0.01506040,2.00000000,-0.91220003,-0.40000001,-0.40000001,-0.85016960,0.00000000,0.44259343,1.90229857,-1.79999995,-0.40000001,-0.40000001,0.52108258,0.08434427,-0.12435018,1.56661284,-0.20476362,0.09457849,-0.06604182,-0.14063786,-0.11498222,0.73755133,-0.38653812,-0.28842145
-0.98513806,-0.59608805,0.61360621,-0.13164799,0.07721869,-0.60308731,-0.78293794,-0.09091639,0.18482137,0.44999999,-0.72607070,0.00000000,-0.05104902,2.00000000,-0.99758130,-0.40000001,-0.40000001,-0.88285381,-0.00289888,0.49804804,1.92135048,-1.79999995,-0.40000001,-0.40000001,0.59761363,0.14126649,-0.17088376,1.31156993,-0.22679116,0.10169046,0.00156674,-0.14486451,-0.18065843,0.63764256,-0.36301661,-0.28148785
-0.98560661,-0.57990515,0.62199152,-0.11236154,0.05876503,-0.58189690,-0.80331659,0.02934983,0.16472852,0.44999999,-0.71600264,-0.00696610,-0.06597496,2.00000000,-1.08952284,-0.40000001,-0.40000001,-0.91782546,-0.02123474,0.55742812,1.94236577,-1.79999995,-0.40000001,-0.40000001,0.63208669,0.18156366,-0.17779243,1.02176964,-0.25962949,0.04605920,0.04189919,-0.15426280,-0.25477844,0.56860554,-0.31924951,-0.27425316
-0.98472971,-0.56240869,0.62369102,-0.09184352,0.04358864,-0.55759233,-0.82386625,0.14128447,0.13894799,0.44999999,-0.69996488,-0.02374309,-0.06422757,2.00000000,-1.17153573,-0.40000001,-0.40000001,-0.94338292,-0.04773812,0.60380447,1.96441901,-1.79999995,-0.40000001,-0.40000001,0.64822316,0.20000000,-0.16000730,0.76072019,-0.29357284,-0.01520739,0.07224411,-0.16882086,-0.32703733,0.52943587,-0.28507856,-0.27441889
-0.98262167,-0.54327935,0.61991811,-0.07309699,0.03231049,-0.53123558,-0.84344625,0.24562098,0.11351213,0.44999999,-0.67525816,-0.04317439,-0.06397251,2.00000000,-1.24420309,-0.40000001,-0.40000001,-0.95935261,-0.07726735,0.63267654,1.98512042,-1.79999995,-0.40000001,-0.40000001,0.64872414,0.20000000,-0.12443195,0.55997205,-0.31968236,-0.07144376,0.09972376,-0.18454303,-0.38354608,0.51938450,-0.27503768,-0.26015374
-0.98007870,-0.52264309,0.61305618,-0.05945513,0.02531787,-0.50856274,-0.85859662,0.33179313,0.09361788,0.44999999,-0.64573234,-0.06077502,-0.06708844,2.00000000,-1.29958773,-0.40000001,-0.40000001,-0.97088623,-0.10733334,0.64534175,2.00000000,-1.79999995,-0.40000001,-0.40000001,0.63828337,0.20000000,-0.08789353,0.44572961,-0.32927126,-0.11909202,0.13316108,-0.19501370,-0.41060069,0.52082646,-0.28017917,-0.24095267
-0.97691035,-0.50070918,0.60483211,-0.05088144,0.02460169,-0.49110156,-0.86926705,0.39976272,0.07567585,0.44714701,-0.61655968,-0.06800703,-0.08374207,2.00000000,-1.32231951,-0.40000001,-0.40000001,-0.97813833,-0.12481703,0.63080835,2.00000000,-1.79999995,-0.40000001,-0.40000001,0.62705171,0.20000000,-0.06747399,0.42939898,-0.32817626,-0.14142147,0.16988601,-0.20000000,-0.42075485,0.53476208,-0.29430524,-0.22875445
-0.97386342,-0.47762051,0.59710997,-0.04562191,0.03071143,-0.47726423,-0.87703723,0.45356694,0.05573480,0.44195911,-0.59798628,-0.06104092,-0.11039776,2.00000000,-1.30937946,-0.40000001,-0.40000001,-0.98149586,-0.10648117,0.60029870,1.99526346,-1.79999995,-0.40000001,-0.40000001,0.61495799,0.20000000,-0.06056090,0.48102874,-0.31761783,-0.09721857,0.18821509,-0.18854174,-0.41619736,0.59268051,-0.30549029,-0.22016580
-0.97027922,-0.45241120,0.59055811,-0.04310730,0.04222998,-0.46694091,-0.88222706,0.49869445,0.03521921,0.43731228,-0.59992778,-0.04426393,-0.13903083,2.00000000,-1.26903212,-0.40000001,-0.40000001,-0.98882389,-0.07997779,0.58469260,1.98040450,-1.79999995,-0.40000001,-0.40000001,0.58625335,0.20000000,-0.05415042,0.55902821,-0.30047879,-0.00853552,0.17339763,-0.15743151,-0.40309760,0.70906830,-0.26768923,-0.19607463
-0.96626294,-0.42494115,0.58562976,-0.04238485,0.05907333,-0.46244138,-0.88366389,0.52764082,0.00985737,0.43232384,-0.63115835,-0.02483264,-0.14950563,2.00000000,-1.19603038,-0.40000001,-0.40000001,-0.99603230,-0.05044856,0.59350026,1.95061231,-1.79999995,-0.40000001,-0.40000001,0.54382622,0.20000000,-0.04635224,0.64572603,-0.29768226,0.08583377,0.12162318,-0.10696709,-0.38703153,0.87926269,-0.19454494,-0.16431175
-0.96192163,-0.39632320,0.58210659,-0.04323938,0.08041319,-0.46580327,-0.88016558,0.53467333,-0.01769019,0.42924699,-0.69232541,-0.00723200,-0.13962094,2.00000000,-1.09554887,-0.40000001,-0.40000001,-0.99372637,-0.02038257,0.62411821,1.90269375,-1.79999995,-0.40000001,-0.40000001,0.48710349,0.20000000,-0.03346305,0.72064567,-0.31106764,0.17638980,0.03710081,-0.05083632,-0.35844013,1.08092260,-0.11585103,-0.13762493
-0.95734590,-0.36852145,0.57929760,-0.04735504,0.10772134,-0.47843498,-0.87020320,0.50952423,-0.05293171,0.43209997,-0.75964427,0.00000000,-0.11120043,2.00000000,-0.98981202,-0.40000001,-0.40000001,-0.97241229,0.00000000,0.67271233,1.84617460,-1.79999995,-0.40000001,-0.40000001,0.41121417,0.20000000,-0.01615010,0.78242046,-0.33143464,0.25871426,-0.06700640,0.00812566,-0.31903195,1.29217458,-0.04178086,-0.12343433
-0.95168686,-0.34214732,0.58003896,-0.05055226,0.13236836,-0.50449556,-0.85170847,0.44292447,-0.08770388,0.43728787,-0.84795469,0.00000000,-0.07954945,2.00000000,-0.88536066,-0.40000001,-0.40000001,-0.94967037,0.00000000,0.72334617,1.79282176,-1.79999995,-0.40000001,-0.40000001,0.31803751,0.20000000,-0.00749609,0.81266409,-0.35341135,0.30885017,-0.18225606,0.04898105,-0.27010936,1.46042788,0.00130723,-0.11950567
-0.94517189,-0.31914669,0.58530647,-0.05010024,0.14953926,-0.54283142,-0.82490128,0.33526948,-0.11669958,0.44193470,-0.92738247,0.00000000,-0.06326021,2.00000000,-0.81240511,-0.40000001,-0.40000001,-0.92291558,0.00000000,0.75455379,1.76484501,-1.79999995,-0.40000001,-0.40000001,0.22896899,0.20000000,-0.02481968,0.81298739,-0.36619902,0.32164502,-0.29555675,0.06567300,-0.22402103,1.54755783,-0.01110885,-0.14716132
-0.93750793,-0.30022991,0.59490639,-0.04644298,0.15888564,-0.58968544,-0.79048687,0.19664231,-0.13767290,0.44692314,-0.97481489,-0.00215032,-0.06303925,2.00000000,-0.78789824,-0.40000001,-0.40000001,-0.89375830,0.00000000,0.76530468,1.77006185,-1.79999995,-0.40000001,-0.40000001,0.15703002,0.19970863,-0.06706769,0.79214793,-0.34470955,0.32442164,-0.39194301,0.05598344,-0.18808883,1.54020202,-0.05954021,-0.20604955
-0.92912203,-0.28408074,0.60751981,-0.04035639,0.16078730,-0.64080298,-0.74959344,0.04046130,-0.15091081,0.44999999,-0.98071736,-0.01226907,-0.07658891,1.99558222,-0.81101996,-0.40000001,-0.40000001,-0.86990333,0.00000000,0.76247734,1.80440044,-1.79999995,-0.40000001,-0.40000001,0.10721468,0.19229440,-0.10183019,0.76199102,-0.29978880,0.31192079,-0.46579185,0.02851879,-0.16051319,1.45038939,-0.10995043,-0.26623419
-0.92072552,-0.26873493,0.62205678,-0.03038554,0.15310885,-0.69330847,-0.70353234,-0.11977646,-0.15156204,0.44999999,-0.96496665,-0.03237768,-0.09009542,1.98641372,-0.86406147,-0.40000001,-0.40000001,-0.86412221,0.00000000,0.75626677,1.85455096,-1.79999995,-0.40000001,-0.40000001,0.07703662,0.18220429,-0.11914521,0.72164541,-0.24345207,0.27045715,-0.52120298,-0.01702719,-0.12790075,1.28839111,-0.15479985,-0.29860562
-0.91298264,-0.25354606,0.63281041,-0.01814926,0.14188674,-0.74080259,-0.65631568,-0.26791060,-0.15418629,0.44999999,-0.90913653,-0.06595082,-0.08969568,1.97674835,-0.94582587,-0.40000001,-0.40000001,-0.85505325,-0.01354918,0.75978118,1.91264033,-1.79999995,-0.40000001,-0.40000001,0.06177562,0.17789191,-0.13259208,0.68557125,-0.18938950,0.19730622,-0.55654138,-0.06908316,-0.10026757,1.08410823,-0.19009830,-0.29184896
-0.90599275,-0.23668590,0.63825685,-0.00591633,0.12823860,-0.78308409,-0.60852212,-0.40238255,-0.15792988,0.44999999,-0.83297557,-0.11784264,-0.07238375,1.97625411,-1.03582966,-0.40000001,-0.40000001,-0.84567654,-0.05020692,0.77446640,1.95547616,-1.79999995,-0.40000001,-0.40000001,0.04487876,0.17789191,-0.11446152,0.64762521,-0.14997803,0.16124706,-0.57491219,-0.11688535,-0.08841785,0.85732204,-0.21343435,-0.22801407
-0.89992982,-0.21796872,0.63730174,0.00492838,0.11408674,-0.81973022,-0.56125069,-0.52406615,-0.16088021,0.44999999,-0.76146728,-0.18022358,-0.04495776,1.97625411,-1.11445785,-0.40000001,-0.40000001,-0.83421254,-0.09708332,0.78868127,1.98005140,-1.79999995,-0.40000001,-0.40000001,0.01913876,0.17818329,-0.07576191,0.61316508,-0.14281012,0.16766721,-0.59093219,-0.15766022,-0.08629996,0.64116085,-0.22388092,-0.11968655
-0.89521444,-0.19722152,0.63106358,0.01300371,0.10071238,-0.84816831,-0.51990235,-0.62664485,-0.16174014,0.44999999,-0.70782232,-0.23894717,-0.01982964,1.98067188,-1.17731202,-0.40000001,-0.40000001,-0.82034504,-0.14829491,0.79202217,1.99363148,-1.79999995,-0.40000001,-0.40000001,-0.02287360,0.18559749,-0.04375712,0.58101499,-0.16786449,0.19620413,-0.60488904,-0.18632634,-0.08240363,0.45545340,-0.22476441,-0.00223281
-0.89245081,-0.17466196,0.62107438,0.01707154,0.08942056,-0.86846292,-0.48732400,-0.70887190,-0.15941297,0.44999999,-0.68223941,-0.27843848,-0.01432385,1.98984039,-1.21767831,-0.40000001,-0.40000001,-0.81103057,-0.19024621,0.77082604,2.00000000,-1.79999995,-0.40000001,-0.40000001,-0.08090660,0.19568761,-0.02226847,0.54953969,-0.21424378,0.25360647,-0.61745232,-0.19974233,-0.09153528,0.32355136,-0.22152399,0.10299882
-0.89214742,-0.15063597,0.61013460,0.01508167,0.08125751,-0.88333017,-0.46140835,-0.77759755,-0.14893736,0.44999999,-0.68490344,-0.28540787,-0.03682798,1.99950576,-1.23656964,-0.40000001,-0.40000001,-0.81471014,-0.20184289,0.71879745,1.99681270,-1.79999995,-0.40000001,-0.40000001,-0.14402509,0.20000000,0.00689526,0.53923678,-0.26654080,0.34065354,-0.62686110,-0.20000000,-0.10979367,0.26205632,-0.21934441,0.17502873
-0.89485580,-0.12518042,0.59965712,0.00818907,0.07805949,-0.89229149,-0.44458470,-0.82799649,-0.13392413,0.44999999,-0.71783394,-0.24668790,-0.07692336,2.00000000,-1.23745263,-0.40000001,-0.40000001,-0.82793498,-0.16867775,0.65014702,1.99015152,-1.79999995,-0.40000001,-0.40000001,-0.19510044,0.20000000,0.02716728,0.57019269,-0.30645913,0.38915199,-0.62663418,-0.20000000,-0.12076156,0.27040040,-0.21865033,0.19801232
-0.90020305,-0.09806176,0.59029806,-0.00301499,0.07891896,-0.89514762,-0.43871796,-0.85064876,-0.11623399,0.44999999,-0.76289678,-0.18215665,-0.12064347,2.00000000,-1.22340000,-0.40000001,-0.40000001,-0.84973210,-0.12180135,0.59210086,1.97960234,-1.79999995,-0.40000001,-0.40000001,-0.21763025,0.19697085,0.04462842,0.65364301,-0.30934858,0.36862153,-0.61174554,-0.20000000,-0.12872055,0.32950145,-0.22646591,0.17300972
-0.90660524,-0.06963211,0.58255410,-0.01844574,0.08266257,-0.89565653,-0.43660742,-0.85911047,-0.09228148,0.44999999,-0.80517948,-0.11331431,-0.14772911,2.00000000,-1.18732893,-0.40000001,-0.40000001,-0.88260680,-0.07058976,0.56490600,1.95412457,-1.79999995,-0.40000001,-0.40000001,-0.20202273,0.18155134,0.04292763,0.79153198,-0.26077726,0.26942280,-0.58344758,-0.20000000,-0.15232031,0.41390994,-0.22441030,0.09725393
-0.91377729,-0.03958741,0.57596058,-0.03839354,0.08846874,-0.89326501,-0.43906364,-0.85115004,-0.06199886,0.44999999,-0.83156323,-0.05371441,-0.14714380,2.00000000,-1.13335192,-0.40000001,-0.40000001,-0.91611880,-0.02863847,0.57986844,1.91138935,-1.79999995,-0.40000001,-0.40000001,-0.14918806,0.14830269,0.03968323,0.97915614,-0.17934127,0.13891144,-0.54385239,-0.20000000,-0.17708504,0.51484573,-0.23195279,-0.00588812
-0.92078698,-0.00880857,0.57028663,-0.06327141,0.09410807,-0.88591433,-0.44977346,-0.81675363,-0.02789815,0.44999999,-0.83706725,-0.01317185,-0.12411168,2.00000000,-1.07465196,-0.40000001,-0.40000001,-0.93823481,-0.00349260,0.62889951,1.86815655,-1.79999995,-0.40000001,-0.40000001,-0.06279155,0.10431431,0.03752454,1.19936597,-0.09607401,0.02241639,-0.49183610,-0.19976103,-0.19443448,0.61578804,-0.25082818,-0.10864029
-0.92624533,0.02085053,0.56565052,-0.09301724,0.09921847,-0.87269199,-0.46894798,-0.74731678,0.01193243,0.44999999,-0.82154137,0.00000000,-0.08293095,2.00000000,-1.01281631,-0.40000001,-0.40000001,-0.95408833,0.00000000,0.69939244,1.82631159,-1.79999995,-0.40000001,-0.40000001,0.05127105,0.05689646,0.02367682,1.42720175,-0.03565784,-0.05171352,-0.42946744,-0.19944410,-0.20127949,0.70548218,-0.27628946,-0.20486940
-0.93112242,0.04902986,0.56569141,-0.12454289,0.10111619,-0.85372114,-0.49540365,-0.65189064,0.04970093,0.44999999,-0.80341065,0.00000000,-0.04279190,2.00000000,-0.96424234,-0.40000001,-0.40000001,-0.98178834,0.00000000,0.74713773,1.79404914,-1.79999995,-0.40000001,-0.40000001,0.17053999,0.02507050,0.00087646,1.60853255,-0.00738652,-0.06043747,-0.34645694,-0.19920406,-0.19303960,0.75944144,-0.29404527,-0.28064454
-0.93629616,0.07370280,0.57070613,-0.15190998,0.09774181,-0.82814121,-0.53061479,-0.52839482,0.07724338,0.44999999,-0.78092259,0.00000000,-0.02271558,2.00000000,-0.94596732,-0.40000001,-0.40000001,-1.00022960,0.00000000,0.75545591,1.78847969,-1.79999995,-0.40000001,-0.40000001,0.28767481,0.01287806,-0.01227184,1.71130681,-0.02208599,0.02136579,-0.25978655,-0.19470951,-0.16791528,0.78420961,-0.31760785,-0.31166321
-0.94145089,0.09402636,0.58130473,-0.17021091,0.08907729,-0.79796207,-0.57127053,-0.38493398,0.08951547,0.44999999,-0.75480801,0.00000000,-0.02064000,2.00000000,-0.96363616,-0.40000001,-0.40000001,-1.00897074,0.00000000,0.72838163,1.81486499,-1.79999995,-0.40000001,-0.40000001,0.39749077,0.02329768,-0.02864718,1.71916354,-0.06366947,0.14000751,-0.17993385,-0.18840742,-0.13027392,0.76877141,-0.31374422,-0.31843707
-0.94640785,0.11046845,0.59537840,-0.17763786,0.07809526,-0.76524127,-0.61380106,-0.23380074,0.08709605,0.44999999,-0.72594875,-0.00280963,-0.01015224,1.99944568,-1.01767850,-0.40000001,-0.40000001,-1.01856530,0.00000000,0.68836969,1.85573208,-1.79999995,-0.40000001,-0.40000001,0.49334905,0.05480426,-0.05933086,1.63676059,-0.10631667,0.24440503,-0.11878531,-0.18134692,-0.10236660,0.72894973,-0.28146344,-0.31081128
-0.95156342,0.12520908,0.61100650,-0.17359215,0.06518327,-0.73100233,-0.65669817,-0.08932247,0.07017675,0.44999999,-0.69278163,-0.01713967,0.02587583,1.99827838,-1.11751354,-0.40000001,-0.40000001,-1.02742743,-0.00133595,0.65013862,1.90423822,-1.79999995,-0.40000001,-0.40000001,0.56358403,0.10222211,-0.10423657,1.47252071,-0.13421357,0.30141848,-0.08147996,-0.17510891,-0.10370786,0.68332016,-0.22944237,-0.27737218
-0.95606607,0.13950297,0.62318802,-0.16081005,0.05100404,-0.69482642,-0.69911021,0.04730442,0.05043128,0.44999999,-0.62949759,-0.05142394,0.10197598,1.99827838,-1.22629905,-0.40000001,-0.40000001,-1.00817883,-0.01651154,0.64170361,1.94704986,-1.79999995,-0.40000001,-0.40000001,0.60917270,0.13707721,-0.14211485,1.25257671,-0.16590597,0.29036158,-0.06608050,-0.17534894,-0.12570557,0.63687646,-0.18179354,-0.23470820
-0.95926273,0.15563709,0.63038582,-0.14702508,0.03660065,-0.65547538,-0.73986214,0.17670135,0.04047694,0.44999999,-0.54645872,-0.13981318,0.19929852,1.99827838,-1.22640300,-0.40000001,-0.40000001,-0.96526462,-0.02734355,0.64439774,1.97809696,-1.79999995,-0.38874626,-0.40000001,0.61187702,0.16468917,-0.14417121,0.98498482,-0.19167329,0.23195745,-0.04966599,-0.17984349,-0.18559697,0.58366042,-0.14001125,-0.20071906
-0.96123558,0.17331077,0.63022375,-0.13448183,0.02209237,-0.61098188,-0.77982551,0.30112374,0.05001038,0.44999999,-0.49944788,-0.32583642,0.30621576,1.99827838,-1.04069567,-0.40000001,-0.40000001,-0.92065316,-0.13281482,0.55611181,1.99444699,-1.53792632,-0.22874625,-0.40000001,0.61351639,0.18751819,-0.11618301,0.73669088,-0.21529876,0.14128321,-0.03789578,-0.18614557,-0.25689751,0.55035084,-0.13182773,-0.21790190
-0.96314079,0.19296651,0.62342751,-0.12726258,0.01353594,-0.56869203,-0.81253332,0.40510175,0.06010680,0.44999999,-0.54042399,-0.48484626,0.35454798,1.99883282,-0.82407290,-0.40000001,-0.40000001,-0.89719474,-0.22861877,0.44656131,2.00000000,-1.28502774,-0.06874625,-0.40000001,0.61048639,0.20000000,-0.06846973,0.53650868,-0.23489198,0.02509107,-0.00196122,-0.19344506,-0.31915447,0.52980030,-0.18099122,-0.24740894
-0.96427637,0.21350421,0.61215854,-0.12264224,0.00694227,-0.53013265,-0.83896971,0.50012338,0.07708684,0.44999999,-0.68662381,-0.56286383,0.29714531,2.00000000,-0.61458319,-0.40000001,-0.40000001,-0.90765959,-0.30055657,0.30381408,2.00000000,-1.08397508,0.09125376,-0.40000001,0.62109405,0.20000000,-0.00988615,0.40209588,-0.24800324,-0.06724773,0.04699508,-0.20000000,-0.35707182,0.50967115,-0.24446498,-0.29655218
-0.96406996,0.23402470,0.59894061,-0.11940041,0.00251237,-0.49829295,-0.85874408,0.57910275,0.10154009,0.44999999,-0.90941924,-0.57955873,0.14244646,2.00000000,-0.41512156,-0.40000001,-0.40000001,-0.95919508,-0.33355269,0.11810359,2.00000000,-0.93110514,0.25125375,-0.40000001,0.64638907,0.20000000,0.04577327,0.34129569,-0.24083039,-0.11024781,0.08981591,-0.20000000,-0.38137186,0.51266921,-0.29992649,-0.35262686
-0.96238518,0.25417441,0.58562249,-0.11476833,0.00149653,-0.47601992,-0.87191230,0.63476253,0.12338065,0.44999999,-1.18239141,-0.52550495,-0.06956598,2.00000000,-0.31875333,-0.40000001,-0.40000001,-1.03656244,-0.34652376,-0.09106731,2.00000000,-0.80534393,0.39046204,-0.40000001,0.69208175,0.20000000,0.07696639,0.36722329,-0.23076805,-0.10171779,0.11487202,-0.20000000,-0.37793431,0.55216694,-0.35684556,-0.40186933
-0.95835906,0.27470443,0.57518005,-0.10972902,0.00408992,-0.46671274,-0.87756598,0.66042989,0.13948818,0.44999999,-1.44176984,-0.35842562,-0.31323075,2.00000000,-0.37597939,-0.40000001,-0.40000001,-1.09103012,-0.24105249,-0.21871449,2.00000000,-0.96246439,0.36057529,-0.40000001,0.72229534,0.20000000,0.07329526,0.43480247,-0.21731271,-0.05379584,0.13067466,-0.20000000,-0.37321234,0.60911429,-0.40320686,-0.40070298
-0.95186871,0.29603851,0.56697810,-0.10555146,0.00501941,-0.46061039,-0.88128984,0.67132843,0.15988584,0.44999999,-1.60942888,-0.19886950,-0.48101217,2.00000000,-0.36283660,-0.40000001,-0.40000001,-1.04422557,-0.14524853,-0.31159794,2.00000000,-1.19861805,0.22389121,-0.40000001,0.73948997,0.19720595,0.06108333,0.52220815,-0.19773002,0.03130355,0.10210647,-0.18034831,-0.36297092,0.71865338,-0.40104079,-0.37545821
-0.94268960,0.31799206,0.56221396,-0.10277539,0.00967482,-0.46074358,-0.88150954,0.64211595,0.18535362,0.44999999,-1.67197597,-0.10652187,-0.52416557,2.00000000,-0.23532973,-0.40000001,-0.40000001,-0.88171923,-0.07197478,-0.39896274,2.00000000,-1.39967060,0.06389122,-0.40000001,0.73623562,0.18890992,0.05404848,0.61044765,-0.19085073,0.10425135,0.04273532,-0.14576694,-0.34312880,0.86971158,-0.35206059,-0.29890722
-0.93057925,0.34016263,0.55920655,-0.10018448,0.02063172,-0.46743032,-0.87809241,0.58648252,0.20925523,0.44999999,-1.65700424,-0.05554276,-0.46476400,2.00000000,-0.04405062,-0.40000001,-0.40000001,-0.61900008,-0.02380307,-0.46853384,2.00000000,-1.55254066,-0.09610879,-0.40000001,0.72669256,0.16895659,0.03725949,0.71011603,-0.20983373,0.15164372,-0.03606948,-0.09834164,-0.32507914,1.05279279,-0.27524030,-0.18659948
-0.91623300,0.36205146,0.55778915,-0.09486387,0.03793024,-0.47737911,-0.87273788,0.52239949,0.22633120,0.44999999,-1.56712866,-0.02120724,-0.33620650,2.00000000,0.15839696,-0.40000001,-0.40000001,-0.29823735,0.00000000,-0.49160931,2.00000000,-1.67830181,-0.24657083,-0.40000001,0.72300166,0.13517036,-0.00564517,0.81424487,-0.24084315,0.16664211,-0.12795624,-0.04522508,-0.30626175,1.25089192,-0.19450834,-0.06998051
-0.89956880,0.38287872,0.55738860,-0.08828913,0.06189640,-0.49018559,-0.86492312,0.45702487,0.23444700,0.44999999,-1.39565384,-0.00226335,-0.17381990,2.00000000,0.32714888,-0.40000001,-0.40000001,0.03034895,0.00000000,-0.43815988,1.99995029,-1.78325498,-0.37668407,-0.40000001,0.72249424,0.08816247,-0.06450611,0.91361308,-0.27675882,0.15940382,-0.21876247,0.01282260,-0.28468689,1.44473577,-0.11119342,0.04724881
-0.87986660,0.40150502,0.56004012,-0.07711065,0.08954476,-0.51046425,-0.85174054,0.38666826,0.24516985,0.44999999,-1.17289162,0.00000000,-0.04551458,2.00000000,0.37401491,-0.40000001,-0.40000001,0.29171553,0.00000000,-0.33792293,1.99075818,-1.79999995,-0.40000001,-0.40000001,0.72600359,0.03323492,-0.14308862,0.99693364,-0.32177812,0.13329805,-0.28947636,0.05996862,-0.26340926,1.58145535,-0.03261616,0.13836405
-0.85867292,0.41804481,0.56419337,-0.06388849,0.11904737,-0.53295451,-0.83528769,0.32320547,0.25000000,0.44999999,-0.93500078,0.00000000,0.02719009,2.00000000,0.34779370,-0.40000001,-0.40000001,0.47704303,0.00000000,-0.18779892,1.96704137,-1.79999995,-0.40000001,-0.40000001,0.72800565,-0.03088601,-0.23196518,1.06399047,-0.36244470,0.09479433,-0.33582914,0.10172430,-0.24488948,1.66089976,0.00188376,0.16692045
-0.83755606,0.43262711,0.57007504,-0.05114159,0.14903906,-0.55297810,-0.81816083,0.27059081,0.25000000,0.44999999,-0.70436686,0.00000000,0.04819041,2.00000000,0.29498601,-0.40000001,-0.40000001,0.58409309,0.00000000,0.02433628,1.92207098,-1.79999995,-0.40000001,-0.40000001,0.71439499,-0.09954861,-0.31605268,1.10152507,-0.38990477,0.05107041,-0.35193703,0.14313580,-0.22706595,1.67849684,-0.00850969,0.14408256
-0.81660384,0.44609618,0.57587528,-0.04196437,0.17826314,-0.56906283,-0.80164129,0.23010565,0.25000000,0.44999999,-0.50183153,0.00000000,0.02765139,2.00000000,0.24869476,-0.40000001,-0.40000001,0.62310433,0.00000000,0.27854547,1.85565615,-1.79999995,-0.40000001,-0.40000001,0.68147671,-0.17242222,-0.37962428,1.11934173,-0.40529746,0.00521856,-0.33636296,0.19024898,-0.21629468,1.63946545,-0.04356127,0.09692312
-0.79689199,0.45890757,0.57998002,-0.03603677,0.20500444,-0.57894951,-0.78834772,0.19820708,0.25000000,0.44999999,-0.34728542,0.00000000,-0.01706868,2.00000000,0.22158307,-0.40000001,-0.40000001,0.61437571,0.00000000,0.51758945,1.77293038,-1.79999995,-0.40000001,-0.40000001,0.63345110,-0.24881704,-0.41344535,1.12856472,-0.41000000,-0.03646579,-0.29978061,0.23817179,-0.21035202,1.54782987,-0.09251036,0.05057829
-0.77891606,0.47142816,0.58067793,-0.03241508,0.22942588,-0.57957625,-0.78128380,0.17750283,0.25000000,0.44999999,-0.24370204,0.00000000,-0.07662609,2.00000000,0.23388205,-0.40000001,-0.40000001,0.56790227,0.00000000,0.73174131,1.68757236,-1.79999995,-0.40000001,-0.40000001,0.57244015,-0.33061635,-0.41376245,1.14189506,-0.41000000,-0.07512156,-0.24902180,0.27498332,-0.20687209,1.40808082,-0.14946854,0.03280134
-0.76224512,0.48395497,0.57669538,-0.03166221,0.25108364,-0.57302672,-0.77948374,0.16707778,0.25000000,0.44999999,-0.15772270,0.00000000,-0.14581649,2.00000000,0.23806955,-0.40000001,-0.40000001,0.48983106,0.00000000,0.93895060,1.61596680,-1.79999995,-0.40000001,-0.40000001,0.50082880,-0.41075015,-0.38544014,1.16970003,-0.41000000,-0.11208404,-0.18939443,0.29246834,-0.20230348,1.23436296,-0.21009989,0.04828115
-0.74676603,0.49640700,0.56797945,-0.03388330,0.26970559,-0.56221610,-0.78104025,0.15437038,0.25000000,0.44999999,-0.08441927,0.00000000,-0.21719663,2.00000000,0.21229328,-0.40000001,-0.40000001,0.39655054,0.00000000,1.10700452,1.56521177,-1.79999995,-0.40000001,-0.40000001,0.42249772,-0.48377782,-0.33533219,1.21527803,-0.41000000,-0.14388262,-0.13205367,0.28413787,-0.18699946,1.05332398,-0.25998056,0.08797400
-0.73242837,0.50769585,0.55552310,-0.03818246,0.28596562,-0.55058360,-0.78334123,0.12365960,0.25000000,0.44999999,-0.02832116,0.00000000,-0.28118229,2.00000000,0.16343020,-0.40000001,-0.40000001,0.30170843,0.00000000,1.21879339,1.52849138,-1.79999995,-0.40000001,-0.40000001,0.34040833,-0.54468232,-0.27877691,1.27273583,-0.41000000,-0.17215939,-0.09080948,0.25130671,-0.14582533,0.89983612,-0.27342966,0.15018836
-0.71876943,0.51736611,0.54148644,-0.04263155,0.30259866,-0.54134864,-0.78329962,0.07078614,0.25000000,0.44999999,0.00932607,0.00000000,-0.33612999,2.00000000,0.10692652,-0.40000001,-0.40000001,0.21304560,0.00000000,1.28921163,1.49527311,-1.79999995,-0.40000001,-0.40000001,0.25249198,-0.59645730,-0.22659159,1.33350050,-0.41000000,-0.19870944,-0.05902342,0.20332238,-0.09302770,0.79763812,-0.26036561,0.22656892
-0.70596153,0.52482259,0.52785683,-0.04675480,0.31890166,-0.53539926,-0.78068137,-0.00335219,0.25000000,0.44999999,0.02464688,0.00000000,-0.37270784,2.00000000,0.05426616,-0.40000001,-0.40000001,0.14234421,0.00000000,1.31940615,1.45569193,-1.79999995,-0.40000001,-0.40000001,0.16877928,-0.63926274,-0.18448001,1.39215708,-0.41000000,-0.21686877,-0.04300552,0.15303285,-0.04033227,0.75756371,-0.23968878,0.28875515
-0.69475043,0.52945250,0.51654166,-0.04917974,0.33194414,-0.53085500,-0.77819496,-0.09168440,0.25000000,0.44999999,0.00373436,0.00000000,-0.38606662,2.00000000,0.00451208,-0.40000001,-0.40000001,0.09651644,0.00000000,1.30626822,1.38422942,-1.79999995,-0.40000001,-0.40000001,0.09512427,-0.67565954,-0.14584969,1.43870568,-0.41000000,-0.22425884,-0.05024433,0.11071531,0.01063936,0.76948130,-0.21056893,0.33476275
-0.68567365,0.53150600,0.50977385,-0.04889763,0.33949384,-0.52820110,-0.77676028,-0.19153997,0.25000000,0.44999999,-0.05507967,0.00000000,-0.37940165,2.00000000,-0.03176064,-0.40000001,-0.40000001,0.08066881,0.00000000,1.26122653,1.28241539,-1.79999995,-0.40000001,-0.40000001,0.03616842,-0.70441562,-0.11057441,1.46108699,-0.41000000,-0.22372723,-0.07413410,0.07938389,0.05900089,0.80573994,-0.17213921,0.37325490
-0.67985052,0.53153533,0.50880373,-0.04568896,0.33992127,-0.52615392,-0.77815688,-0.29391909,0.25000000,0.44999999,-0.14249903,0.00000000,-0.35907590,2.00000000,-0.05471424,-0.40000001,-0.40000001,0.09920148,0.00000000,1.19250166,1.17905712,-1.79999995,-0.40000001,-0.40000001,-0.00458032,-0.72329283,-0.07435189,1.45611560,-0.41000000,-0.21944103,-0.10362218,0.06083702,0.09375443,0.82915205,-0.13968185,0.40653121
-0.67785913,0.52978557,0.51375026,-0.04090816,0.32997319,-0.52412027,-0.78405493,-0.39223716,0.25000000,0.44999999,-0.25095454,0.00000000,-0.32893971,2.00000000,-0.06521470,-0.40000001,-0.40000001,0.15474519,0.00000000,1.09749973,1.10553277,-1.79999995,-0.40000001,-0.40000001,-0.01930363,-0.72702819,-0.03566106,1.42160630,-0.41000000,-0.21351850,-0.14334168,0.05465183,0.12141018,0.81794029,-0.10061740,0.41704562
-0.67851681,0.52661455,0.52337044,-0.03583962,0.31169358,-0.52378136,-0.79196954,-0.48508957,0.25000000,0.44999999,-0.36014667,0.00000000,-0.29881433,2.00000000,-0.06470583,-0.40000001,-0.40000001,0.23809439,0.00000000,0.98760563,1.06004751,-1.79999995,-0.40000001,-0.40000001,-0.01556759,-0.71547329,0.00115550,1.35966539,-0.41000000,-0.21054740,-0.18778938,0.05882007,0.14646514,0.77812266,-0.04461467,0.41743851
-0.68095404,0.52239203,0.53673977,-0.03103911,0.28888851,-0.52673626,-0.79882973,-0.56957990,0.25000000,0.44999999,-0.44375581,0.00000000,-0.28100538,2.00000000,-0.05078797,-0.40000001,-0.40000001,0.33873439,0.00000000,0.88202775,1.04901588,-1.79999995,-0.40000001,-0.40000001,0.00052195,-0.69035053,0.02949609,1.27526808,-0.41000000,-0.21219350,-0.22860558,0.07109948,0.15766928,0.72785240,0.01936504,0.41685480
-0.68409967,0.51747304,0.55190527,-0.02743976,0.26408035,-0.53265625,-0.80360806,-0.63955045,0.25000000,0.44999999,-0.48912972,0.00000000,-0.28157058,2.00000000,-0.03109514,-0.40000001,-0.40000001,0.45044512,0.00000000,0.78220558,1.07352126,-1.79999995,-0.40000001,-0.40000001,0.02229604,-0.65477926,0.04936858,1.17755830,-0.41000000,-0.21647663,-0.26359123,0.09121569,0.15825805,0.68517375,0.07587795,0.40827242
-0.68601519,0.51235694,0.56720579,-0.02606777,0.23922236,-0.54263753,-0.80475944,-0.69411713,0.25000000,0.44999999,-0.49016762,0.00000000,-0.30309048,2.00000000,-0.01412309,-0.40000001,-0.40000001,0.56785244,0.00000000,0.68576449,1.12225223,-1.79999995,-0.40000001,-0.40000001,0.04022574,-0.61075336,0.05989616,1.07164669,-0.41000000,-0.21632227,-0.29018533,0.11798643,0.15141685,0.66522348,0.11847543,0.38960859
-0.68582749,0.50755000,0.58073169,-0.02771478,0.21612540,-0.55618304,-0.80198634,-0.72926134,0.25000000,0.44999999,-0.44419453,0.00000000,-0.34642363,2.00000000,-0.00735563,-0.40000001,-0.40000001,0.68157238,0.00000000,0.59979683,1.17723227,-1.79999995,-0.40000001,-0.40000001,0.04501271,-0.56052738,0.06252173,0.96547961,-0.41000000,-0.20981273,-0.30197889,0.14788130,0.13991068,0.67148930,0.14144453,0.36562401
-0.68395227,0.50320911,0.59163791,-0.03184007,0.19380833,-0.56993246,-0.79787314,-0.74232388,0.25000000,0.44999999,-0.36327064,0.00000000,-0.40228274,2.00000000,-0.01713689,-0.40000001,-0.40000001,0.79192191,0.00000000,0.52004772,1.24790144,-1.79999995,-0.40000001,-0.40000001,0.03813308,-0.50712490,0.06390943,0.86370611,-0.41000000,-0.20130955,-0.29276049,0.18199830,0.11579621,0.68255502,0.14409164,0.35044220
-0.68129742,0.49979809,0.59962869,-0.03770357,0.17185594,-0.58215761,-0.79381138,-0.73711306,0.24830441,0.44999999,-0.25951743,0.00000000,-0.45625848,2.00000000,-0.04985723,-0.40000001,-0.40000001,0.89342654,0.00000000,0.44054952,1.33681631,-1.79999995,-0.40000001,-0.40000001,0.02367355,-0.45353216,0.06859934,0.77044791,-0.41000000,-0.19691686,-0.26133132,0.21750018,0.07890628,0.68009889,0.12015652,0.33299682
-0.67755568,0.49707711,0.60440779,-0.04326418,0.15082128,-0.59045053,-0.79167509,-0.71699679,0.23990406,0.44999999,-0.14352089,0.00000000,-0.49543342,2.00000000,-0.10815635,-0.40000001,-0.40000001,0.97691250,0.00000000,0.36608356,1.43487120,-1.79999995,-0.40000001,-0.40000001,0.00942659,-0.40783304,0.07717320,0.69246256,-0.41000000,-0.19898123,-0.22315352,0.25082046,0.03041908,0.66136247,0.08128362,0.32151318
-0.67308986,0.49495718,0.60641259,-0.04633630,0.13148503,-0.59294987,-0.79307950,-0.68613011,0.22312211,0.44999999,-0.01905315,0.00000000,-0.50365007,2.00000000,-0.20262644,-0.40000001,-0.40000001,1.03264785,0.00000000,0.30034021,1.52815390,-1.79999995,-0.40000001,-0.40000001,0.00214774,-0.37664443,0.08911141,0.63314444,-0.41000000,-0.20844637,-0.18786281,0.27573732,-0.02182017,0.62372738,0.03199970,0.32263446
-0.66839200,0.49321133,0.60671347,-0.04625824,0.11571206,-0.59059614,-0.79728740,-0.65087348,0.20141177,0.44999999,0.10784259,0.00000000,-0.47260341,1.99955308,-0.32651561,-0.40000001,-0.40000001,1.05560982,0.00000000,0.24787946,1.60292947,-1.79999995,-0.40000001,-0.40000001,0.00361639,-0.36247465,0.10211758,0.59265941,-0.40849689,-0.22297452,-0.16064727,0.29047140,-0.07444856,0.57605642,-0.02439973,0.33523932
-0.66382152,0.49187660,0.60660923,-0.04365309,0.10505466,-0.58685696,-0.80165881,-0.61263520,0.18000275,0.44999999,0.22485273,0.00000000,-0.41172349,1.99361479,-0.45063135,-0.40000001,-0.40000001,1.05107427,0.00000000,0.21607050,1.65050292,-1.79999995,-0.40000001,-0.40000001,0.01123140,-0.36270824,0.11186363,0.56793398,-0.40424830,-0.23834316,-0.14371403,0.29242402,-0.11685608,0.53714764,-0.08249151,0.33773825
-0.65879464,0.49087200,0.60608429,-0.04015608,0.09939115,-0.58332413,-0.80513471,-0.57048386,0.16386853,0.44999999,0.32523111,0.00000000,-0.33460379,1.98417616,-0.55279016,-0.40000001,-0.40000001,1.03140640,0.00000000,0.20811041,1.67276132,-1.79999995,-0.40000001,-0.40000001,0.02173370,-0.37248117,0.11492773,0.55709475,-0.39748836,-0.25076562,-0.13905029,0.28536260,-0.14082614,0.51737559,-0.12477428,0.33388850
-0.65424776,0.49002466,0.60555762,-0.03733744,0.09805541,-0.58076829,-0.80727899,-0.52754653,0.15742142,0.44999999,0.40603343,0.00000000,-0.25026181,1.97368383,-0.61444652,-0.40000001,-0.40000001,1.00357056,0.00000000,0.21870111,1.67224050,-1.79999995,-0.40000001,-0.40000001,0.02870736,-0.38488978,0.11376810,0.55493367,-0.38884190,-0.25850809,-0.13987403,0.27444485,-0.14896098,0.51278520,-0.15029596,0.32770148
-0.65092963,0.48943067,0.60500848,-0.03611964,0.09970277,-0.57959664,-0.80797428,-0.49463692,0.15802324,0.44999999,0.45957094,0.00000000,-0.17299558,1.96290147,-0.60777617,-0.40000001,-0.40000001,0.96774286,0.00000000,0.24418673,1.64582753,-1.79999995,-0.40000001,-0.40000001,0.03041779,-0.39633271,0.11218489,0.55868244,-0.38007489,-0.26479980,-0.14202176,0.26491168,-0.14874586,0.52014309,-0.16344622,0.31977263
-0.64888090,0.48925015,0.60426348,-0.03618835,0.10207509,-0.57930189,-0.80788636,-0.47661155,0.16031006,0.44999999,0.48758453,0.00000000,-0.12043757,1.95321059,-0.54058194,-0.40000001,-0.40000001,0.92747414,0.00000000,0.27806857,1.60002351,-1.79999995,-0.40000001,-0.40000001,0.02960581,-0.40510419,0.11233415,0.56536406,-0.37406009,-0.27307653,-0.14388028,0.25936139,-0.14588571,0.53212798,-0.17312735,0.31151444
-0.64800823,0.48944080,0.60327214,-0.03696412,0.10408837,-0.57889271,-0.80788767,-0.47294116,0.15985036,0.44999999,0.50410426,0.00000000,-0.09291793,1.94820929,-0.45385739,-0.40000001,-0.40000001,0.88606179,0.00000000,0.31123981,1.54939675,-1.79999995,-0.40000001,-0.40000001,0.02850179,-0.41065723,0.11416899,0.57393295,-0.37171823,-0.28204876,-0.14575303,0.25770754,-0.14180204,0.54345256,-0.18272011,0.30447549
-0.64809215,0.48994818,0.60233647,-0.03809312,0.10551095,-0.57864273,-0.80782986,-0.48087335,0.15386812,0.44999999,0.51683819,0.00000000,-0.08613974,1.94854796,-0.36653304,-0.40000001,-0.40000001,0.84513205,0.00000000,0.34012571,1.49975860,-1.79999995,-0.40000001,-0.40000001,0.02737929,-0.41293800,0.11667074,0.58219934,-0.37235495,-0.29004613,-0.14754358,0.25914252,-0.13707338,0.55301255,-0.19141652,0.29944938
-0.64879239,0.49084008,0.60158157,-0.03939967,0.10620257,-0.57909018,-0.80735570,-0.49693164,0.14245149,0.44999999,0.53102791,0.00000000,-0.09753712,1.95361996,-0.29450536,-0.40000001,-0.40000001,0.80627084,0.00000000,0.36620975,1.45520377,-1.79999995,-0.40000001,-0.40000001,0.02698795,-0.41239211,0.11845832,0.58862418,-0.37513155,-0.29654428,-0.14862019,0.26304609,-0.13306199,0.56113356,-0.19853581,0.29673222
-0.64969170,0.49180576,0.60106283,-0.04096003,0.10623702,-0.58015704,-0.80650717,-0.50988108,0.12936392,0.44999999,0.54762632,0.00000000,-0.12312128,1.96440232,-0.25022596,-0.40000001,-0.40000001,0.77219212,0.00000000,0.39343148,1.42118621,-1.79999995,-0.40000001,-0.40000001,0.02779644,-0.40932721,0.11822704,0.59286356,-0.37798709,-0.30122399,-0.14920847,0.26905218,-0.13146967,0.56822377,-0.20418049,0.29615444
-0.65054864,0.49272248,0.60069925,-0.04270253,0.10589197,-0.58132964,-0.80561733,-0.51271272,0.11739139,0.44999999,0.56278336,0.00000000,-0.15081117,1.97454011,-0.22887130,-0.40000001,-0.40000001,0.74365813,0.00000000,0.42245570,1.39804506,-1.79999995,-0.40000001,-0.40000001,0.02965239,-0.40483940,0.11635382,0.59638876,-0.37960622,-0.30418554,-0.15005885,0.27633792,-0.13174510,0.57481730,-0.20900378,0.29675436
-0.65127993,0.49358356,0.60051197,-0.04430550,0.10505194,-0.58269036,-0.80465710,-0.50865895,0.10626741,0.44999999,0.57331485,0.00000000,-0.17489484,1.98547971,-0.21222115,-0.40000001,-0.40000001,0.71807814,0.00000000,0.45318311,1.37797236,-1.79999995,-0.40000001,-0.40000001,0.03241492,-0.39959276,0.11352443,0.59816837,-0.38035461,-0.30583635,-0.15081665,0.28370124,-0.13300622,0.57986635,-0.21321243,0.29804385
-0.65195787,0.49438813,0.60042453,-0.04560246,0.10404927,-0.58402067,-0.80374998,-0.50257397,0.09510910,0.44999999,0.58006519,0.00000000,-0.19367212,1.99457967,-0.19720753,-0.40000001,-0.40000001,0.69248545,0.00000000,0.48472965,1.35810947,-1.79999995,-0.40000001,-0.40000001,0.03526741,-0.39426607,0.11008608,0.59888321,-0.38071883,-0.30629915,-0.15104276,0.29038697,-0.13491711,0.58320302,-0.21660171,0.29989088
-0.65252262,0.49518251,0.60031128,-0.04667357,0.10324588,-0.58514637,-0.80297297,-0.49570277,0.08437584,0.44999999,0.58354676,0.00000000,-0.20720609,2.00000000,-0.18386963,-0.40000001,-0.40000001,0.66712052,0.00000000,0.51441109,1.33798575,-1.79999995,-0.40000001,-0.40000001,0.03789344,-0.38968527,0.10638509,0.60010839,-0.38107002,-0.30597082,-0.15108673,0.29635200,-0.13724667,0.58638084,-0.21930818,0.30208084
-0.65301567,0.49602196,0.60019809,-0.04750045,0.10250641,-0.58610702,-0.80231833,-0.48813611,0.07496023,0.44999999,0.58449817,0.00000000,-0.21496937,2.00000000,-0.17342174,-0.40000001,-0.40000001,0.64306891,0.00000000,0.54232830,1.31752563,-1.79999995,-0.40000001,-0.40000001,0.04064027,-0.38576692,0.10259913,0.60170525,-0.38158846,-0.30524287,-0.15111275,0.30168107,-0.13965751,0.58920944,-0.22145134,0.30450785
-0.65350354,0.49690852,0.60015434,-0.04810444,0.10155779,-0.58706385,-0.80170327,-0.48104337,0.06602271,0.44999999,0.58510625,0.00000000,-0.21815646,2.00000000,-0.16441710,-0.40000001,-0.40000001,0.62029928,0.00000000,0.56935567,1.29549766,-1.79999995,-0.40000001,-0.40000001,0.04371888,-0.38193819,0.09877893,0.60268497,-0.38215128,-0.30447194,-0.15141203,0.30668482,-0.14179584,0.59125292,-0.22306682,0.30705008
-0.65400398,0.49781135,0.60012895,-0.04859163,0.10055646,-0.58792806,-0.80116659,-0.47550794,0.05682787,0.44999999,0.58628947,0.00000000,-0.21882093,2.00000000,-0.15579024,-0.40000001,-0.40000001,0.59805292,0.00000000,0.59469479,1.27090681,-1.79999995,-0.40000001,-0.40000001,0.04679799,-0.37820062,0.09507293,0.60358930,-0.38272086,-0.30371216,-0.15206541,0.31145769,-0.14347020,0.59300691,-0.22424322,0.30960149
-0.65449107,0.49868354,0.60010952,-0.04904395,0.09947081,-0.58877951,-0.80064911,-0.47095677,0.04757269,0.44999999,0.58840519,0.00000000,-0.21965000,2.00000000,-0.14767067,-0.40000001,-0.40000001,0.57684463,0.00000000,0.61834997,1.24429464,-1.79999995,-0.40000001,-0.40000001,0.05011032,-0.37450445,0.09145912,0.60435301,-0.38323438,-0.30298525,-0.15297793,0.31608596,-0.14469235,0.59456360,-0.22521812,0.31208056
-0.65496635,0.49945402,0.60009682,-0.04956993,0.09829497,-0.58971423,-0.80007386,-0.46642908,0.03826113,0.44999999,0.59152615,0.00000000,-0.22196443,2.00000000,-0.14077528,-0.40000001,-0.40000001,0.55703706,0.00000000,0.64078349,1.21696818,-1.79999995,-0.40000001,-0.40000001,0.05372341,-0.37063009,0.08775866,0.60478008,-0.38360137,-0.30225953,-0.15390839,0.32073334,-0.14561774,0.59592211,-0.22617693,0.31446820
-0.65539503,0.50007010,0.60001802,-0.05033101,0.09723392,-0.59080058,-0.79935414,-0.46042958,0.02882950,0.44999999,0.59546131,0.00000000,-0.22636709,2.00000000,-0.13626595,-0.40000001,-0.40000001,0.53966916,0.00000000,0.66036940,1.19040167,-1.79999995,-0.40000001,-0.40000001,0.05762350,-0.36674693,0.08376869,0.60549980,-0.38387501,-0.30154413,-0.15493514,0.32566941,-0.14647077,0.59819758,-0.22735287,0.31666780
-0.65572268,0.50046718,0.59989029,-0.05129809,0.09630134,-0.59205699,-0.79847556,-0.45181033,0.01972736,0.44999999,0.59912872,0.00000000,-0.23213546,2.00000000,-0.13445073,-0.40000001,-0.40000001,0.52520585,0.00000000,0.67736506,1.16497874,-1.79999995,-0.40000001,-0.40000001,0.06175825,-0.36292261,0.07920138,0.60620433,-0.38402477,-0.30085173,-0.15605536,0.33068722,-0.14740901,0.60135180,-0.22891474,0.31860438
-0.65589178,0.50058389,0.59970814,-0.05242936,0.09554752,-0.59347486,-0.79743928,-0.43982950,0.01168154,0.44999999,0.60183281,0.00000000,-0.23783794,2.00000000,-0.13557315,-0.40000001,-0.40000001,0.51347679,0.00000000,0.69201761,1.14180923,-1.79999995,-0.40000001,-0.40000001,0.06615261,-0.35939449,0.07384422,0.60679549,-0.38398474,-0.30027246,-0.15735592,0.33555216,-0.14855246,0.60548514,-0.23100896,0.32015389
-0.65585184,0.50041342,0.59945679,-0.05364091,0.09505163,-0.59502220,-0.79626411,-0.42477223,0.00552536,0.44999999,0.60340875,0.00000000,-0.24232639,2.00000000,-0.13899453,-0.40000001,-0.40000001,0.50353235,0.00000000,0.70478904,1.12187874,-1.79999995,-0.40000001,-0.40000001,0.07076024,-0.35650346,0.06757585,0.60735744,-0.38380629,-0.29989615,-0.15894559,0.33996201,-0.14989527,0.61077482,-0.23372465,0.32119346
-0.65563560,0.50001180,0.59919566,-0.05472879,0.09464417,-0.59666455,-0.79500860,-0.40782467,0.00157825,0.44999999,0.60389560,0.00000000,-0.24545722,2.00000000,-0.14339434,-0.40000001,-0.40000001,0.49457544,0.00000000,0.71713221,1.10445952,-1.79999995,-0.40000001,-0.40000001,0.07549469,-0.35409975,0.06037024,0.60719723,-0.38358682,-0.29967567,-0.16067092,0.34357262,-0.15134829,0.61613780,-0.23692368,0.32180610
-0.65532905,0.49946535,0.59886640,-0.05570896,0.09438711,-0.59825355,-0.79377598,-0.39035550,-0.00059565,0.44999999,0.60404754,0.00000000,-0.24766491,2.00000000,-0.14795253,-0.40000001,-0.40000001,0.48608592,0.00000000,0.72857970,1.08927989,-1.79999995,-0.40000001,-0.40000001,0.08028124,-0.35215247,0.05249901,0.60712636,-0.38365817,-0.29954582,-0.16272128,0.34665331,-0.15269558,0.62174052,-0.24055783,0.32212150
-0.65497142,0.49883553,0.59841782,-0.05667876,0.09440430,-0.59973431,-0.79258698,-0.37340739,-0.00130653,0.44999999,0.60487336,0.00000000,-0.24976851,2.00000000,-0.15279277,-0.40000001,-0.40000001,0.47833306,0.00000000,0.73868412,1.07656097,-1.79999995,-0.40000001,-0.40000001,0.08538056,-0.35069022,0.04401406,0.60818511,-0.38440049,-0.29916996,-0.16524889,0.34940070,-0.15359072,0.62830108,-0.24470997,0.32221180
-0.65467906,0.49811998,0.59775794,-0.05792347,0.09495602,-0.60101110,-0.79146314,-0.35650256,-0.00091079,0.44999999,0.60688621,0.00000000,-0.25245583,2.00000000,-0.15830621,-0.40000001,-0.40000001,0.47278994,0.00000000,0.74602360,1.06614792,-1.79999995,-0.40000001,-0.40000001,0.09124371,-0.34951648,0.03470667,0.61211187,-0.38607594,-0.29807347,-0.16887051,0.35246277,-0.15344140,0.63721919,-0.24954037,0.32193151
-0.65452957,0.49728009,0.59662271,-0.05984859,0.09664776,-0.60187930,-0.79045475,-0.33865181,0.00029843,0.44999999,0.61092722,0.00000000,-0.25616792,2.00000000,-0.16531071,-0.40000001,-0.40000001,0.47115397,0.00000000,0.74885410,1.05768847,-1.79999995,-0.40000001,-0.40000001,0.09804031,-0.34896466,0.02400153,0.62170154,-0.38898075,-0.29637620,-0.17532118,0.35675380,-0.15118718,0.65161419,-0.25533846,0.32078362
-0.65446854,0.49627948,0.59470785,-0.06274107,0.10010623,-0.60230225,-0.78947723,-0.31820390,0.00291682,0.44999999,0.61701155,0.00000000,-0.26143140,2.00000000,-0.17441621,-0.40000001,-0.40000001,0.47461587,0.00000000,0.74606580,1.05157244,-1.79999995,-0.40000001,-0.40000001,0.10635397,-0.35002542,0.01100293,0.63947225,-0.39362764,-0.29462558,-0.18701486,0.36291492,-0.14575392,0.67549056,-0.26252225,0.31757024
-0.65397400,0.49494901,0.59163696,-0.06678469,0.10567388,-0.60236251,-0.78837317,-0.29276535,0.00865483,0.44999999,0.62612289,0.00000000,-0.26909283,2.00000000,-0.18777966,-0.40000001,-0.40000001,0.48499358,0.00000000,0.73660409,1.05042970,-1.79999995,-0.40000001,-0.40000001,0.11814745,-0.35431379,-0.00649606,0.66713452,-0.39867565,-0.29406270,-0.20712833,0.37079257,-0.13559192,0.71328795,-0.27281338,0.30954808
-0.65242100,0.49312496,0.58724529,-0.07175901,0.11280766,-0.60218209,-0.78708434,-0.26370710,0.01774556,0.44999999,0.63890606,0.00000000,-0.27838567,2.00000000,-0.21020170,-0.40000001,-0.40000001,0.50106484,0.00000000,0.72171670,1.05908048,-1.79999995,-0.40000001,-0.40000001,0.13474861,-0.36261198,-0.03020981,0.70248187,-0.40311956,-0.29719096,-0.23821802,0.38024521,-0.12103607,0.76637983,-0.28873011,0.29292995
-0.64896333,0.49072537,0.58179814,-0.07706270,0.12008002,-0.60187250,-0.78574270,-0.23384146,0.02919998,0.44999999,0.65533686,0.00000000,-0.28598544,2.00000000,-0.24770141,-0.40000001,-0.40000001,0.51831174,0.00000000,0.70660460,1.08273733,-1.79999995,-0.40000001,-0.40000001,0.15693675,-0.37461615,-0.06142060,0.73999608,-0.40675661,-0.30716774,-0.28163540,0.39102769,-0.10402191,0.83250511,-0.31379974,0.26275748
-0.64285988,0.48766539,0.57630199,-0.08148134,0.12505256,-0.60162228,-0.78471226,-0.20516023,0.04130325,0.44999999,0.67295319,0.00000000,-0.28717017,2.00000000,-0.29805809,-0.40000001,-0.40000001,0.53012276,0.00000000,0.69799060,1.12163341,-1.79999995,-0.40000001,-0.40000001,0.18446663,-0.38917843,-0.09719743,0.76967686,-0.40927574,-0.32423991,-0.33522618,0.40247384,-0.09045491,0.90314555,-0.34195581,0.21600354
-0.63353711,0.48384807,0.57185519,-0.08401269,0.12613201,-0.60078663,-0.78491271,-0.17722638,0.05120445,0.44999999,0.68800592,0.00000000,-0.27839747,2.00000000,-0.35489222,-0.40000001,-0.40000001,0.52764338,0.00000000,0.70123196,1.17123938,-1.79999995,-0.40000001,-0.40000001,0.21122970,-0.40542638,-0.13104285,0.78262001,-0.40682831,-0.34689581,-0.39272085,0.41106194,-0.08193997,0.96668506,-0.36788267,0.16085212
-0.62059647,0.47936347,0.56991780,-0.08411877,0.12186761,-0.59838837,-0.78740311,-0.14812046,0.05600001,0.44999999,0.69506460,0.00000000,-0.25710773,2.00000000,-0.41276851,-0.40000001,-0.40000001,0.49821249,0.00000000,0.72334272,1.22394121,-1.79999995,-0.40000001,-0.40000001,0.23150291,-0.42295581,-0.15257449,0.77183688,-0.38196540,-0.37419817,-0.44679037,0.40912306,-0.07567324,1.01090980,-0.38984555,0.10856786
-0.60391164,0.47427151,0.57103771,-0.08301044,0.11302646,-0.59281069,-0.79303831,-0.11319873,0.05776034,0.44999999,0.69119495,0.00000000,-0.22584993,2.00000000,-0.45879120,-0.40000001,-0.40000001,0.43802431,0.00000000,0.76219726,1.26649714,-1.79999995,-0.40000001,-0.40000001,0.24567910,-0.44073057,-0.15530953,0.74538499,-0.32388395,-0.39526913,-0.49038175,0.39432389,-0.07091375,1.03237724,-0.40515891,0.06559460
-0.58468455,0.46895370,0.57530838,-0.08166444,0.10118242,-0.58306855,-0.80195022,-0.06963169,0.05858044,0.44999999,0.67735487,0.00000000,-0.18772687,2.00000000,-0.48350611,-0.40000001,-0.40000001,0.35139632,0.00000000,0.81181997,1.29122245,-1.79999995,-0.40000001,-0.40000001,0.25865281,-0.45779067,-0.13117549,0.71721750,-0.23352681,-0.39693561,-0.51636863,0.36667496,-0.06749338,1.02873504,-0.41000000,0.03409582
-0.56376702,0.46396708,0.58161259,-0.08274527,0.08890167,-0.56792384,-0.81407142,-0.02362264,0.06295504,0.44999999,0.65910703,0.00000000,-0.14839885,2.00000000,-0.48849291,-0.40000001,-0.40000001,0.25828850,0.00000000,0.85368496,1.30132437,-1.79999995,-0.40000001,-0.40000001,0.27324271,-0.46841106,-0.09300533,0.70941275,-0.12578298,-0.37446955,-0.52534753,0.33052343,-0.05828825,1.00906825,-0.41000000,0.01492423
-0.54243660,0.45959276,0.59048861,-0.08481479,0.07908491,-0.54544991,-0.83008224,0.04431672,0.06487013,0.44999999,0.64522183,0.00000000,-0.10967423,2.00000000,-0.47049391,-0.40000001,-0.40000001,0.15489393,0.00000000,0.90064961,1.29214251,-1.79999995,-0.40000001,-0.40000001,0.27764010,-0.46349475,-0.05452419,0.72790283,-0.00069939,-0.31570202,-0.49898008,0.27703863,-0.04761299,0.96167171,-0.41000000,-0.00454095
-0.52107656,0.45622739,0.59964913,-0.09009904,0.07053332,-0.51842803,-0.84743118,0.10955919,0.07241694,0.44999999,0.63748443,0.00000000,-0.07835753,1.99974430,-0.44260803,-0.40000001,-0.40000001,0.07019006,0.00000000,0.93113512,1.27597547,-1.79999995,-0.40000001,-0.40000001,0.28820875,-0.43908855,-0.02148129,0.78047752,0.10491589,-0.24618165,-0.45985907,0.22847828,-0.03679858,0.91087067,-0.41000000,-0.02449382
-0.50127620,0.45442322,0.60853124,-0.09723003,0.06388102,-0.48876333,-0.86462474,0.17104302,0.08304226,0.44999999,0.63992971,0.00000000,-0.05289080,1.99695945,-0.41114670,-0.40000001,-0.40000001,0.00930742,0.00000000,0.94676095,1.25995326,-1.79999995,-0.40000001,-0.40000001,0.30692738,-0.39202005,0.00242253,0.86080098,0.17613040,-0.17593209,-0.40918106,0.18774043,-0.02576650,0.85723132,-0.41000000,-0.04623749
-0.48364863,0.45413786,0.61525440,-0.10050531,0.06171463,-0.45598337,-0.88213897,0.23298377,0.08762371,0.44999999,0.65519398,0.00000000,-0.03237691,1.98345327,-0.36492956,-0.40000001,-0.40000001,-0.03196153,0.00000000,0.94352102,1.23464978,-1.79999995,-0.40000001,-0.40000001,0.34607840,-0.32472575,-0.01118374,0.96684492,0.19148073,-0.10537037,-0.34957117,0.14161797,-0.01094785,0.80282962,-0.41000000,-0.06783050
-0.46668682,0.45484975,0.62147838,-0.09869432,0.06330094,-0.42745790,-0.89639956,0.30597124,0.07174067,0.44999999,0.69949192,0.00000000,-0.04765444,1.98345327,-0.31749165,-0.40000001,-0.40000001,-0.07324636,0.00000000,0.97048402,1.20117366,-1.79999995,-0.40000001,-0.40000001,0.38419279,-0.23111792,-0.05069850,1.05209565,0.16945815,-0.05428297,-0.25747621,0.08816213,-0.02111683,0.72288769,-0.41000000,-0.09027487
-0.44967124,0.45635778,0.62405586,-0.09392284,0.06565270,-0.40741983,-0.90602279,0.35302883,0.05107909,0.44999999,0.75033385,0.00000000,-0.08958317,1.98345327,-0.28811195,-0.40000001,-0.40000001,-0.09827024,0.00000000,0.98918378,1.17038858,-1.79999995,-0.40000001,-0.40000001,0.43832430,-0.12921339,-0.09583206,1.09962165,0.11033395,-0.03886527,-0.17655577,0.04084859,-0.04235011,0.65707380,-0.41000000,-0.10527328
-0.43257359,0.45866352,0.62330920,-0.08260040,0.07070524,-0.39432898,-0.91251445,0.39373010,0.01827935,0.44999999,0.80242848,0.00000000,-0.14980115,1.98370910,-0.26903260,-0.40000001,-0.40000001,-0.12590833,0.00000000,1.01229978,1.13577247,-1.79999995,-0.40000001,-0.40000001,0.48713925,-0.02610645,-0.14745104,1.08422244,0.03126965,-0.03621334,-0.09286983,-0.01827320,-0.07574785,0.59138787,-0.41000000,-0.12099537
-0.41403383,0.46152791,0.61948723,-0.06624667,0.07806128,-0.38196561,-0.91848797,0.43644431,-0.02697050,0.44999999,0.85034847,0.00000000,-0.21990807,1.98649383,-0.26141876,-0.40000001,-0.40000001,-0.15239729,0.00000000,1.03677487,1.09980059,-1.79999995,-0.40000001,-0.40000001,0.51551610,0.06258358,-0.19429368,0.99071521,-0.06167325,-0.04664623,-0.01223277,-0.08312318,-0.11830553,0.53477013,-0.41000000,-0.13644445
-0.39302474,0.46493497,0.61470258,-0.05275023,0.08572585,-0.36264348,-0.92647624,0.48550794,-0.07080562,0.44999999,0.88406795,0.00000000,-0.28373298,1.99809837,-0.26839930,-0.40000001,-0.40000001,-0.16299169,0.00000000,1.05716789,1.06564879,-1.79999995,-0.40000001,-0.40000001,0.50885820,0.13382311,-0.19986340,0.82997924,-0.14892766,-0.08188386,0.05842226,-0.13210121,-0.16148084,0.50406444,-0.41000000,-0.14764825
-0.37103611,0.46894005,0.60800767,-0.04138002,0.09311686,-0.33316225,-0.93734723,0.53867936,-0.10207734,0.44999999,0.88751566,0.00000000,-0.31121275,1.99378014,-0.27719888,-0.40000001,-0.40000001,-0.15288712,0.00000000,1.04380906,1.03714228,-1.79999995,-0.40000001,-0.40000001,0.49206641,0.17521794,-0.16432491,0.66242790,-0.22306232,-0.13223335,0.09854385,-0.16761422,-0.18056543,0.51457232,-0.41000000,-0.15155147
-0.34868160,0.47322875,0.60194260,-0.03157470,0.09910919,-0.29720750,-0.94913024,0.60058582,-0.12614533,0.44999999,0.88018650,0.00000000,-0.31886354,1.99084711,-0.28043035,-0.40000001,-0.40000001,-0.13405316,0.00000000,1.02252913,1.01591730,-1.79999995,-0.40000001,-0.40000001,0.46649206,0.19583896,-0.11234764,0.52089489,-0.27862501,-0.17832166,0.12694490,-0.19138527,-0.19065168,0.53977096,-0.41000000,-0.15210672
-0.32593310,0.47817934,0.59792018,-0.02596810,0.10388110,-0.25415310,-0.96121830,0.66964769,-0.14303681,0.44999999,0.87068623,0.00000000,-0.31214970,1.98900914,-0.27676225,-0.40000001,-0.40000001,-0.10569340,0.00000000,0.99522746,0.99939245,-1.79999995,-0.40000001,-0.40000001,0.43504077,0.20000000,-0.05742359,0.42565879,-0.31470403,-0.21680270,0.14857939,-0.20000000,-0.18908170,0.57912958,-0.41000000,-0.15148845
