ean surrogate loss: -0.0182
                 Mean entropy loss: 26.5898
                       Mean reward: 0.06
               Mean episode length: 6.26
Episode_Reward/motion_global_anchor_pos: 0.0057
Episode_Reward/motion_global_anchor_ori: 0.0045
    Episode_Reward/motion_body_pos: 0.0108
    Episode_Reward/motion_body_ori: 0.0006
Episode_Reward/motion_body_lin_vel: 0.0019
Episode_Reward/motion_body_ang_vel: 0.0000
     Episode_Reward/action_rate_l2: -0.0164
        Episode_Reward/joint_limit: -0.0017
 Episode_Reward/undesired_contacts: 0.0000
   Metrics/motion/error_anchor_pos: 0.0673
   Metrics/motion/error_anchor_rot: 0.2196
Metrics/motion/error_anchor_lin_vel: 0.7313
Metrics/motion/error_anchor_ang_vel: 4.4002
     Metrics/motion/error_body_pos: 0.0930
     Metrics/motion/error_body_rot: 0.7081
    Metrics/motion/error_joint_pos: 2.6350
    Metrics/motion/error_joint_vel: 30.7275
   Metrics/motion/sampling_entropy: 0.9893
 Metrics/motion/sampling_top1_prob: 0.1015
  Metrics/motion/sampling_top1_bin: 0.3846
 Metrics/motion/error_body_lin_vel: 1.4686
 Metrics/motion/error_body_ang_vel: 9.2311
      Episode_Termination/time_out: 0.0000
    Episode_Termination/anchor_pos: 0.0833
    Episode_Termination/anchor_ori: 0.0000
   Episode_Termination/ee_body_pos: 685.5834
--------------------------------------------------------------------------------
                   Total timesteps: 8454144
                    Iteration time: 1.14s
                      Time elapsed: 00:01:47
                               ETA: 01:42:46

################################################################################
                      [1m Learning iteration 86/5000 [0m                      

                       Computation: 46087 steps/s (collection: 2.045s, learning 0.088s)
             Mean action noise std: 0.60
          Mean value_function loss: 0.0004
               Mean surrogate loss: -0.0185
                 Mean entropy loss: 26.4492
                       Mean reward: 0.06
               Mean episode length: 6.03
Episode_Reward/motion_global_anchor_pos: 0.0058
Episode_Reward/motion_global_anchor_ori: 0.0046
    Episode_Reward/motion_body_pos: 0.0110
    Episode_Reward/motion_body_ori: 0.0006
Episode_Reward/motion_body_lin_vel: 0.0020
Episode_Reward/motion_body_ang_vel: 0.0000
     Episode_Reward/action_rate_l2: -0.0164
        Episode_Reward/joint_limit: -0.0018
 Episode_Reward/undesired_contacts: 0.0000
   Metrics/motion/error_anchor_pos: 0.0676
   Metrics/motion/error_anchor_rot: 0.2200
Metrics/motion/error_anchor_lin_vel: 0.7297
Metrics/motion/error_anchor_ang_vel: 4.4204
     Metrics/motion/error_body_pos: 0.0932
     Metrics/motion/error_body_rot: 0.7095
    Metrics/motion/error_joint_pos: 2.6434
    Metrics/motion/error_joint_vel: 30.5549
   Metrics/motion/sampling_entropy: 0.9893
 Metrics/motion/sampling_top1_prob: 0.1016
  Metrics/motion/sampling_top1_bin: 0.3846
 Metrics/motion/error_body_lin_vel: 1.4596
 Metrics/motion/error_body_ang_vel: 9.1610
      Episode_Termination/time_out: 0.0000
    Episode_Termination/anchor_pos: 0.0417
    Episode_Termination/anchor_ori: 0.0000
   Episode_Termination/ee_body_pos: 678.2500
--------------------------------------------------------------------------------
                   Total timesteps: 8552448
                    Iteration time: 2.13s
                      Time elapsed: 00:01:50
                               ETA: 01:43:34

################################################################################
                      [1m Learning iteration 87/5000 [0m                      

                       Computation: 86917 steps/s (collection: 1.044s, learning 0.087s)
             Mean action noise std: 0.60
          Mean value_function loss: 0.0005
               Mean surrogate loss: -0.0180
                 Mean entropy loss: 26.3103
                       Mean reward: 0.06
               Mean episode length: 6.23
Episode_Reward/motion_global_anchor_pos: 0.0058
Episode_Reward/motion_global_anchor_ori: 0.0046
    Episode_Reward/motion_body_pos: 0.0111
    Episode_Reward/motion_body_ori: 0.0006
Episode_Reward/motion_body_lin_vel: 0.0020
Episode_Reward/motion_body_ang_vel: 0.0000
     Episode_Reward/action_rate_l2: -0.0165
        Episode_Reward/joint_limit: -0.0018
 Episode_Reward/undesired_contacts: 0.0000
   Metrics/motion/error_anchor_pos: 0.0681
   Metrics/motion/error_anchor_rot: 0.2208
Metrics/motion/error_anchor_lin_vel: 0.7349
Metrics/motion/error_anchor_ang_vel: 4.3991
     Metrics/motion/error_body_pos: 0.0937
     Metrics/motion/error_body_rot: 0.7109
    Metrics/motion/error_joint_pos: 2.6600
    Metrics/motion/error_joint_vel: 30.3756
   Metrics/motion/sampling_entropy: 0.9893
 Metrics/motion/sampling_top1_prob: 0.1018
  Metrics/motion/sampling_top1_bin: 0.3846
 Metrics/motion/error_body_lin_vel: 1.4550
 Metrics/motion/error_body_ang_vel: 9.1078
      Episode_Termination/time_out: 0.0000
    Episode_Termination/anchor_pos: 0.0417
    Episode_Termination/anchor_ori: 0.0000
   Episode_Termination/ee_body_pos: 667.0417
--------------------------------------------------------------------------------
                   Total timesteps: 8650752
                    Iteration time: 1.13s
                      Time elapsed: 00:01:51
                               ETA: 01:43:25

################################################################################
                      [1m Learning iteration 88/5000 [0m                      

                       Computation: 84317 steps/s (collection: 1.078s, learning 0.088s)
             Mean action noise std: 0.60
          Mean value_function loss: 0.0005
               Mean surrogate loss: -0.0177
                 Mean entropy loss: 26.1738
                       Mean reward: 0.07
               Mean episode length: 6.06
Episode_Reward/motion_global_anchor_pos: 0.0059
Episode_Reward/motion_global_anchor_ori: 0.0047
    Episode_Reward/motion_body_pos: 0.0112
    Episode_Reward/motion_body_ori: 0.0006
Episode_Reward/motion_body_lin_vel: 0.0021
Episode_Reward/motion_body_ang_vel: 0.0000
     Episode_Reward/action_rate_l2: -0.0165
        Episode_Reward/joint_limit: -0.0017
 Episode_Reward/undesired_contacts: 0.0000
   Metrics/motion/error_anchor_pos: 0.0686
   Metrics/motion/error_anchor_rot: 0.2201
Metrics/motion/error_anchor_lin_vel: 0.7307
Metrics/motion/error_anchor_ang_vel: 4.3733
     Metrics/motion/error_body_pos: 0.0942
     Metrics/motion/error_body_rot: 0.7130
    Metrics/motion/error_joint_pos: 2.6759
    Metrics/motion/error_joint_vel: 30.2441
   Metrics/motion/sampling_entropy: 0.9892
 Metrics/motion/sampling_top1_prob: 0.1019
  Metrics/motion/sampling_top1_bin: 0.3846
 Metrics/motion/error_body_lin_vel: 1.4453
 Metrics/motion/error_body_ang_vel: 9.0580
      Episode_Termination/time_out: 0.0000
    Episode_Termination/anchor_pos: 0.1667
    Episode_Termination/anchor_ori: 0.0000
   Episode_Termination/ee_body_pos: 658.8750
--------------------------------------------------------------------------------
                   Total timesteps: 8749056
                    Iteration time: 1.17s
                      Time elapsed: 00:01:52
                               ETA: 01:43:19

################################################################################
                      [1m Learning iteration 89/5000 [0m                      

                       Computation: 83007 steps/s (collection: 1.097s, learning 0.087s)
             Mean action noise std: 0.59
          Mean value_function loss: 0.0006
               Mean surrogate loss: -0.0163
                 Mean entropy loss: 26.0516
                       Mean reward: 0.07
               Mean episode length: 6.30
Episode_Reward/motion_global_anchor_pos: 0.0060
Episode_Reward/motion_global_anchor_ori: 0.0048
    Episode_Reward/motion_body_pos: 0.0114
    Episode_Reward/motion_body_ori: 0.0006
Episode_Reward/motion_body_lin_vel: 0.0022
Episode_Reward/motion_body_ang_vel: 0.0000
     Episode_Reward/action_rate_l2: -0.0167
        Episode_Reward/joint_limit: -0.0018
 Episode_Reward/undesired_contacts: 0.0000
   Metrics/motion/error_anchor_pos: 0.0693
   Metrics/motion/error_anchor_rot: 0.2205
Metrics/motion/error_anchor_lin_vel: 0.7327
Metrics/motion/error_anchor_ang_vel: 4.3603
     Metrics/motion/error_body_pos: 0.0946
     Metrics/motion/error_body_rot: 0.7142
    Metrics/motion/error_joint_pos: 2.6898
    Metrics/motion/error_joint_vel: 29.9931
   Metrics/motion/sampling_entropy: 0.9892
 Metrics/motion/sampling_top1_prob: 0.1019
  Metrics/motion/sampling_top1_bin: 0.3846
 Metrics/motion/error_body_lin_vel: 1.4339
 Metrics/motion/error_body_ang_vel: 8.9961
      Episode_Termination/time_out: 0.0000
    Episode_Termination/anchor_pos: 0.0833
    Episode_Termination/anchor_ori: 0.0000
   Episode_Termination/ee_body_pos: 650.7917
--------------------------------------------------------------------------------
                   Total timesteps: 8847360
                    Iteration time: 1.18s
                      Time elapsed: 00:01:53
                               ETA: 01:43:13

################################################################################
                      [1m Learning iteration 90/5000 [0m                      

                       Computation: 81930 steps/s (collection: 1.113s, learning 0.086s)
             Mean action noise std: 0.59
          Mean value_function loss: 0.0006
               Mean surrogate loss: -0.0146
                 Mean entropy loss: 25.9712
                       Mean reward: 0.06
               Mean episode length: 6.31
Episode_Reward/motion_global_anchor_pos: 0.0060
Episode_Reward/motion_global_anchor_ori: 0.0048
    Episode_Reward/motion_body_pos: 0.0115
    Episode_Reward/motion_body_ori: 0.0006
Episode_Reward/motion_body_lin_vel: 0.0022
Episode_Reward/motion_body_ang_vel: 0.0000
     Episode_Reward/action_rate_l2: -0.0167
        Episode_Reward/joint_limit: -0.0018
 Episode_Reward/undesired_contacts: 0.0000
   Metrics/motion/error_anchor_pos: 0.0704
   Metrics/motion/error_anchor_rot: 0.2211
Metrics/motion/error_anchor_lin_vel: 0.7397
Metrics/motion/error_anchor_ang_vel: 4.3602
     Metrics/motion/error_body_pos: 0.0951
     Metrics/motion/error_body_rot: 0.7154
    Metrics/motion/error_joint_pos: 2.6960
    Metrics/motion/error_joint_vel: 29.8955
   Metrics/motion/sampling_entropy: 0.9892
 Metrics/motion/sampling_top1_prob: 0.1020
  Metrics/motion/sampling_top1_bin: 0.3846
 Metrics/motion/error_body_lin_vel: 1.4347
 Metrics/motion/error_body_ang_vel: 8.9726
      Episode_Termination/time_out: 0.0000
    Episode_Termination/anchor_pos: 0.2083
    Episode_Termination/anchor_ori: 0.0000
   Episode_Termination/ee_body_pos: 643.6250
--------------------------------------------------------------------------------
                   Total timesteps: 8945664
                    Iteration time: 1.20s
                      Time elapsed: 00:01:54
                               ETA: 01:43:08

################################################################################
                      [1m Learning iteration 91/5000 [0m                      

                       Computation: 81628 steps/s (collection: 1.117s, learning 0.088s)
             Mean action noise std: 0.59
          Mean value_function loss: 0.0006
               Mean surrogate loss: -0.0167
                 Mean entropy loss: 25.8700
                       Mean reward: 0.07
               Mean episode length: 6.42
Episode_Reward/motion_global_anchor_pos: 0.0062
Episode_Reward/motion_global_anchor_ori: 0.0049
    Episode_Reward/motion_body_pos: 0.0117
    Episode_Reward/motion_body_ori: 0.0006
Episode_Reward/motion_body_lin_vel: 0.0024
Episode_Reward/motion_body_ang_vel: 0.0000
     Episode_Reward/action_rate_l2: -0.0169
        Episode_Reward/joint_limit: -0.0018
 Episode_Reward/undesired_contacts: 0.0000
   Metrics/motion/error_anchor_pos: 0.0704
   Metrics/motion/error_anchor_rot: 0.2203
Metrics/motion/error_anchor_lin_vel: 0.7365
Metrics/motion/error_anchor_ang_vel: 4.3475
     Metrics/motion/error_body_pos: 0.0953
     Metrics/motion/error_body_rot: 0.7149
    Metrics/motion/error_joint_pos: 2.7197
    Metrics/motion/error_joint_vel: 29.7485
   Metrics/motion/sampling_entropy: 0.9892
 Metrics/motion/sampling_top1_prob: 0.1022
  Metrics/motion/sampling_top1_bin: 0.3846
 Metrics/motion/error_body_lin_vel: 1.4180
 Metrics/motion/error_body_ang_vel: 8.9011
      Episode_Termination/time_out: 0.0000
    Episode_Termination/anchor_pos: 0.0417
    Episode_Termination/anchor_ori: 0.0000
   Episode_Termination/ee_body_pos: 631.3334
--------------------------------------------------------------------------------
                   Total timesteps: 9043968
                    Iteration time: 1.20s
                      Time elapsed: 00:01:55
                               ETA: 01:43:04

################################################################################
                      [1m Learning iteration 92/5000 [0m                      

                       Computation: 75275 steps/s (collection: 1.203s, learning 0.103s)
             Mean action noise std: 0.59
          Mean value_function loss: 0.0005
               Mean surrogate loss: -0.0170
                 Mean entropy loss: 25.7526
                       Mean reward: 0.07
               Mean episode length: 6.72
Episode_Reward/motion_global_anchor_pos: 0.0062
Episode_Reward/motion_global_anchor_ori: 0.0050
    Episode_Reward/motion_body_pos: 0.0119
    Episode_Reward/motion_body_ori: 0.0006
Episode_Reward/motion_body_lin_vel: 0.0024
Episode_Reward/motion_body_ang_vel: 0.0000
     Episode_Reward/action_rate_l2: -0.0170
        Episode_Reward/joint_limit: -0.0018
 Episode_Reward/undesired_contacts: 0.0000
   Metrics/motion/error_anchor_pos: 0.0714
   Metrics/motion/error_anchor_rot: 0.2214
Metrics/motion/error_anchor_lin_vel: 0.7348
Metrics/motion/error_anchor_ang_vel: 4.3071
     Metrics/motion/error_body_pos: 0.0958
     Metrics/motion/error_body_rot: 0.7167
    Metrics/motion/error_joint_pos: 2.7312
    Metrics/motion/error_joint_vel: 29.5325
   Metrics/motion/sampling_entropy: 0.9891
 Metrics/motion/sampling_top1_prob: 0.1023
  Metrics/motion/sampling_top1_bin: 0.3846
 Metrics/motion/error_body_lin_vel: 1.4071
 Metrics/motion/error_body_ang_vel: 8.8141
      Episode_Termination/time_out: 0.0000
    Episode_Termination/anchor_pos: 0.0833
    Episode_Termination/anchor_ori: 0.0000
   Episode_Termination/ee_body_pos: 622.1667
--------------------------------------------------------------------------------
                   Total timesteps: 9142272
                    Iteration time: 1.31s
                      Time elapsed: 00:01:57
                               ETA: 01:43:05

################################################################################
                      [1m Learning iteration 93/5000 [0m                      

                       Computation: 77825 steps/s (collection: 1.171s, learning 0.092s)
             Mean action noise std: 0.58
          Mean value_function loss: 0.0006
               Mean surrogate loss: -0.0179
                 Mean entropy loss: 25.6407
                       Mean reward: 0.08
               Mean episode length: 7.11
Episode_Reward/motion_global_anchor_pos: 0.0064
Episode_Reward/motion_global_anchor_ori: 0.0051
    Episode_Reward/motion_body_pos: 0.0121
    Episode_Reward/motion_body_ori: 0.0006
Episode_Reward/motion_body_lin_vel: 0.0026
Episode_Reward/motion_body_ang_vel: 0.0000
     Episode_Reward/action_rate_l2: -0.0173
        Episode_Reward/joint_limit: -0.0019
 Episode_Reward/undesired_contacts: 0.0000
   Metrics/motion/error_anchor_pos: 0.0729
   Metrics/motion/error_anchor_rot: 0.2225
Metrics/motion/error_anchor_lin_vel: 0.7427
Metrics/motion/error_anchor_ang_vel: 4.3179
     Metrics/motion/error_body_pos: 0.0969
     Metrics/motion/error_body_rot: 0.7199
    Metrics/motion/error_joint_pos: 2.7444
    Metrics/motion/error_joint_vel: 29.2843
   Metrics/motion/sampling_entropy: 0.9891
 Metrics/motion/sampling_top1_prob: 0.1024
  Metrics/motion/sampling_top1_bin: 0.3846
 Metrics/motion/error_body_lin_vel: 1.4085
 Metrics/motion/error_body_ang_vel: 8.7465
      Episode_Termination/time_out: 0.0000
    Episode_Termination/anchor_pos: 0.1250
    Episode_Termination/anchor_ori: 0.0000
   Episode_Termination/ee_body_pos: 610.1667
--------------------------------------------------------------------------------
                   Total timesteps: 9240576
                    Iteration time: 1.26s
                      Time elapsed: 00:01:58
                               ETA: 01:43:04

################################################################################
                      [1m Learning iteration 94/5000 [0m                      

                       Computation: 81544 steps/s (collection: 1.124s, learning 0.081s)
             Mean action noise std: 0.58
          Mean value_function loss: 0.0006
               Mean surrogate loss: -0.0174
                 Mean entropy loss: 25.4940
                       Mean reward: 0.08
               Mean episode length: 6.86
Episode_Reward/motion_global_anchor_pos: 0.0064
Episode_Reward/motion_global_anchor_ori: 0.0051
    Episode_Reward/motion_body_pos: 0.0123
    Episode_Reward/motion_body_ori: 0.0007
Episode_Reward/motion_body_lin_vel: 0.0026
Episode_Reward/motion_body_ang_vel: 0.0000
     Episode_Reward/action_rate_l2: -0.0174
        Episode_Reward/joint_limit: -0.0019
 Episode_Reward/undesired_contacts: 0.0000
   Metrics/motion/error_anchor_pos: 0.0730
   Metrics/motion/error_anchor_rot: 0.2230
Metrics/motion/error_anchor_lin_vel: 0.7406
Metrics/motion/error_anchor_ang_vel: 4.3042
     Metrics/motion/error_body_pos: 0.0972
     Metrics/motion/error_body_rot: 0.7196
    Metrics/motion/error_joint_pos: 2.7493
    Metrics/motion/error_joint_vel: 29.1147
   Metrics/motion/sampling_entropy: 0.9891
 Metrics/motion/sampling_top1_prob: 0.1024
  Metrics/motion/sampling_top1_bin: 0.3846
 Metrics/motion/error_body_lin_vel: 1.3942
 Metrics/motion/error_body_ang_vel: 8.7213
      Episode_Termination/time_out: 0.0000
    Episode_Termination/anchor_pos: 0.0000
    Episode_Termination/anchor_ori: 0.0000
   Episode_Termination/ee_body_pos: 598.2917
--------------------------------------------------------------------------------
                   Total timesteps: 9338880
                    Iteration time: 1.21s
                      Time elapsed: 00:01:59
                               ETA: 01:43:00

################################################################################
                      [1m Learning iteration 95/5000 [0m                      

                       Computation: 82496 steps/s (collection: 1.101s, learning 0.091s)
             Mean action noise std: 0.58
          Mean value_function loss: 0.0006
               Mean surrogate loss: -0.0146
                 Mean entropy loss: 25.4250
                       Mean reward: 0.09
               Mean episode length: 7.44
Episode_Reward/motion_global_anchor_pos: 0.0066
Episode_Reward/motion_global_anchor_ori: 0.0052
    Episode_Reward/motion_body_pos: 0.0125
    Episode_Reward/motion_body_ori: 0.0007
Episode_Reward/motion_body_lin_vel: 0.0028
Episode_Reward/motion_body_ang_vel: 0.0000
     Episode_Reward/action_rate_l2: -0.0177
        Episode_Reward/joint_limit: -0.0020
 Episode_Reward/undesired_contacts: 0.0000
   Metrics/motion/error_anchor_pos: 0.0745
   Metrics/motion/error_anchor_rot: 0.2213
Metrics/motion/error_anchor_lin_vel: 0.7438
Metrics/motion/error_anchor_ang_vel: 4.2640
     Metrics/motion/error_body_pos: 0.0979
     Metrics/motion/error_body_rot: 0.7209
    Metrics/motion/error_joint_pos: 2.7584
    Metrics/motion/error_joint_vel: 28.9519
   Metrics/motion/sampling_entropy: 0.9891
 Metrics/motion/sampling_top1_prob: 0.1025
  Metrics/motion/sampling_top1_bin: 0.3846
 Metrics/motion/error_body_lin_vel: 1.3891
 Metrics/motion/error_body_ang_vel: 8.6588
      Episode_Termination/time_out: 0.0000
    Episode_Termination/anchor_pos: 0.2083
    Episode_Termination/anchor_ori: 0.0000
   Episode_Termination/ee_body_pos: 588.6667
--------------------------------------------------------------------------------
                   Total timesteps: 9437184
                    Iteration time: 1.19s
                      Time elapsed: 00:02:00
                               ETA: 01:42:55

################################################################################
                      [1m Learning iteration 96/5000 [0m                      

                       Computation: 83365 steps/s (collection: 1.089s, learning 0.090s)
             Mean action noise std: 0.58
          Mean value_function loss: 0.0007
               Mean surrogate loss: -0.0149
                 Mean entropy loss: 25.3217
                       Mean reward: 0.09
               Mean episode length: 7.02
Episode_Reward/motion_global_anchor_pos: 0.0067
Episode_Reward/motion_global_anchor_ori: 0.0053
    Episode_Reward/motion_body_pos: 0.0127
    Episode_Reward/motion_body_ori: 0.0007
Episode_Reward/motion_body_lin_vel: 0.0029
Episode_Reward/motion_body_ang_vel: 0.0000
     Episode_Reward/action_rate_l2: -0.0179
        Episode_Reward/joint_limit: -0.0019
 Episode_Reward/undesired_contacts: 0.0000
   Metrics/motion/error_anchor_pos: 0.0754
   Metrics/motion/error_anchor_rot: 0.2212
Metrics/motion/error_anchor_lin_vel: 0.7461
Metrics/motion/error_anchor_ang_vel: 4.2436
     Metrics/motion/error_body_pos: 0.0983
     Metrics/motion/error_body_rot: 0.7233
    Metrics/motion/error_joint_pos: 2.7660
    Metrics/motion/error_joint_vel: 28.7718
   Metrics/motion/sampling_entropy: 0.9891
 Metrics/motion/sampling_top1_prob: 0.1025
  Metrics/motion/sampling_top1_bin: 0.3846
 Metrics/motion/error_body_lin_vel: 1.3799
 Metrics/motion/error_body_ang_vel: 8.5901
      Episode_Termination/time_out: 0.0000
    Episode_Termination/anchor_pos: 0.2083
    Episode_Termination/anchor_ori: 0.0000
   Episode_Termination/ee_body_pos: 577.9584
--------------------------------------------------------------------------------
                   Total timesteps: 9535488
                    Iteration time: 1.18s
                      Time elapsed: 00:02:02
                               ETA: 01:42:50

################################################################################
                      [1m Learning iteration 97/5000 [0m                      

                       Computation: 74120 steps/s (collection: 1.238s, learning 0.089s)
             Mean action noise std: 0.58
          Mean value_function loss: 0.0007
               Mean surrogate loss: -0.0162
                 Mean entropy loss: 25.2233
                       Mean reward: 0.09
               Mean episode length: 7.39
Episode_Reward/motion_global_anchor_pos: 0.0069
Episode_Reward/motion_global_anchor_ori: 0.0055
    Episode_Reward/motion_body_pos: 0.0131
    Episode_Reward/motion_body_ori: 0.0007
Episode_Reward/motion_body_lin_vel: 0.0031
Episode_Reward/motion_body_ang_vel: 0.0001
     Episode_Reward/action_rate_l2: -0.0184
        Episode_Reward/joint_limit: -0.0020
 Episode_Reward/undesired_contacts: 0.0000
   Metrics/motion/error_anchor_pos: 0.0769
   Metrics/motion/error_anchor_rot: 0.2243
Metrics/motion/error_anchor_lin_vel: 0.7511
Metrics/motion/error_anchor_ang_vel: 4.2474
     Metrics/motion/error_body_pos: 0.0997
     Metrics/motion/error_body_rot: 0.7278
    Metrics/motion/error_joint_pos: 2.7801
    Metrics/motion/error_joint_vel: 28.6284
   Metrics/motion/sampling_entropy: 0.9891
 Metrics/motion/sampling_top1_prob: 0.1026
  Metrics/motion/sampling_top1_bin: 0.3846
 Metrics/motion/error_body_lin_vel: 1.3722
 Metrics/motion/error_body_ang_vel: 8.5602
      Episode_Termination/time_out: 0.0000
    Episode_Termination/anchor_pos: 0.0833
    Episode_Termination/anchor_ori: 0.0000
   Episode_Termination/ee_body_pos: 554.8334
--------------------------------------------------------------------------------
                   Total timesteps: 9633792
                    Iteration time: 1.33s
                      Time elapsed: 00:02:03
                               ETA: 01:42:52

################################################################################
                      [1m Learning iteration 98/5000 [0m                      

                       Computation: 73065 steps/s (collection: 1.243s, learning 0.103s)
             Mean action noise std: 0.57
          Mean value_function loss: 0.0008
               Mean surrogate loss: -0.0164
                 Mean entropy loss: 25.1247
                       Mean reward: 0.10
               Mean episode length: 7.88
Episode_Reward/motion_global_anchor_pos: 0.0070
Episode_Reward/motion_global_anchor_ori: 0.0056
    Episode_Reward/motion_body_pos: 0.0134
    Episode_Reward/motion_body_ori: 0.0007
Episode_Reward/motion_body_lin_vel: 0.0032
Episode_Reward/motion_body_ang_vel: 0.0001
     Episode_Reward/action_rate_l2: -0.0189
        Episode_Reward/joint_limit: -0.0020
 Episode_Reward/undesired_contacts: 0.0000
   Metrics/motion/error_anchor_pos: 0.0783
   Metrics/motion/error_anchor_rot: 0.2237
Metrics/motion/error_anchor_lin_vel: 0.7515
Metrics/motion/error_anchor_ang_vel: 4.2117
     Metrics/motion/error_body_pos: 0.1007
     Metrics/motion/error_body_rot: 0.7318
    Metrics/motion/error_joint_pos: 2.7893
    Metrics/motion/error_joint_vel: 28.3955
   Metrics/motion/sampling_entropy: 0.9890
 Metrics/motion/sampling_top1_prob: 0.1027
  Metrics/motion/sampling_top1_bin: 0.3846
 Metrics/motion/error_body_lin_vel: 1.3668
 Metrics/motion/error_body_ang_vel: 8.5017
      Episode_Termination/time_out: 0.0000
    Episode_Termination/anchor_pos: 0.2917
    Episode_Termination/anchor_ori: 0.0000
   Episode_Termination/ee_body_pos: 544.4167
--------------------------------------------------------------------------------
                   Total timesteps: 9732096
                    Iteration time: 1.35s
                      Time elapsed: 00:02:04
                               ETA: 01:42:55

################################################################################
                      [1m Learning iteration 99/5000 [0m                      

                       Computation: 71040 steps/s (collection: 1.293s, learning 0.090s)
             Mean action noise std: 0.57
          Mean value_function loss: 0.0009
               Mean surrogate loss: -0.0146
                 Mean entropy loss: 25.0313
                       Mean reward: 0.09
               Mean episode length: 7.67
Episode_Reward/motion_global_anchor_pos: 0.0072
Episode_Reward/motion_global_anchor_ori: 0.0058
    Episode_Reward/motion_body_pos: 0.0138
    Episode_Reward/motion_body_ori: 0.0007
Episode_Reward/motion_body_lin_vel: 0.0034
Episode_Reward/motion_body_ang_vel: 0.0001
     Episode_Reward/action_rate_l2: -0.0193
        Episode_Reward/joint_limit: -0.0021
 Episode_Reward/undesired_contacts: 0.0000
   Metrics/motion/error_anchor_pos: 0.0801
   Metrics/motion/error_anchor_rot: 0.2232
Metrics/motion/error_anchor_lin_vel: 0.7572
Metrics/motion/error_anchor_ang_vel: 4.1527
     Metrics/motion/error_body_pos: 0.1013
     Metrics/motion/error_body_rot: 0.7316
    Metrics/motion/error_joint_pos: 2.8005
    Metrics/motion/error_joint_vel: 28.1833
   Metrics/motion/sampling_entropy: 0.9890
 Metrics/motion/sampling_top1_prob: 0.1028
  Metrics/motion/sampling_top1_bin: 0.3846
 Metrics/motion/error_body_lin_vel: 1.3578
 Metrics/motion/error_body_ang_vel: 8.3994
      Episode_Termination/time_out: 0.0000
    Episode_Termination/anchor_pos: 0.3333
    Episode_Termination/anchor_ori: 0.0000
   Episode_Termination/ee_body_pos: 529.9167
--------------------------------------------------------------------------------
                   Total timesteps: 9830400
                    Iteration time: 1.38s
                      Time elapsed: 00:02:06
                               ETA: 01:43:00

################################################################################
                     [1m Learning iteration 100/5000 [0m                      

                       Computation: 79872 steps/s (collection: 1.145s, learning 0.086s)
             Mean action noise std: 0.57
          Mean value_function loss: 0.0009
               Mean surrogate loss: -0.0142
                 Mean entropy loss: 24.9531
                       Mean reward: 0.09
               Mean episode length: 7.50
Episode_Reward/motion_global_anchor_pos: 0.0074
Episode_Reward/motion_global_anchor_ori: 0.0059
    Episode_Reward/motion_body_pos: 0.0141
    Episode_Reward/motion_body_ori: 0.0007
Episode_Reward/motion_body_lin_vel: 0.0036
Episode_Reward/motion_body_ang_vel: 0.0001
     Episode_Reward/action_rate_l2: -0.0197
        Episode_Reward/joint_limit: -0.0021
 Episode_Reward/undesired_contacts: 0.0000
   Metrics/motion/error_anchor_pos: 0.0816
   Metrics/motion/error_anchor_rot: 0.2240
Metrics/motion/error_anchor_lin_vel: 0.7563
Metrics/motion/error_anchor_ang_vel: 4.1819
     Metrics/motion/error_body_pos: 0.1020
     Metrics/motion/error_body_rot: 0.7333
    Metrics/motion/error_joint_pos: 2.8104
    Metrics/motion/error_joint_vel: 28.0652
   Metrics/motion/sampling_entropy: 0.9890
 Metrics/motion/sampling_top1_prob: 0.1029
  Metrics/motion/sampling_top1_bin: 0.3846
 Metrics/motion/error_body_lin_vel: 1.3422
 Metrics/motion/error_body_ang_vel: 8.3510
      Episode_Termination/time_out: 0.0000
    Episode_Termination/anchor_pos: 0.0833
    Episode_Termination/anchor_ori: 0.0000
   Episode_Termination/ee_body_pos: 513.0834
--------------------------------------------------------------------------------
                   Total timesteps: 9928704
                    Iteration time: 1.23s
                      Time elapsed: 00:02:07
                               ETA: 01:42:57

################################################################################
                     [1m Learning iteration 101/5000 [0m                      

                       Computation: 81636 steps/s (collection: 1.112s, learning 0.092s)
             Mean action noise std: 0.57
          Mean value_function loss: 0.0009
               Mean surrogate loss: -0.0145
                 Mean entropy loss: 24.8913
                       Mean reward: 0.12
               Mean episode length: 9.08
Episode_Reward/motion_global_anchor_pos: 0.0076
Episode_Reward/motion_global_anchor_ori: 0.0061
    Episode_Reward/motion_body_pos: 0.0145
    Episode_Reward/motion_body_ori: 0.0007
Episode_Reward/motion_body_lin_vel: 0.0038
Episode_Reward/motion_body_ang_vel: 0.0001
     Episode_Reward/action_rate_l2: -0.0203
        Episode_Reward/joint_limit: -0.0021
 Episode_Reward/undesired_contacts: 0.0000
   Metrics/motion/error_anchor_pos: 0.0837
   Metrics/motion/error_anchor_rot: 0.2247
Metrics/motion/error_anchor_lin_vel: 0.7651
Metrics/motion/error_anchor_ang_vel: 4.1357
     Metrics/motion/error_body_pos: 0.1026
     Metrics/motion/error_body_rot: 0.7340
    Metrics/motion/error_joint_pos: 2.8230
    Metrics/motion/error_joint_vel: 27.9160
   Metrics/motion/sampling_entropy: 0.9890
 Metrics/motion/sampling_top1_prob: 0.1030
  Metrics/motion/sampling_top1_bin: 0.3846
 Metrics/motion/error_body_lin_vel: 1.3382
 Metrics/motion/error_body_ang_vel: 8.3028
      Episode_Termination/time_out: 0.0000
    Episode_Termination/anchor_pos: 0.0833
    Episode_Termination/anchor_ori: 0.0000
   Episode_Termination/ee_body_pos: 498.3333
--------------------------------------------------------------------------------
                   Total timesteps: 10027008
                    Iteration time: 1.20s
                      Time elapsed: 00:02:08
                               ETA: 01:42:53

################################################################################
                     [1m Learning iteration 102/5000 [0m                      

                       Computation: 79845 steps/s (collection: 1.150s, learning 0.081s)
             Mean action noise std: 0.57
          Mean value_function loss: 0.0010
               Mean surrogate loss: -0.0120
                 Mean entropy loss: 24.8335
                       Mean reward: 0.12
               Mean episode length: 9.04
Episode_Reward/motion_global_anchor_pos: 0.0077
Episode_Reward/motion_global_anchor_ori: 0.0062
    Episode_Reward/motion_body_pos: 0.0148
    Episode_Reward/motion_body_ori: 0.0007
Episode_Reward/motion_body_lin_vel: 0.0039
Episode_Reward/motion_body_ang_vel: 0.0001
     Episode_Reward/action_rate_l2: -0.0207
        Episode_Reward/joint_limit: -0.0022
 Episode_Reward/undesired_contacts: 0.0000
   Metrics/motion/error_anchor_pos: 0.0846
   Metrics/motion/error_anchor_rot: 0.2246
Metrics/motion/error_anchor_lin_vel: 0.7626
Metrics/motion/error_anchor_ang_vel: 4.1619
     Metrics/motion/error_body_pos: 0.1032
     Metrics/motion/error_body_rot: 0.7354
    Metrics/motion/error_joint_pos: 2.8264
    Metrics/motion/error_joint_vel: 27.7765
   Metrics/motion/sampling_entropy: 0.9890
 Metrics/motion/sampling_top1_prob: 0.1031
  Metrics/motion/sampling_top1_bin: 0.3846
 Metrics/motion/error_body_lin_vel: 1.3326
 Metrics/motion/error_body_ang_vel: 8.2501
      Episode_Termination/time_out: 0.0000
    Episode_Termination/anchor_pos: 0.2500
    Episode_Termination/anchor_ori: 0.0000
   Episode_Termination/ee_body_pos: 489.4583
--------------------------------------------------------------------------------
                   Total timesteps: 10125312
                    Iteration time: 1.23s
                      Time elapsed: 00:02:09
                               ETA: 01:42:51

################################################################################
                     [1m Learning iteration 103/5000 [0m                      

                       Computation: 83332 steps/s (collection: 1.069s, learning 0.111s)
             Mean action noise std: 0.57
          Mean value_function loss: 0.0010
               Mean surrogate loss: -0.0145
                 Mean entropy loss: 24.7796
                       Mean reward: 0.11
               Mean episode length: 8.60
Episode_Reward/motion_global_anchor_pos: 0.0079
Episode_Reward/motion_global_anchor_ori: 0.0064
    Episode_Reward/motion_body_pos: 0.0152
    Episode_Reward/motion_body_ori: 0.0008
Episode_Reward/motion_body_lin_vel: 0.0041
Episode_Reward/motion_body_ang_vel: 0.0001
     Episode_Reward/action_rate_l2: -0.0213
        Episode_Reward/joint_limit: -0.0022
 Episode_Reward/undesired_contacts: 0.0000
   Metrics/motion/error_anchor_pos: 0.0868
   Metrics/motion/error_anchor_rot: 0.2264
Metrics/motion/error_anchor_lin_vel: 0.7732
Metrics/motion/error_anchor_ang_vel: 4.1062
     Metrics/motion/error_body_pos: 0.1041
     Metrics/motion/error_body_rot: 0.7362
    Metrics/motion/error_joint_pos: 2.8396
    Metrics/motion/error_joint_vel: 27.6491
   Metrics/motion/sampling_entropy: 0.9889
 Metrics/motion/sampling_top1_prob: 0.1032
  Metrics/motion/sampling_top1_bin: 0.3846
 Metrics/motion/error_body_lin_vel: 1.3276
 Metrics/motion/error_body_ang_vel: 8.1807
      Episode_Termination/time_out: 0.0000
    Episode_Termination/anchor_pos: 0.4583
    Episode_Termination/anchor_ori: 0.0000
   Episode_Termination/ee_body_pos: 476.4167
--------------------------------------------------------------------------------
                   Total timesteps: 10223616
                    Iteration time: 1.18s
                      Time elapsed: 00:02:10
                               ETA: 01:42:46

################################################################################
                     [1m Learning iteration 104/5000 [0m                      

                       Computation: 75670 steps/s (collection: 1.208s, learning 0.091s)
             Mean action noise std: 0.57
          Mean value_function loss: 0.0011
               Mean surrogate loss: -0.0132
                 Mean entropy loss: 24.7086
                       Mean reward: 0.11
               Mean episode length: 8.50
Episode_Reward/motion_global_anchor_pos: 0.0080
Episode_Reward/motion_global_anchor_ori: 0.0065
    Episode_Reward/motion_body_pos: 0.0155
    Episode_Reward/motion_body_ori: 0.0008
Episode_Reward/motion_body_lin_vel: 0.0043
Episode_Reward/motion_body_ang_vel: 0.0001
     Episode_Reward/action_rate_l2: -0.0216
        Episode_Reward/joint_limit: -0.0022
 Episode_Reward/undesired_contacts: 0.0000
   Metrics/motion/error_anchor_pos: 0.0888
   Metrics/motion/error_anchor_rot: 0.2265
Metrics/motion/error_anchor_lin_vel: 0.7667
Metrics/motion/error_anchor_ang_vel: 4.0996
     Metrics/motion/error_body_pos: 0.1047
     Metrics/motion/error_body_rot: 0.7385
    Metrics/motion/error_joint_pos: 2.8519
    Metrics/motion/error_joint_vel: 27.5366
   Metrics/motion/sampling_entropy: 0.9889
 Metrics/motion/sampling_top1_prob: 0.1032
  Metrics/motion/sampling_top1_bin: 0.3846
 Metrics/motion/error_body_lin_vel: 1.3192
 Metrics/motion/error_body_ang_vel: 8.1582
      Episode_Termination/time_out: 0.0000
    Episode_Termination/anchor_pos: 0.2083
    Episode_Termination/anchor_ori: 0.0000
   Episode_Termination/ee_body_pos: 466.2083
--------------------------------------------------------------------------------
                   Total timesteps: 10321920
                    Iteration time: 1.30s
                      Time elapsed: 00:02:12
                               ETA: 01:42:46

################################################################################
                     [1m Learning iteration 105/5000 [0m                      

                       Computation: 78619 steps/s (collection: 1.161s, learning 0.089s)
             Mean action noise std: 0.57
          Mean value_function loss: 0.0011
               Mean surrogate loss: -0.0137
                 Mean entropy loss: 24.6521
                       Mean reward: 0.12
               Mean episode length: 8.59
Episode_Reward/motion_global_anchor_pos: 0.0082
Episode_Reward/motion_global_anchor_ori: 0.0067
    Episode_Reward/motion_body_pos: 0.0159
    Episode_Reward/motion_body_ori: 0.0008
Episode_Reward/motion_body_lin_vel: 0.0045
Episode_Reward/motion_body_ang_vel: 0.0001
     Episode_Reward/action_rate_l2: -0.0221
        Episode_Reward/joint_limit: -0.0022
 Episode_Reward/undesired_contacts: 0.0000
   Metrics/motion/error_anchor_pos: 0.0894
   Metrics/motion/error_anchor_rot: 0.2269
Metrics/motion/error_anchor_lin_vel: 0.7674
Metrics/motion/error_anchor_ang_vel: 4.0632
     Metrics/motion/error_body_pos: 0.1047
     Metrics/motion/error_body_rot: 0.7358
    Metrics/motion/error_joint_pos: 2.8566
    Metrics/motion/error_joint_vel: 27.4473
   Metrics/motion/sampling_entropy: 0.9888
 Metrics/motion/sampling_top1_prob: 0.1033
  Metrics/motion/sampling_top1_bin: 0.3846
 Metrics/motion/error_body_lin_vel: 1.3078
 Metrics/motion/error_body_ang_vel: 8.1166
      Episode_Termination/time_out: 0.0000
    Episode_Termination/anchor_pos: 0.2500
    Episode_Termination/anchor_ori: 0.0000
   Episode_Termination/ee_body_pos: 454.6250
--------------------------------------------------------------------------------
                   Total timesteps: 10420224
                    Iteration time: 1.25s
                      Time elapsed: 00:02:13
                               ETA: 01:42:45

################################################################################
                     [1m Learning iteration 106/5000 [0m                      

                       Computation: 82819 steps/s (collection: 1.100s, learning 0.087s)
             Mean action noise std: 0.56
          Mean value_function loss: 0.0013
               Mean surrogate loss: -0.0126
                 Mean entropy loss: 24.5972
                       Mean reward: 0.13
               Mean episode length: 9.83
Episode_Reward/motion_global_anchor_pos: 0.0084
Episode_Reward/motion_global_anchor_ori: 0.0069
    Episode_Reward/motion_body_pos: 0.0164
    Episode_Reward/motion_body_ori: 0.0008
Episode_Reward/motion_body_lin_vel: 0.0047
Episode_Reward/motion_body_ang_vel: 0.0001
     Episode_Reward/action_rate_l2: -0.0229
        Episode_Reward/joint_limit: -0.0024
 Episode_Reward/undesired_contacts: 0.0000
   Metrics/motion/error_anchor_pos: 0.0923
   Metrics/motion/error_anchor_rot: 0.2292
Metrics/motion/error_anchor_lin_vel: 0.7724
Metrics/motion/error_anchor_ang_vel: 4.0439
     Metrics/motion/error_body_pos: 0.1054
     Metrics/motion/error_body_rot: 0.7366
    Metrics/motion/error_joint_pos: 2.8625
    Metrics/motion/error_joint_vel: 27.2561
   Metrics/motion/sampling_entropy: 0.9888
 Metrics/motion/sampling_top1_prob: 0.1034
  Metrics/motion/sampling_top1_bin: 0.3846
 Metrics/motion/error_body_lin_vel: 1.2986
 Metrics/motion/error_body_ang_vel: 8.0469
      Episode_Termination/time_out: 0.0000
    Episode_Termination/anchor_pos: 0.2500
    Episode_Termination/anchor_ori: 0.0000
   Episode_Termination/ee_body_pos: 440.7500
--------------------------------------------------------------------------------
                   Total timesteps: 10518528
                    Iteration time: 1.19s
                      Time elapsed: 00:02:14
                               ETA: 01:42:40

################################################################################
                     [1m Learning iteration 107/5000 [0m                      

                       Computation: 78742 steps/s (collection: 1.160s, learning 0.088s)
             Mean action noise std: 0.56
          Mean value_function loss: 0.0014
               Mean surrogate loss: -0.0133
                 Mean entropy loss: 24.5432
                       Mean reward: 0.13
               Mean episode length: 9.82
Episode_Reward/motion_global_anchor_pos: 0.0086
Episode_Reward/motion_global_anchor_ori: 0.0070
    Episode_Reward/motion_body_pos: 0.0167
    Episode_Reward/motion_body_ori: 0.0008
Episode_Reward/motion_body_lin_vel: 0.0049
Episode_Reward/motion_body_ang_vel: 0.0001
     Episode_Reward/action_rate_l2: -0.0233
        Episode_Reward/joint_limit: -0.0024
 Episode_Reward/undesired_contacts: 0.0000
   Metrics/motion/error_anchor_pos: 0.0936
   Metrics/motion/error_anchor_rot: 0.2281
Metrics/motion/error_anchor_lin_vel: 0.7751
Metrics/motion/error_anchor_ang_vel: 4.0461
     Metrics/motion/error_body_pos: 0.1056
     Metrics/motion/error_body_rot: 0.7344
    Metrics/motion/error_joint_pos: 2.8604
    Metrics/motion/error_joint_vel: 27.1220
   Metrics/motion/sampling_entropy: 0.9888
 Metrics/motion/sampling_top1_prob: 0.1034
  Metrics/motion/sampling_top1_bin: 0.3846
 Metrics/motion/error_body_lin_vel: 1.2946
 Metrics/motion/error_body_ang_vel: 7.9902
      Episode_Termination/time_out: 0.0000
    Episode_Termination/anchor_pos: 0.1667
    Episode_Termination/anchor_ori: 0.0000
   Episode_Termination/ee_body_pos: 429.7500
--------------------------------------------------------------------------------
                   Total timesteps: 10616832
                    Iteration time: 1.25s
                      Time elapsed: 00:02:15
                               ETA: 01:42:38

################################################################################
                     [1m Learning iteration 108/5000 [0m                      

                       Computation: 87035 steps/s (collection: 1.043s, learning 0.087s)
             Mean action noise std: 0.56
          Mean value_function loss: 0.0015
               Mean surrogate loss: -0.0131
                 Mean entropy loss: 24.4860
                       Mean reward: 0.14
               Mean episode length: 10.30
Episode_Reward/motion_global_anchor_pos: 0.0087
Episode_Reward/motion_global_anchor_ori: 0.0072
    Episode_Reward/motion_body_pos: 0.0171
    Episode_Reward/motion_body_ori: 0.0008
Episode_Reward/motion_body_lin_vel: 0.0051
Episode_Reward/motion_body_ang_vel: 0.0002
     Episode_Reward/action_rate_l2: -0.0239
        Episode_Reward/joint_limit: -0.0025
 Episode_Reward/undesired_contacts: 0.0000
   Metrics/motion/error_anchor_pos: 0.0956
   Metrics/motion/error_anchor_rot: 0.2270
Metrics/motion/error_anchor_lin_vel: 0.7759
Metrics/motion/error_anchor_ang_vel: 3.9980
     Metrics/motion/error_body_pos: 0.1064
     Metrics/motion/error_body_rot: 0.7356
    Metrics/motion/error_joint_pos: 2.8623
    Metrics/motion/error_joint_vel: 27.0444
   Metrics/motion/sampling_entropy: 0.9887
 Metrics/motion/sampling_top1_prob: 0.1035
  Metrics/motion/sampling_top1_bin: 0.3846
 Metrics/motion/error_body_lin_vel: 1.2909
 Metrics/motion/error_body_ang_vel: 7.9430
      Episode_Termination/time_out: 0.0000
    Episode_Termination/anchor_pos: 0.3333
    Episode_Termination/anchor_ori: 0.0000
   Episode_Termination/ee_body_pos: 419.1667
--------------------------------------------------------------------------------
                   Total timesteps: 10715136
                    Iteration time: 1.13s
                      Time elapsed: 00:02:17
                               ETA: 01:42:31

################################################################################
                     [1m Learning iteration 109/5000 [0m                      

                       Computation: 85452 steps/s (collection: 1.058s, learning 0.093s)
             Mean action noise std: 0.56
          Mean value_function loss: 0.0018
               Mean surrogate loss: -0.0080
                 Mean entropy loss: 24.4403
                       Mean reward: 0.13
               Mean episode length: 9.76
Episode_Reward/motion_global_anchor_pos: 0.0090
Episode_Reward/motion_global_anchor_ori: 0.0074
    Episode_Reward/motion_body_pos: 0.0177
    Episode_Reward/motion_body_ori: 0.0009
Episode_Reward/motion_body_lin_vel: 0.0054
Episode_Reward/motion_body_ang_vel: 0.0002
     Episode_Reward/action_rate_l2: -0.0248
        Episode_Reward/joint_limit: -0.0025
 Episode_Reward/undesired_contacts: 0.0000
   Metrics/motion/error_anchor_pos: 0.0986
   Metrics/motion/error_anchor_rot: 0.2309
Metrics/motion/error_anchor_lin_vel: 0.7814
Metrics/motion/error_anchor_ang_vel: 4.0000
     Metrics/motion/error_body_pos: 0.1076
     Metrics/motion/error_body_rot: 0.7399
    Metrics/motion/error_joint_pos: 2.8866
    Metrics/motion/error_joint_vel: 26.7921
   Metrics/motion/sampling_entropy: 0.9887
 Metrics/motion/sampling_top1_prob: 0.1035
  Metrics/motion/sampling_top1_bin: 0.3846
 Metrics/motion/error_body_lin_vel: 1.2736
 Metrics/motion/error_body_ang_vel: 7.8610
      Episode_Termination/time_out: 0.0000
    Episode_Termination/anchor_pos: 0.5417
    Episode_Termination/anchor_ori: 0.0000
   Episode_Termination/ee_body_pos: 403.1250
--------------------------------------------------------------------------------
                   Total timesteps: 10813440
                    Iteration time: 1.15s
                      Time elapsed: 00:02:18
                               ETA: 01:42:25

################################################################################
                     [1m Learning iteration 110/5000 [0m                      

                       Computation: 89275 steps/s (collection: 1.015s, learning 0.086s)
             Mean action noise std: 0.56
          Mean value_function loss: 0.0018
               Mean surrogate loss: -0.0096
                 Mean entropy loss: 24.4118
                       Mean reward: 0.15
               Mean episode length: 10.99
Episode_Reward/motion_global_anchor_pos: 0.0093
Episode_Reward/motion_global_anchor_ori: 0.0077
    Episode_Reward/motion_body_pos: 0.0182
    Episode_Reward/motion_body_ori: 0.0009
Episode_Reward/motion_body_lin_vel: 0.0057
Episode_Reward/motion_body_ang_vel: 0.0002
     Episode_Reward/action_rate_l2: -0.0255
        Episode_Reward/joint_limit: -0.0026
 Episode_Reward/undesired_contacts: 0.0000
   Metrics/motion/error_anchor_pos: 0.1003
   Metrics/motion/error_anchor_rot: 0.2306
Metrics/motion/error_anchor_lin_vel: 0.7859
Metrics/motion/error_anchor_ang_vel: 4.0070
     Metrics/motion/error_body_pos: 0.1079
     Metrics/motion/error_body_rot: 0.7377
    Metrics/motion/error_joint_pos: 2.8749
    Metrics/motion/error_joint_vel: 26.6816
   Metrics/motion/sampling_entropy: 0.9887
 Metrics/motion/sampling_top1_prob: 0.1036
  Metrics/motion/sampling_top1_bin: 0.3846
 Metrics/motion/error_body_lin_vel: 1.2732
 Metrics/motion/error_body_ang_vel: 7.8178
      Episode_Termination/time_out: 0.0000
    Episode_Termination/anchor_pos: 0.4167
    Episode_Termination/anchor_ori: 0.0000
   Episode_Termination/ee_body_pos: 390.8333
--------------------------------------------------------------------------------
                   Total timesteps: 10911744
                    Iteration time: 1.10s
                      Time elapsed: 00:02:19
                               ETA: 01:42:17

################################################################################
                     [1m Learning iteration 111/5000 [0m                      

                       Computation: 89731 steps/s (collection: 1.008s, learning 0.087s)
             Mean action noise std: 0.56
          Mean value_function loss: 0.0021
               Mean surrogate loss: -0.0120
                 Mean entropy loss: 24.3795
                       Mean reward: 0.15
               Mean episode length: 11.94
Episode_Reward/motion_global_anchor_pos: 0.0096
Episode_Reward/motion_global_anchor_ori: 0.0080
    Episode_Reward/motion_body_pos: 0.0189
    Episode_Reward/motion_body_ori: 0.0009
Episode_Reward/motion_body_lin_vel: 0.0060
Episode_Reward/motion_body_ang_vel: 0.0002
     Episode_Reward/action_rate_l2: -0.0267
        Episode_Reward/joint_limit: -0.0026
 Episode_Reward/undesired_contacts: 0.0000
   Metrics/motion/error_anchor_pos: 0.1054
   Metrics/motion/error_anchor_rot: 0.2339
Metrics/motion/error_anchor_lin_vel: 0.8035
Metrics/motion/error_anchor_ang_vel: 3.9491
     Metrics/motion/error_body_pos: 0.1102
     Metrics/motion/error_body_rot: 0.7452
    Metrics/motion/error_joint_pos: 2.8957
    Metrics/motion/error_joint_vel: 26.5785
   Metrics/motion/sampling_entropy: 0.9886
 Metrics/motion/sampling_top1_prob: 0.1037
  Metrics/motion/sampling_top1_bin: 0.3846
 Metrics/motion/error_body_lin_vel: 1.2813
 Metrics/motion/error_body_ang_vel: 7.8016
      Episode_Termination/time_out: 0.0000
    Episode_Termination/anchor_pos: 0.3750
    Episode_Termination/anchor_ori: 0.0000
   Episode_Termination/ee_body_pos: 370.7917
--------------------------------------------------------------------------------
                   Total timesteps: 11010048
                    Iteration time: 1.10s
                      Time elapsed: 00:02:20
                               ETA: 01:42:09

################################################################################
                     [1m Learning iteration 112/5000 [0m                      

                       Computation: 89497 steps/s (collection: 1.013s, learning 0.085s)
             Mean action noise std: 0.56
          Mean value_function loss: 0.0022
               Mean surrogate loss: -0.0129
                 Mean entropy loss: 24.3191
                       Mean reward: 0.16
               Mean episode length: 11.29
Episode_Reward/motion_global_anchor_pos: 0.0099
Episode_Reward/motion_global_anchor_ori: 0.0083
    Episode_Reward/motion_body_pos: 0.0198
    Episode_Reward/motion_body_ori: 0.0009
Episode_Reward/motion_body_lin_vel: 0.0065
Episode_Reward/motion_body_ang_vel: 0.0002
     Episode_Reward/action_rate_l2: -0.0280
        Episode_Reward/joint_limit: -0.0027
 Episode_Reward/undesired_contacts: 0.0000
   Metrics/motion/error_anchor_pos: 0.1110
   Metrics/motion/error_anchor_rot: 0.2355
Metrics/motion/error_anchor_lin_vel: 0.8086
Metrics/motion/error_anchor_ang_vel: 3.9537
     Metrics/motion/error_body_pos: 0.1113
     Metrics/motion/error_body_rot: 0.7450
    Metrics/motion/error_joint_pos: 2.9022
    Metrics/motion/error_joint_vel: 26.4496
   Metrics/motion/sampling_entropy: 0.9886
 Metrics/motion/sampling_top1_prob: 0.1037
  Metrics/motion/sampling_top1_bin: 0.3846
 Metrics/motion/error_body_lin_vel: 1.2701
 Metrics/motion/error_body_ang_vel: 7.7376
      Episode_Termination/time_out: 0.0000
    Episode_Termination/anchor_pos: 0.6667
    Episode_Termination/anchor_ori: 0.0000
   Episode_Termination/ee_body_pos: 357.3750
--------------------------------------------------------------------------------
                   Total timesteps: 11108352
                    Iteration time: 1.10s
                      Time elapsed: 00:02:21
                               ETA: 01:42:01

################################################################################
                     [1m Learning iteration 113/5000 [0m                      

                       Computation: 89019 steps/s (collection: 1.018s, learning 0.086s)
             Mean action noise std: 0.56
          Mean value_function loss: 0.0023
               Mean surrogate loss: -0.0126
                 Mean entropy loss: 24.2487
                       Mean reward: 0.18
               Mean episode length: 13.57
Episode_Reward/motion_global_anchor_pos: 0.0101
Episode_Reward/motion_global_anchor_ori: 0.0084
    Episode_Reward/motion_body_pos: 0.0201
    Episode_Reward/motion_body_ori: 0.0010
Episode_Reward/motion_body_lin_vel: 0.0066
Episode_Reward/motion_body_ang_vel: 0.0002
     Episode_Reward/action_rate_l2: -0.0284
        Episode_Reward/joint_limit: -0.0028
 Episode_Reward/undesired_contacts: 0.0000
   Metrics/motion/error_anchor_pos: 0.1107
   Metrics/motion/error_anchor_rot: 0.2342
Metrics/motion/error_anchor_lin_vel: 0.8145
Metrics/motion/error_anchor_ang_vel: 3.9370
     Metrics/motion/error_body_pos: 0.1116
     Metrics/motion/error_body_rot: 0.7450
    Metrics/motion/error_joint_pos: 2.9100
    Metrics/motion/error_joint_vel: 26.3095
   Metrics/motion/sampling_entropy: 0.9886
 Metrics/motion/sampling_top1_prob: 0.1037
  Metrics/motion/sampling_top1_bin: 0.3846
 Metrics/motion/error_body_lin_vel: 1.2622
 Metrics/motion/error_body_ang_vel: 7.6861
      Episode_Termination/time_out: 0.0000
    Episode_Termination/anchor_pos: 0.5833
    Episode_Termination/anchor_ori: 0.0000
   Episode_Termination/ee_body_pos: 354.8750
--------------------------------------------------------------------------------
                   Total timesteps: 11206656
                    Iteration time: 1.10s
                      Time elapsed: 00:02:22
                               ETA: 01:41:53

################################################################################
                     [1m Learning iteration 114/5000 [0m                      

                       Computation: 90374 steps/s (collection: 1.003s, learning 0.085s)
             Mean action noise std: 0.56
          Mean value_function loss: 0.0026
               Mean surrogate loss: -0.0128
                 Mean entropy loss: 24.1682
                       Mean reward: 0.15
               Mean episode length: 11.53
Episode_Reward/motion_global_anchor_pos: 0.0103
Episode_Reward/motion_global_anchor_ori: 0.0087
    Episode_Reward/motion_body_pos: 0.0207
    Episode_Reward/motion_body_ori: 0.0010
Episode_Reward/motion_body_lin_vel: 0.0069
Episode_Reward/motion_body_ang_vel: 0.0003
     Episode_Reward/action_rate_l2: -0.0292
        Episode_Reward/joint_limit: -0.0028
 Episode_Reward/undesired_contacts: 0.0000
   Metrics/motion/error_anchor_pos: 0.1138
   Metrics/motion/error_anchor_rot: 0.2361
Metrics/motion/error_anchor_lin_vel: 0.8225
Metrics/motion/error_anchor_ang_vel: 3.8960
     Metrics/motion/error_body_pos: 0.1127
     Metrics/motion/error_body_rot: 0.7471
    Metrics/motion/error_joint_pos: 2.9125
    Metrics/motion/error_joint_vel: 26.1046
   Metrics/motion/sampling_entropy: 0.9886
 Metrics/motion/sampling_top1_prob: 0.1038
  Metrics/motion/sampling_top1_bin: 0.3846
 Metrics/motion/error_body_lin_vel: 1.2633
 Metrics/motion/error_body_ang_vel: 7.6369
      Episode_Termination/time_out: 0.0000
    Episode_Termination/anchor_pos: 0.5000
    Episode_Termination/anchor_ori: 0.0000
   Episode_Termination/ee_body_pos: 339.1250
--------------------------------------------------------------------------------
                   Total timesteps: 11304960
                    Iteration time: 1.09s
                      Time elapsed: 00:02:23
                               ETA: 01:41:45

################################################################################
                     [1m Learning iteration 115/5000 [0m                      

                       Computation: 90903 steps/s (collection: 0.995s, learning 0.087s)
             Mean action noise std: 0.55
          Mean value_function loss: 0.0029
               Mean surrogate loss: -0.0125
                 Mean entropy loss: 24.0889
                       Mean reward: 0.17
               Mean episode length: 11.96
Episode_Reward/motion_global_anchor_pos: 0.0106
Episode_Reward/motion_global_anchor_ori: 0.0090
    Episode_Reward/motion_body_pos: 0.0213
    Episode_Reward/motion_body_ori: 0.0010
Episode_Reward/motion_body_lin_vel: 0.0073
Episode_Reward/motion_body_ang_vel: 0.0003
     Episode_Reward/action_rate_l2: -0.0302
        Episode_Reward/joint_limit: -0.0028
 Episode_Reward/undesired_contacts: 0.0000
   Metrics/motion/error_anchor_pos: 0.1168
   Metrics/motion/error_anchor_rot: 0.2329
Metrics/motion/error_anchor_lin_vel: 0.8256
Metrics/motion/error_anchor_ang_vel: 3.9049
     Metrics/motion/error_body_pos: 0.1133
     Metrics/motion/error_body_rot: 0.7517
    Metrics/motion/error_joint_pos: 2.9136
    Metrics/motion/error_joint_vel: 26.0745
   Metrics/motion/sampling_entropy: 0.9885
 Metrics/motion/sampling_top1_prob: 0.1039
  Metrics/motion/sampling_top1_bin: 0.3846
 Metrics/motion/error_body_lin_vel: 1.2600
 Metrics/motion/error_body_ang_vel: 7.6198
      Episode_Termination/time_out: 0.0000
    Episode_Termination/anchor_pos: 0.5833
    Episode_Termination/anchor_ori: 0.0000
   Episode_Termination/ee_body_pos: 326.0000
--------------------------------------------------------------------------------
                   Total timesteps: 11403264
                    Iteration time: 1.08s
                      Time elapsed: 00:02:24
                               ETA: 01:41:37

################################################################################
                     [1m Learning iteration 116/5000 [0m                      

                       Computation: 92740 steps/s (collection: 0.974s, learning 0.086s)
             Mean action noise std: 0.55
          Mean value_function loss: 0.0028
               Mean surrogate loss: -0.0126
                 Mean entropy loss: 24.0163
                       Mean reward: 0.16
               Mean episode length: 11.64
Episode_Reward/motion_global_anchor_pos: 0.0108
Episode_Reward/motion_global_anchor_ori: 0.0093
    Episode_Reward/motion_body_pos: 0.0219
    Episode_Reward/motion_body_ori: 0.0010
Episode_Reward/motion_body_lin_vel: 0.0076
Episode_Reward/motion_body_ang_vel: 0.0003
     Episode_Reward/action_rate_l2: -0.0309
        Episode_Reward/joint_limit: -0.0028
 Episode_Reward/undesired_contacts: 0.0000
   Metrics/motion/error_anchor_pos: 0.1182
   Metrics/motion/error_anchor_rot: 0.2331
Metrics/motion/error_anchor_lin_vel: 0.8175
Metrics/motion/error_anchor_ang_vel: 3.8909
     Metrics/motion/error_body_pos: 0.1136
     Metrics/motion/error_body_rot: 0.7508
    Metrics/motion/error_joint_pos: 2.9197
    Metrics/motion/error_joint_vel: 25.9524
   Metrics/motion/sampling_entropy: 0.9885
 Metrics/motion/sampling_top1_prob: 0.1039
  Metrics/motion/sampling_top1_bin: 0.3846
 Metrics/motion/error_body_lin_vel: 1.2516
 Metrics/motion/error_body_ang_vel: 7.5565
      Episode_Termination/time_out: 0.0000
    Episode_Termination/anchor_pos: 0.8750
    Episode_Termination/anchor_ori: 0.0000
   Episode_Termination/ee_body_pos: 326.0417
--------------------------------------------------------------------------------
                   Total timesteps: 11501568
                    Iteration time: 1.06s
                      Time elapsed: 00:02:25
                               ETA: 01:41:28

################################################################################
                     [1m Learning iteration 117/5000 [0m                      

                       Computation: 89623 steps/s (collection: 1.012s, learning 0.085s)
             Mean action noise std: 0.55
          Mean value_function loss: 0.0030
               Mean surrogate loss: -0.0111
                 Mean entropy loss: 23.9609
                       Mean reward: 0.16
               Mean episode length: 12.03
Episode_Reward/motion_global_anchor_pos: 0.0109
Episode_Reward/motion_global_anchor_ori: 0.0094
    Episode_Reward/motion_body_pos: 0.0221
    Episode_Reward/motion_body_ori: 0.0010
Episode_Reward/motion_body_lin_vel: 0.0077
Episode_Reward/motion_body_ang_vel: 0.0003
     Episode_Reward/action_rate_l2: -0.0311
        Episode_Reward/joint_limit: -0.0029
 Episode_Reward/undesired_contacts: 0.0000
   Metrics/motion/error_anchor_pos: 0.1210
   Metrics/motion/error_anchor_rot: 0.2340
Metrics/motion/error_anchor_lin_vel: 0.8277
Metrics/motion/error_anchor_ang_vel: 3.8691
     Metrics/motion/error_body_pos: 0.1146
     Metrics/motion/error_body_rot: 0.7497
    Metrics/motion/error_joint_pos: 2.9292
    Metrics/motion/error_joint_vel: 25.9507
   Metrics/motion/sampling_entropy: 0.9885
 Metrics/motion/sampling_top1_prob: 0.1039
  Metrics/motion/sampling_top1_bin: 0.3846
 Metrics/motion/error_body_lin_vel: 1.2547
 Metrics/motion/error_body_ang_vel: 7.5525
      Episode_Termination/time_out: 0.0000
    Episode_Termination/anchor_pos: 0.5000
    Episode_Termination/anchor_ori: 0.0000
   Episode_Termination/ee_body_pos: 319.7500
--------------------------------------------------------------------------------
                   Total timesteps: 11599872
                    Iteration time: 1.10s
                      Time elapsed: 00:02:26
                               ETA: 01:41:20

################################################################################
                     [1m Learning iteration 118/5000 [0m                      

                       Computation: 90812 steps/s (collection: 0.998s, learning 0.085s)
             Mean action noise std: 0.55
          Mean value_function loss: 0.0030
               Mean surrogate loss: -0.0116
                 Mean entropy loss: 23.9039
                       Mean reward: 0.18
               Mean episode length: 12.81
Episode_Reward/motion_global_anchor_pos: 0.0111
Episode_Reward/motion_global_anchor_ori: 0.0096
    Episode_Reward/motion_body_pos: 0.0226
    Episode_Reward/motion_body_ori: 0.0011
Episode_Reward/motion_body_lin_vel: 0.0080
Episode_Reward/motion_body_ang_vel: 0.0003
     Episode_Reward/action_rate_l2: -0.0318
        Episode_Reward/joint_limit: -0.0029
 Episode_Reward/undesired_contacts: 0.0000
   Metrics/motion/error_anchor_pos: 0.1228
   Metrics/motion/error_anchor_rot: 0.2317
Metrics/motion/error_anchor_lin_vel: 0.8281
Metrics/motion/error_anchor_ang_vel: 3.8643
     Metrics/motion/error_body_pos: 0.1149
     Metrics/motion/error_body_rot: 0.7499
    Metrics/motion/error_joint_pos: 2.9390
    Metrics/motion/error_joint_vel: 25.8620
   Metrics/motion/sampling_entropy: 0.9884
 Metrics/motion/sampling_top1_prob: 0.1040
  Metrics/motion/sampling_top1_bin: 0.3846
 Metrics/motion/error_body_lin_vel: 1.2464
 Metrics/motion/error_body_ang_vel: 7.5106
      Episode_Termination/time_out: 0.0000
    Episode_Termination/anchor_pos: 0.4167
    Episode_Termination/anchor_ori: 0.0000
   Episode_Termination/ee_body_pos: 311.1250
--------------------------------------------------------------------------------
                   Total timesteps: 11698176
                    Iteration time: 1.08s
                      Time elapsed: 00:02:28
                               ETA: 01:41:12

################################################################################
                     [1m Learning iteration 119/5000 [0m                      

                       Computation: 88394 steps/s (collection: 1.026s, learning 0.086s)
             Mean action noise std: 0.55
          Mean value_function loss: 0.0031
               Mean surrogate loss: -0.0109
                 Mean entropy loss: 23.8457
                       Mean reward: 0.20
               Mean episode length: 13.80
Episode_Reward/motion_global_anchor_pos: 0.0114
Episode_Reward/motion_global_anchor_ori: 0.0099
    Episode_Reward/motion_body_pos: 0.0232
    Episode_Reward/motion_body_ori: 0.0011
Episode_Reward/motion_body_lin_vel: 0.0084
Episode_Reward/motion_body_ang_vel: 0.0004
     Episode_Reward/action_rate_l2: -0.0327
        Episode_Reward/joint_limit: -0.0030
 Episode_Reward/undesired_contacts: 0.0000
   Metrics/motion/error_anchor_pos: 0.1256
   Metrics/motion/error_anchor_rot: 0.2338
Metrics/motion/error_anchor_lin_vel: 0.8406
Metrics/motion/error_anchor_ang_vel: 3.8543
     Metrics/motion/error_body_pos: 0.1157
     Metrics/motion/error_body_rot: 0.7518
    Metrics/motion/error_joint_pos: 2.9377
    Metrics/motion/error_joint_vel: 25.6522
   Metrics/motion/sampling_entropy: 0.9884
 Metrics/motion/sampling_top1_prob: 0.1040
  Metrics/motion/sampling_top1_bin: 0.3846
 Metrics/motion/error_body_lin_vel: 1.2426
 Metrics/motion/error_body_ang_vel: 7.4581
      Episode_Termination/time_out: 0.0000
    Episode_Termination/anchor_pos: 0.5417
    Episode_Termination/anchor_ori: 0.0000
   Episode_Termination/ee_body_pos: 306.7500
--------------------------------------------------------------------------------
                   Total timesteps: 11796480
                    Iteration time: 1.11s
                      Time elapsed: 00:02:29
                               ETA: 01:41:06

################################################################################
                     [1m Learning iteration 120/5000 [0m                      

                       Computation: 88937 steps/s (collection: 1.020s, learning 0.085s)
             Mean action noise std: 0.55
          Mean value_function loss: 0.0032
               Mean surrogate loss: -0.0117
                 Mean entropy loss: 23.7856
                       Mean reward: 0.20
               Mean episode length: 13.61
Episode_Reward/motion_global_anchor_pos: 0.0116
Episode_Reward/motion_global_anchor_ori: 0.0101
    Episode_Reward/motion_body_pos: 0.0236
    Episode_Reward/motion_body_ori: 0.0011
Episode_Reward/motion_body_lin_vel: 0.0086
Episode_Reward/motion_body_ang_vel: 0.0004
     Episode_Reward/action_rate_l2: -0.0332
        Episode_Reward/joint_limit: -0.0030
 Episode_Reward/undesired_contacts: 0.0000
   Metrics/motion/error_anchor_pos: 0.1268
   Metrics/motion/error_anchor_rot: 0.2339
Metrics/motion/error_anchor_lin_vel: 0.8348
Metrics/motion/error_anchor_ang_vel: 3.8474
     Metrics/motion/error_body_pos: 0.1163
     Metrics/motion/error_body_rot: 0.7519
    Metrics/motion/error_joint_pos: 2.9479
    Metrics/motion/error_joint_vel: 25.5964
   Metrics/motion/sampling_entropy: 0.9884
 Metrics/motion/sampling_top1_prob: 0.1040
  Metrics/motion/sampling_top1_bin: 0.3846
 Metrics/motion/error_body_lin_vel: 1.2393
 Metrics/motion/error_body_ang_vel: 7.4494
      Episode_Termination/time_out: 0.0000
    Episode_Termination/anchor_pos: 0.3750
    Episode_Termination/anchor_ori: 0.0000
   Episode_Termination/ee_body_pos: 296.1250
--------------------------------------------------------------------------------
                   Total timesteps: 11894784
                    Iteration time: 1.11s
                      Time elapsed: 00:02:30
                               ETA: 01:40:59

################################################################################
                     [1m Learning iteration 121/5000 [0m                      

                       Computation: 90404 steps/s (collection: 1.002s, learning 0.085s)
             Mean action noise std: 0.55
          Mean value_function loss: 0.0035
               Mean surrogate loss: -0.0082
                 Mean entropy loss: 23.7432
                       Mean reward: 0.23
               Mean episode length: 15.72
Episode_Reward/motion_global_anchor_pos: 0.0118
Episode_Reward/motion_global_anchor_ori: 0.0104
    Episode_Reward/motion_body_pos: 0.0243
    Episode_Reward/motion_body_ori: 0.0012
Episode_Reward/motion_body_lin_vel: 0.0090
Episode_Reward/motion_body_ang_vel: 0.0004
     Episode_Reward/action_rate_l2: -0.0343
        Episode_Reward/joint_limit: -0.0031
 Episode_Reward/undesired_contacts: 0.0000
   Metrics/motion/error_anchor_pos: 0.1321
   Metrics/motion/error_anchor_rot: 0.2337
Metrics/motion/error_anchor_lin_vel: 0.8578
Metrics/motion/error_anchor_ang_vel: 3.7912
     Metrics/motion/error_body_pos: 0.1175
     Metrics/motion/error_body_rot: 0.7542
    Metrics/motion/error_joint_pos: 2.9496
    Metrics/motion/error_joint_vel: 25.4998
   Metrics/motion/sampling_entropy: 0.9883
 Metrics/motion/sampling_top1_prob: 0.1039
  Metrics/motion/sampling_top1_bin: 0.3846
 Metrics/motion/error_body_lin_vel: 1.2392
 Metrics/motion/error_body_ang_vel: 7.3698
      Episode_Termination/time_out: 0.0000
    Episode_Termination/anchor_pos: 0.8333
    Episode_Termination/anchor_ori: 0.0000
   Episode_Termination/ee_body_pos: 288.0417
--------------------------------------------------------------------------------
                   Total timesteps: 11993088
                    Iteration time: 1.09s
                      Time elapsed: 00:02:31
                               ETA: 01:40:52

################################################################################
                     [1m Learning iteration 122/5000 [0m                      

                       Computation: 87925 steps/s (collection: 1.024s, learning 0.094s)
             Mean action noise std: 0.55
          Mean value_function loss: 0.0036
               Mean surrogate loss: -0.0118
                 Mean entropy loss: 23.7008
                       Mean reward: 0.22
               Mean episode length: 15.36
Episode_Reward/motion_global_anchor_pos: 0.0119
Episode_Reward/motion_global_anchor_ori: 0.0106
    Episode_Reward/motion_body_pos: 0.0246
    Episode_Reward/motion_body_ori: 0.0012
Episode_Reward/motion_body_lin_vel: 0.0091
Episode_Reward/motion_body_ang_vel: 0.0004
     Episode_Reward/action_rate_l2: -0.0347
        Episode_Reward/joint_limit: -0.0031
 Episode_Reward/undesired_contacts: 0.0000
   Metrics/motion/error_anchor_pos: 0.1336
   Metrics/motion/error_anchor_rot: 0.2319
Metrics/motion/error_anchor_lin_vel: 0.8524
Metrics/motion/error_anchor_ang_vel: 3.7784
     Metrics/motion/error_body_pos: 0.1178
     Metrics/motion/error_body_rot: 0.7536
    Metrics/motion/error_joint_pos: 2.9478
    Metrics/motion/error_joint_vel: 25.3192
   Metrics/motion/sampling_entropy: 0.9883
 Metrics/motion/sampling_top1_prob: 0.1040
  Metrics/motion/sampling_top1_bin: 0.3846
 Metrics/motion/error_body_lin_vel: 1.2291
 Metrics/motion/error_body_ang_vel: 7.3246
      Episode_Termination/time_out: 0.0000
    Episode_Termination/anchor_pos: 0.6250
    Episode_Termination/anchor_ori: 0.0000
   Episode_Termination/ee_body_pos: 284.8333
--------------------------------------------------------------------------------
                   Total timesteps: 12091392
                    Iteration time: 1.12s
                      Time elapsed: 00:02:32
                               ETA: 01:40:45

################################################################################
                     [1m Learning iteration 123/5000 [0m                      

                       Computation: 90741 steps/s (collection: 0.998s, learning 0.085s)
             Mean action noise std: 0.55
          Mean value_function loss: 0.0035
               Mean surrogate loss: -0.0108
                 Mean entropy loss: 23.6293
                       Mean reward: 0.20
               Mean episode length: 13.95
Episode_Reward/motion_global_anchor_pos: 0.0123
Episode_Reward/motion_global_anchor_ori: 0.0109
    Episode_Reward/motion_body_pos: 0.0254
    Episode_Reward/motion_body_ori: 0.0012
Episode_Reward/motion_body_lin_vel: 0.0097
Episode_Reward/motion_body_ang_vel: 0.0005
     Episode_Reward/action_rate_l2: -0.0357
        Episode_Reward/joint_limit: -0.0030
 Episode_Reward/undesired_contacts: 0.0000
   Metrics/motion/error_anchor_pos: 0.1345
   Metrics/motion/error_anchor_rot: 0.2340
Metrics/motion/error_anchor_lin_vel: 0.8489
Metrics/motion/error_anchor_ang_vel: 3.7739
     Metrics/motion/error_body_pos: 0.1181
     Metrics/motion/error_body_rot: 0.7552
    Metrics/motion/error_joint_pos: 2.9634
    Metrics/motion/error_joint_vel: 25.2467
   Metrics/motion/sampling_entropy: 0.9883
 Metrics/motion/sampling_top1_prob: 0.1039
  Metrics/motion/sampling_top1_bin: 0.3846
 Metrics/motion/error_body_lin_vel: 1.2236
 Metrics/motion/error_body_ang_vel: 7.2974
      Episode_Termination/time_out: 0.0000
    Episode_Termination/anchor_pos: 0.6250
    Episode_Termination/anchor_ori: 0.0000
   Episode_Termination/ee_body_pos: 279.0000
--------------------------------------------------------------------------------
                   Total timesteps: 12189696
                    Iteration time: 1.08s
                      Time elapsed: 00:02:33
                               ETA: 01:40:38

################################################################################
                     [1m Learning iteration 124/5000 [0m                      

                       Computation: 89155 steps/s (collection: 1.015s, learning 0.087s)
             Mean action noise std: 0.54
          Mean value_function loss: 0.0035
               Mean surrogate loss: -0.0119
                 Mean entropy loss: 23.5634
                       Mean reward: 0.25
               Mean episode length: 15.81
Episode_Reward/motion_global_anchor_pos: 0.0124
Episode_Reward/motion_global_anchor_ori: 0.0109
    Episode_Reward/motion_body_pos: 0.0255
    Episode_Reward/motion_body_ori: 0.0012
Episode_Reward/motion_body_lin_vel: 0.0097
Episode_Reward/motion_body_ang_vel: 0.0005
     Episode_Reward/action_rate_l2: -0.0359
        Episode_Reward/joint_limit: -0.0032
 Episode_Reward/undesired_contacts: 0.0000
   Metrics/motion/error_anchor_pos: 0.1353
   Metrics/motion/error_anchor_rot: 0.2341
Metrics/motion/error_anchor_lin_vel: 0.8575
Metrics/motion/error_anchor_ang_vel: 3.8000
     Metrics/motion/error_body_pos: 0.1183
     Metrics/motion/error_body_rot: 0.7567
    Metrics/motion/error_joint_pos: 2.9628
    Metrics/motion/error_joint_vel: 25.1678
   Metrics/motion/sampling_entropy: 0.9883
 Metrics/motion/sampling_top1_prob: 0.1038
  Metrics/motion/sampling_top1_bin: 0.3846
 Metrics/motion/error_body_lin_vel: 1.2225
 Metrics/motion/error_body_ang_vel: 7.2527
      Episode_Termination/time_out: 0.0000
    Episode_Termination/anchor_pos: 0.6250
    Episode_Termination/anchor_ori: 0.0000
   Episode_Termination/ee_body_pos: 276.0833
--------------------------------------------------------------------------------
                   Total timesteps: 12288000
                    Iteration time: 1.10s
                      Time elapsed: 00:02:34
                               ETA: 01:40:32

################################################################################
                     [1m Learning iteration 125/5000 [0m                      

                       Computation: 88888 steps/s (collection: 1.019s, learning 0.087s)
             Mean action noise std: 0.54
          Mean value_function loss: 0.0037
               Mean surrogate loss: -0.0129
                 Mean entropy loss: 23.4736
                       Mean reward: 0.22
               Mean episode length: 15.60
Episode_Reward/motion_global_anchor_pos: 0.0125
Episode_Reward/motion_global_anchor_ori: 0.0111
    Episode_Reward/motion_body_pos: 0.0258
    Episode_Reward/motion_body_ori: 0.0013
Episode_Reward/motion_body_lin_vel: 0.0099
Episode_Reward/motion_body_ang_vel: 0.0005
     Episode_Reward/action_rate_l2: -0.0363
        Episode_Reward/joint_limit: -0.0031
 Episode_Reward/undesired_contacts: 0.0000
   Metrics/motion/error_anchor_pos: 0.1373
   Metrics/motion/error_anchor_rot: 0.2337
Metrics/motion/error_anchor_lin_vel: 0.8543
Metrics/motion/error_anchor_ang_vel: 3.7486
     Metrics/motion/error_body_pos: 0.1184
     Metrics/motion/error_body_rot: 0.7540
    Metrics/motion/error_joint_pos: 2.9595
    Metrics/motion/error_joint_vel: 25.0155
   Metrics/motion/sampling_entropy: 0.9882
 Metrics/motion/sampling_top1_prob: 0.1038
  Metrics/motion/sampling_top1_bin: 0.3846
 Metrics/motion/error_body_lin_vel: 1.2167
 Metrics/motion/error_body_ang_vel: 7.1995
      Episode_Termination/time_out: 0.0000
    Episode_Termination/anchor_pos: 0.5833
    Episode_Termination/anchor_ori: 0.0000
   Episode_Termination/ee_body_pos: 271.3750
--------------------------------------------------------------------------------
                   Total timesteps: 12386304
                    Iteration time: 1.11s
                      Time elapsed: 00:02:35
                               ETA: 01:40:25

################################################################################
                     [1m Learning iteration 126/5000 [0m                      

                       Computation: 88884 steps/s (collection: 1.017s, learning 0.089s)
             Mean action noise std: 0.54
          Mean value_function loss: 0.0040
               Mean surrogate loss: -0.0101
                 Mean entropy loss: 23.3982
                       Mean reward: 0.33
               Mean episode length: 20.70
Episode_Reward/motion_global_anchor_pos: 0.0128
Episode_Reward/motion_global_anchor_ori: 0.0115
    Episode_Reward/motion_body_pos: 0.0268
    Episode_Reward/motion_body_ori: 0.0013
Episode_Reward/motion_body_lin_vel: 0.0105
Episode_Reward/motion_body_ang_vel: 0.0006
     Episode_Reward/action_rate_l2: -0.0376
        Episode_Reward/joint_limit: -0.0032
 Episode_Reward/undesired_contacts: 0.0000
   Metrics/motion/error_anchor_pos: 0.1431
   Metrics/motion/error_anchor_rot: 0.2377
Metrics/motion/error_anchor_lin_vel: 0.8676
Metrics/motion/error_anchor_ang_vel: 3.7456
     Metrics/motion/error_body_pos: 0.1205
     Metrics/motion/error_body_rot: 0.7594
    Metrics/motion/error_joint_pos: 2.9689
    Metrics/motion/error_joint_vel: 24.9021
   Metrics/motion/sampling_entropy: 0.9882
 Metrics/motion/sampling_top1_prob: 0.1037
  Metrics/motion/sampling_top1_bin: 0.3846
 Metrics/motion/error_body_lin_vel: 1.2140
 Metrics/motion/error_body_ang_vel: 7.1557
      Episode_Termination/time_out: 0.0000
    Episode_Termination/anchor_pos: 0.3750
    Episode_Termination/anchor_ori: 0.0000
   Episode_Termination/ee_body_pos: 261.0417
--------------------------------------------------------------------------------
                   Total timesteps: 12484608
                    Iteration time: 1.11s
                      Time elapsed: 00:02:36
                               ETA: 01:40:19

################################################################################
                     [1m Learning iteration 127/5000 [0m                      

                       Computation: 89268 steps/s (collection: 1.015s, learning 0.086s)
             Mean action noise std: 0.54
          Mean value_function loss: 0.0039
               Mean surrogate loss: -0.0102
                 Mean entropy loss: 23.3454
                       Mean reward: 0.21
               Mean episode length: 14.59
Episode_Reward/motion_global_anchor_pos: 0.0131
Episode_Reward/motion_global_anchor_ori: 0.0118
    Episode_Reward/motion_body_pos: 0.0274
    Episode_Reward/motion_body_ori: 0.0014
Episode_Reward/motion_body_lin_vel: 0.0109
Episode_Reward/motion_body_ang_vel: 0.0006
     Episode_Reward/action_rate_l2: -0.0384
        Episode_Reward/joint_limit: -0.0033
 Episode_Reward/undesired_contacts: 0.0000
   Metrics/motion/error_anchor_pos: 0.1439
   Metrics/motion/error_anchor_rot: 0.2351
Metrics/motion/error_anchor_lin_vel: 0.8625
Metrics/motion/error_anchor_ang_vel: 3.6987
     Metrics/motion/error_body_pos: 0.1203
     Metrics/motion/error_body_rot: 0.7541
    Metrics/motion/error_joint_pos: 2.9465
    Metrics/motion/error_joint_vel: 24.7397
   Metrics/motion/sampling_entropy: 0.9882
 Metrics/motion/sampling_top1_prob: 0.1037
  Metrics/motion/sampling_top1_bin: 0.3846
 Metrics/motion/error_body_lin_vel: 1.2032
 Metrics/motion/error_body_ang_vel: 7.0953
      Episode_Termination/time_out: 0.0000
    Episode_Termination/anchor_pos: 0.2500
    Episode_Termination/anchor_ori: 0.0000
   Episode_Termination/ee_body_pos: 256.9583
--------------------------------------------------------------------------------
                   Total timesteps: 12582912
                    Iteration time: 1.10s
                      Time elapsed: 00:02:37
                               ETA: 01:40:13

################################################################################
                     [1m Learning iteration 128/5000 [0m                      

                       Computation: 91532 steps/s (collection: 0.984s, learning 0.090s)
             Mean action noise std: 0.54
          Mean value_function loss: 0.0038
               Mean surrogate loss: -0.0119
                 Mean entropy loss: 23.2871
                       Mean reward: 0.24
               Mean episode length: 16.50
Episode_Reward/motion_global_anchor_pos: 0.0131
Episode_Reward/motion_global_anchor_ori: 0.0117
    Episode_Reward/motion_body_pos: 0.0273
    Episode_Reward/motion_body_ori: 0.0014
Episode_Reward/motion_body_lin_vel: 0.0108
Episode_Reward/motion_body_ang_vel: 0.0006
     Episode_Reward/action_rate_l2: -0.0382
        Episode_Reward/joint_limit: -0.0032
 Episode_Reward/undesired_contacts: 0.0000
   Metrics/motion/error_anchor_pos: 0.1452
   Metrics/motion/error_anchor_rot: 0.2354
Metrics/motion/error_anchor_lin_vel: 0.8668
Metrics/motion/error_anchor_ang_vel: 3.6935
     Metrics/motion/error_body_pos: 0.1209
     Metrics/motion/error_body_rot: 0.7570
    Metrics/motion/error_joint_pos: 2.9537
    Metrics/motion/error_joint_vel: 24.7471
   Metrics/motion/sampling_entropy: 0.9882
 Metrics/motion/sampling_top1_prob: 0.1035
  Metrics/motion/sampling_top1_bin: 0.3846
 Metrics/motion/error_body_lin_vel: 1.2060
 Metrics/motion/error_body_ang_vel: 7.0836
      Episode_Termination/time_out: 0.0000
    Episode_Termination/anchor_pos: 0.7083
    Episode_Termination/anchor_ori: 0.0000
   Episode_Termination/ee_body_pos: 262.3750
--------------------------------------------------------------------------------
                   Total timesteps: 12681216
                    Iteration time: 1.07s
                      Time elapsed: 00:02:39
                               ETA: 01:40:05

################################################################################
                     [1m Learning iteration 129/5000 [0m                      

                       Computation: 92558 steps/s (collection: 0.976s, learning 0.086s)
             Mean action noise std: 0.54
          Mean value_function loss: 0.0042
               Mean surrogate loss: -0.0113
                 Mean entropy loss: 23.2058
                       Mean reward: 0.25
               Mean episode length: 16.48
Episode_Reward/motion_global_anchor_pos: 0.0133
Episode_Reward/motion_global_anchor_ori: 0.0120
    Episode_Reward/motion_body_pos: 0.0279
    Episode_Reward/motion_body_ori: 0.0014
Episode_Reward/motion_body_lin_vel: 0.0112
Episode_Reward/motion_body_ang_vel: 0.0006
     Episode_Reward/action_rate_l2: -0.0390
        Episode_Reward/joint_limit: -0.0034
 Episode_Reward/undesired_contacts: 0.0000
   Metrics/motion/error_anchor_pos: 0.1491
   Metrics/motion/error_anchor_rot: 0.2333
Metrics/motion/error_anchor_lin_vel: 0.8784
Metrics/motion/error_anchor_ang_vel: 3.7187
     Metrics/motion/error_body_pos: 0.1217
     Metrics/motion/error_body_rot: 0.7581
    Metrics/motion/error_joint_pos: 2.9650
    Metrics/motion/error_joint_vel: 24.5109
   Metrics/motion/sampling_entropy: 0.9882
 Metrics/motion/sampling_top1_prob: 0.1034
  Metrics/motion/sampling_top1_bin: 0.3846
 Metrics/motion/error_body_lin_vel: 1.2041
 Metrics/motion/error_body_ang_vel: 7.0525
      Episode_Termination/time_out: 0.0000
    Episode_Termination/anchor_pos: 0.2917
    Episode_Termination/anchor_ori: 0.0000
   Episode_Termination/ee_body_pos: 250.3750
--------------------------------------------------------------------------------
                   Total timesteps: 12779520
                    Iteration time: 1.06s
                      Time elapsed: 00:02:40
                               ETA: 01:39:58

################################################################################
                     [1m Learning iteration 130/5000 [0m                      

                       Computation: 90020 steps/s (collection: 1.007s, learning 0.085s)
             Mean action noise std: 0.54
          Mean value_function loss: 0.0045
               Mean surrogate loss: -0.0115
                 Mean entropy loss: 23.1377
                       Mean reward: 0.29
               Mean episode length: 18.70
Episode_Reward/motion_global_anchor_pos: 0.0137
Episode_Reward/motion_global_anchor_ori: 0.0125
    Episode_Reward/motion_body_pos: 0.0289
    Episode_Reward/motion_body_ori: 0.0015
Episode_Reward/motion_body_lin_vel: 0.0118
Episode_Reward/motion_body_ang_vel: 0.0007
     Episode_Reward/action_rate_l2: -0.0404
        Episode_Reward/joint_limit: -0.0035
 Episode_Reward/undesired_contacts: 0.0000
   Metrics/motion/error_anchor_pos: 0.1530
   Metrics/motion/error_anchor_rot: 0.2362
Metrics/motion/error_anchor_lin_vel: 0.8864
Metrics/motion/error_anchor_ang_vel: 3.6822
     Metrics/motion/error_body_pos: 0.1231
     Metrics/motion/error_body_rot: 0.7611
    Metrics/motion/error_joint_pos: 2.9705
    Metrics/motion/error_joint_vel: 24.4317
   Metrics/motion/sampling_entropy: 0.9882
 Metrics/motion/sampling_top1_prob: 0.1032
  Metrics/motion/sampling_top1_bin: 0.3846
 Metrics/motion/error_body_lin_vel: 1.1993
 Metrics/motion/error_body_ang_vel: 6.9923
      Episode_Termination/time_out: 0.0000
    Episode_Termination/anchor_pos: 0.9583
    Episode_Termination/anchor_ori: 0.0000
   Episode_Termination/ee_body_pos: 234.6250
--------------------------------------------------------------------------------
                   Total timesteps: 12877824
                    Iteration time: 1.09s
                      Time elapsed: 00:02:41
                               ETA: 01:39:51

################################################################################
                     [1m Learning iteration 131/5000 [0m                      

                       Computation: 89595 steps/s (collection: 1.005s, learning 0.092s)
             Mean action noise std: 0.54
          Mean value_function loss: 0.0044
               Mean surrogate loss: -0.0129
                 Mean entropy loss: 23.0755
                       Mean reward: 0.28
               Mean episode length: 17.59
Episode_Reward/motion_global_anchor_pos: 0.0142
Episode_Reward/motion_global_anchor_ori: 0.0130
    Episode_Reward/motion_body_pos: 0.0300
    Episode_Reward/motion_body_ori: 0.0015
Episode_Reward/motion_body_lin_vel: 0.0124
Episode_Reward/motion_body_ang_vel: 0.0007
     Episode_Reward/action_rate_l2: -0.0419
        Episode_Reward/joint_limit: -0.0035
 Episode_Reward/undesired_contacts: 0.0000
   Metrics/motion/error_anchor_pos: 0.1572
   Metrics/motion/error_anchor_rot: 0.2377
Metrics/motion/error_anchor_lin_vel: 0.8918
Metrics/motion/error_anchor_ang_vel: 3.6134
     Metrics/motion/error_body_pos: 0.1246
     Metrics/motion/error_body_rot: 0.7610
    Metrics/motion/error_joint_pos: 2.9795
    Metrics/motion/error_joint_vel: 24.2114
   Metrics/motion/sampling_entropy: 0.9882
 Metrics/motion/sampling_top1_prob: 0.1031
  Metrics/motion/sampling_top1_bin: 0.3846
 Metrics/motion/error_body_lin_vel: 1.1932
 Metrics/motion/error_body_ang_vel: 6.9209
      Episode_Termination/time_out: 0.0000
    Episode_Termination/anchor_pos: 0.5000
    Episode_Termination/anchor_ori: 0.0000
   Episode_Termination/ee_body_pos: 232.2917
--------------------------------------------------------------------------------
                   Total timesteps: 12976128
                    Iteration time: 1.10s
                      Time elapsed: 00:02:42
                               ETA: 01:39:45

################################################################################
                     [1m Learning iteration 132/5000 [0m                      

                       Computation: 92392 steps/s (collection: 0.979s, learning 0.085s)
             Mean action noise std: 0.53
          Mean value_function loss: 0.0047
               Mean surrogate loss: -0.0103
                 Mean entropy loss: 22.9943
                       Mean reward: 0.28
               Mean episode length: 17.62
Episode_Reward/motion_global_anchor_pos: 0.0144
Episode_Reward/motion_global_anchor_ori: 0.0132
    Episode_Reward/motion_body_pos: 0.0305
    Episode_Reward/motion_body_ori: 0.0015
Episode_Reward/motion_body_lin_vel: 0.0128
Episode_Reward/motion_body_ang_vel: 0.0008
     Episode_Reward/action_rate_l2: -0.0425
        Episode_Reward/joint_limit: -0.0035
 Episode_Reward/undesired_contacts: 0.0000
   Metrics/motion/error_anchor_pos: 0.1599
   Metrics/motion/error_anchor_rot: 0.2379
Metrics/motion/error_anchor_lin_vel: 0.9011
Metrics/motion/error_anchor_ang_vel: 3.6712
     Metrics/motion/error_body_pos: 0.1253
     Metrics/motion/error_body_rot: 0.7632
    Metrics/motion/error_joint_pos: 2.9612
    Metrics/motion/error_joint_vel: 24.1578
   Metrics/motion/sampling_entropy: 0.9882
 Metrics/motion/sampling_top1_prob: 0.1029
  Metrics/motion/sampling_top1_bin: 0.3846
 Metrics/motion/error_body_lin_vel: 1.1995
 Metrics/motion/error_body_ang_vel: 6.9218
      Episode_Termination/time_out: 0.0000
    Episode_Termination/anchor_pos: 0.5833
    Episode_Termination/anchor_ori: 0.0000
   Episode_Termination/ee_body_pos: 229.4583
--------------------------------------------------------------------------------
                   Total timesteps: 13074432
                    Iteration time: 1.06s
                      Time elapsed: 00:02:43
                               ETA: 01:39:38

################################################################################
                     [1m Learning iteration 133/5000 [0m                      

                       Computation: 92737 steps/s (collection: 0.974s, learning 0.086s)
             Mean action noise std: 0.53
          Mean value_function loss: 0.0061
               Mean surrogate loss: -0.0117
                 Mean entropy loss: 22.9162
                       Mean reward: 0.23
               Mean episode length: 16.05
Episode_Reward/motion_global_anchor_pos: 0.0146
Episode_Reward/motion_global_anchor_ori: 0.0135
    Episode_Reward/motion_body_pos: 0.0311
    Episode_Reward/motion_body_ori: 0.0016
Episode_Reward/motion_body_lin_vel: 0.0130
Episode_Reward/motion_body_ang_vel: 0.0008
     Episode_Reward/action_rate_l2: -0.0432
        Episode_Reward/joint_limit: -0.0037
 Episode_Reward/undesired_contacts: 0.0000
   Metrics/motion/error_anchor_pos: 0.1657
   Metrics/motion/error_anchor_rot: 0.2358
Metrics/motion/error_anchor_lin_vel: 0.9137
Metrics/motion/error_anchor_ang_vel: 3.5928
     Metrics/motion/error_body_pos: 0.1268
     Metrics/motion/error_body_rot: 0.7702
    Metrics/motion/error_joint_pos: 2.9830
    Metrics/motion/error_joint_vel: 24.0609
   Metrics/motion/sampling_entropy: 0.9882
 Metrics/motion/sampling_top1_prob: 0.1027
  Metrics/motion/sampling_top1_bin: 0.3846
 Metrics/motion/error_body_lin_vel: 1.1946
 Metrics/motion/error_body_ang_vel: 6.8613
      Episode_Termination/time_out: 0.0000
    Episode_Termination/anchor_pos: 0.7500
    Episode_Termination/anchor_ori: 0.0000
   Episode_Termination/ee_body_pos: 220.4167
--------------------------------------------------------------------------------
                   Total timesteps: 13172736
                    Iteration time: 1.06s
                      Time elapsed: 00:02:44
                               ETA: 01:39:31

################################################################################
                     [1m Learning iteration 134/5000 [0m                      

                       Computation: 92961 steps/s (collection: 0.971s, learning 0.086s)
             Mean action noise std: 0.53
          Mean value_function loss: 0.0051
               Mean surrogate loss: -0.0130
                 Mean entropy loss: 22.8400
                       Mean reward: 0.30
               Mean episode length: 19.08
Episode_Reward/motion_global_anchor_pos: 0.0150
Episode_Reward/motion_global_anchor_ori: 0.0140
    Episode_Reward/motion_body_pos: 0.0318
    Episode_Reward/motion_body_ori: 0.0016
Episode_Reward/motion_body_lin_vel: 0.0137
Episode_Reward/motion_body_ang_vel: 0.0009
     Episode_Reward/action_rate_l2: -0.0442
        Episode_Reward/joint_limit: -0.0038
 Episode_Reward/undesired_contacts: 0.0000
   Metrics/motion/error_anchor_pos: 0.1659
   Metrics/motion/error_anchor_rot: 0.2333
Metrics/motion/error_anchor_lin_vel: 0.9130
Metrics/motion/error_anchor_ang_vel: 3.6318
     Metrics/motion/error_body_pos: 0.1268
     Metrics/motion/error_body_rot: 0.7666
    Metrics/motion/error_joint_pos: 2.9904
    Metrics/motion/error_joint_vel: 23.9805
   Metrics/motion/sampling_entropy: 0.9882
 Metrics/motion/sampling_top1_prob: 0.1025
  Metrics/motion/sampling_top1_bin: 0.3846
 Metrics/motion/error_body_lin_vel: 1.1871
 Metrics/motion/error_body_ang_vel: 6.8342
      Episode_Termination/time_out: 0.0000
    Episode_Termination/anchor_pos: 0.7500
    Episode_Termination/anchor_ori: 0.0000
   Episode_Termination/ee_body_pos: 220.3750
--------------------------------------------------------------------------------
                   Total timesteps: 13271040
                    Iteration time: 1.06s
                      Time elapsed: 00:02:45
                               ETA: 01:39:23

################################################################################
                     [1m Learning iteration 135/5000 [0m                      

                       Computation: 93902 steps/s (collection: 0.959s, learning 0.088s)
             Mean action noise std: 0.53
          Mean value_function loss: 0.0050
               Mean surrogate loss: -0.0126
                 Mean entropy loss: 22.7613
                       Mean reward: 0.32
               Mean episode length: 19.59
Episode_Reward/motion_global_anchor_pos: 0.0151
Episode_Reward/motion_global_anchor_ori: 0.0142
    Episode_Reward/motion_body_pos: 0.0323
    Episode_Reward/motion_body_ori: 0.0017
Episode_Reward/motion_body_lin_vel: 0.0139
Episode_Reward/motion_body_ang_vel: 0.0009
     Episode_Reward/action_rate_l2: -0.0448
        Episode_Reward/joint_limit: -0.0038
 Episode_Reward/undesired_contacts: 0.0000
   Metrics/motion/error_anchor_pos: 0.1726
   Metrics/motion/error_anchor_rot: 0.2367
Metrics/motion/error_anchor_lin_vel: 0.9263
Metrics/motion/error_anchor_ang_vel: 3.5590
     Metrics/motion/error_body_pos: 0.1286
     Metrics/motion/error_body_rot: 0.7741
    Metrics/motion/error_joint_pos: 2.9897
    Metrics/motion/error_joint_vel: 23.8096
   Metrics/motion/sampling_entropy: 0.9882
 Metrics/motion/sampling_top1_prob: 0.1023
  Metrics/motion/sampling_top1_bin: 0.3846
 Metrics/motion/error_body_lin_vel: 1.1908
 Metrics/motion/error_body_ang_vel: 6.7715
      Episode_Termination/time_out: 0.0000
    Episode_Termination/anchor_pos: 0.8333
    Episode_Termination/anchor_ori: 0.0000
   Episode_Termination/ee_body_pos: 211.7083
--------------------------------------------------------------------------------
                   Total timesteps: 13369344
                    Iteration time: 1.05s
                      Time elapsed: 00:02:46
                               ETA: 01:39:16

################################################################################
                     [1m Learning iteration 136/5000 [0m                      

                       Computation: 92456 steps/s (collection: 0.976s, learning 0.087s)
             Mean action noise std: 0.53
          Mean value_function loss: 0.0053
               Mean surrogate loss: -0.0108
                 Mean entropy loss: 22.6954
                       Mean reward: 0.30
               Mean episode length: 18.20
Episode_Reward/motion_global_anchor_pos: 0.0159
Episode_Reward/motion_global_anchor_ori: 0.0150
    Episode_Reward/motion_body_pos: 0.0341
    Episode_Reward/motion_body_ori: 0.0017
Episode_Reward/motion_body_lin_vel: 0.0151
Episode_Reward/motion_body_ang_vel: 0.0010
     Episode_Reward/action_rate_l2: -0.0472
        Episode_Reward/joint_limit: -0.0039
 Episode_Reward/undesired_contacts: 0.0000
   Metrics/motion/error_anchor_pos: 0.1775
   Metrics/motion/error_anchor_rot: 0.2404
Metrics/motion/error_anchor_lin_vel: 0.9451
Metrics/motion/error_anchor_ang_vel: 3.5549
     Metrics/motion/error_body_pos: 0.1299
     Metrics/motion/error_body_rot: 0.7743
    Metrics/motion/error_joint_pos: 3.0026
    Metrics/motion/error_joint_vel: 23.7583
   Metrics/motion/sampling_entropy: 0.9882
 Metrics/motion/sampling_top1_prob: 0.1020
  Metrics/motion/sampling_top1_bin: 0.3846
 Metrics/motion/error_body_lin_vel: 1.1915
 Metrics/motion/error_body_ang_vel: 6.7433
      Episode_Termination/time_out: 0.0000
    Episode_Termination/anchor_pos: 1.0000
    Episode_Termination/anchor_ori: 0.0000
   Episode_Termination/ee_body_pos: 207.2500
--------------------------------------------------------------------------------
                   Total timesteps: 13467648
                    Iteration time: 1.06s
                      Time elapsed: 00:02:47
                               ETA: 01:39:09

################################################################################
                     [1m Learning iteration 137/5000 [0m                      

                       Computation: 92061 steps/s (collection: 0.980s, learning 0.088s)
             Mean action noise std: 0.53
          Mean value_function loss: 0.0051
               Mean surrogate loss: -0.0109
                 Mean entropy loss: 22.6335
                       Mean reward: 0.31
               Mean episode length: 19.64
Episode_Reward/motion_global_anchor_pos: 0.0156
Episode_Reward/motion_global_anchor_ori: 0.0148
    Episode_Reward/motion_body_pos: 0.0337
    Episode_Reward/motion_body_ori: 0.0017
Episode_Reward/motion_body_lin_vel: 0.0147
Episode_Reward/motion_body_ang_vel: 0.0010
     Episode_Reward/action_rate_l2: -0.0465
        Episode_Reward/joint_limit: -0.0039
 Episode_Reward/undesired_contacts: 0.0000
   Metrics/motion/error_anchor_pos: 0.1795
   Metrics/motion/error_anchor_rot: 0.2402
Metrics/motion/error_anchor_lin_vel: 0.9470
Metrics/motion/error_anchor_ang_vel: 3.5695
     Metrics/motion/error_body_pos: 0.1301
     Metrics/motion/error_body_rot: 0.7749
    Metrics/motion/error_joint_pos: 3.0089
    Metrics/motion/error_joint_vel: 23.6674
   Metrics/motion/sampling_entropy: 0.9882
 Metrics/motion/sampling_top1_prob: 0.1018
  Metrics/motion/sampling_top1_bin: 0.3846
 Metrics/motion/error_body_lin_vel: 1.1915
 Metrics/motion/error_body_ang_vel: 6.7164
      Episode_Termination/time_out: 0.0000
    Episode_Termination/anchor_pos: 0.8750
    Episode_Termination/anchor_ori: 0.0000
   Episode_Termination/ee_body_pos: 206.7917
--------------------------------------------------------------------------------
                   Total timesteps: 13565952
                    Iteration time: 1.07s
                      Time elapsed: 00:02:48
                               ETA: 01:39:02

################################################################################
                     [1m Learning iteration 138/5000 [0m                      

                       Computation: 90910 steps/s (collection: 0.982s, learning 0.100s)
             Mean action noise std: 0.53
          Mean value_function loss: 0.0054
               Mean surrogate loss: -0.0104
                 Mean entropy loss: 22.5625
                       Mean reward: 0.41
               Mean episode length: 24.16
Episode_Reward/motion_global_anchor_pos: 0.0160
Episode_Reward/motion_global_anchor_ori: 0.0152
    Episode_Reward/motion_body_pos: 0.0346
    Episode_Reward/motion_body_ori: 0.0018
Episode_Reward/motion_body_lin_vel: 0.0153
Episode_Reward/motion_body_ang_vel: 0.0011
     Episode_Reward/action_rate_l2: -0.0477
        Episode_Reward/joint_limit: -0.0041
 Episode_Reward/undesired_contacts: 0.0000
   Metrics/motion/error_anchor_pos: 0.1818
   Metrics/motion/error_anchor_rot: 0.2416
Metrics/motion/error_anchor_lin_vel: 0.9527
Metrics/motion/error_anchor_ang_vel: 3.5809
     Metrics/motion/error_body_pos: 0.1315
     Metrics/motion/error_body_rot: 0.7764
    Metrics/motion/error_joint_pos: 3.0139
    Metrics/motion/error_joint_vel: 23.4866
   Metrics/motion/sampling_entropy: 0.9882
 Metrics/motion/sampling_top1_prob: 0.1015
  Metrics/motion/sampling_top1_bin: 0.3846
 Metrics/motion/error_body_lin_vel: 1.1830
 Metrics/motion/error_body_ang_vel: 6.6611
      Episode_Termination/time_out: 0.0000
    Episode_Termination/anchor_pos: 0.7500
    Episode_Termination/anchor_ori: 0.0000
   Episode_Termination/ee_body_pos: 203.9583
--------------------------------------------------------------------------------
                   Total timesteps: 13664256
                    Iteration time: 1.08s
                      Time elapsed: 00:02:49
                               ETA: 01:38:56

################################################################################
                     [1m Learning iteration 139/5000 [0m                      

                       Computation: 88252 steps/s (collection: 1.028s, learning 0.086s)
             Mean action noise std: 0.53
          Mean value_function loss: 0.0053
               Mean surrogate loss: -0.0105
                 Mean entropy loss: 22.5064
                       Mean reward: 0.33
               Mean episode length: 20.85
Episode_Reward/motion_global_anchor_pos: 0.0161
Episode_Reward/motion_global_anchor_ori: 0.0153
    Episode_Reward/motion_body_pos: 0.0348
    Episode_Reward/motion_body_ori: 0.0018
Episode_Reward/motion_body_lin_vel: 0.0154
Episode_Reward/motion_body_ang_vel: 0.0011
     Episode_Reward/action_rate_l2: -0.0479
        Episode_Reward/joint_limit: -0.0041
 Episode_Reward/undesired_contacts: 0.0000
   Metrics/motion/error_anchor_pos: 0.1843
   Metrics/motion/error_anchor_rot: 0.2408
Metrics/motion/error_anchor_lin_vel: 0.9525
Metrics/motion/error_anchor_ang_vel: 3.5355
     Metrics/motion/error_body_pos: 0.1323
     Metrics/motion/error_body_rot: 0.7777
    Metrics/motion/error_joint_pos: 3.0274
    Metrics/motion/error_joint_vel: 23.4599
   Metrics/motion/sampling_entropy: 0.9882
 Metrics/motion/sampling_top1_prob: 0.1012
  Metrics/motion/sampling_top1_bin: 0.3846
 Metrics/motion/error_body_lin_vel: 1.1810
 Metrics/motion/error_body_ang_vel: 6.6574
      Episode_Termination/time_out: 0.0000
    Episode_Termination/anchor_pos: 0.9583
    Episode_Termination/anchor_ori: 0.0000
   Episode_Termination/ee_body_pos: 201.2500
--------------------------------------------------------------------------------
                   Total timesteps: 13762560
                    Iteration time: 1.11s
                      Time elapsed: 00:02:50
                               ETA: 01:38:51

################################################################################
                     [1m Learning iteration 140/5000 [0m                      

                       Computation: 84966 steps/s (collection: 1.062s, learning 0.095s)
             Mean action noise std: 0.52
          Mean value_function loss: 0.0055
               Mean surrogate loss: -0.0115
                 Mean entropy loss: 22.4424
                       Mean reward: 0.31
               Mean episode length: 18.93
Episode_Reward/motion_global_anchor_pos: 0.0162
Episode_Reward/motion_global_anchor_ori: 0.0153
    Episode_Reward/motion_body_pos: 0.0348
    Episode_Reward/motion_body_ori: 0.0018
Episode_Reward/motion_body_lin_vel: 0.0154
Episode_Reward/motion_body_ang_vel: 0.0011
     Episode_Reward/action_rate_l2: -0.0478
        Episode_Reward/joint_limit: -0.0040
 Episode_Reward/undesired_contacts: 0.0000
   Metrics/motion/error_anchor_pos: 0.1820
   Metrics/motion/error_anchor_rot: 0.2385
Metrics/motion/error_anchor_lin_vel: 0.9467
Metrics/motion/error_anchor_ang_vel: 3.5565
     Metrics/motion/error_body_pos: 0.1318
     Metrics/motion/error_body_rot: 0.7743
    Metrics/motion/error_joint_pos: 3.0345
    Metrics/motion/error_joint_vel: 23.5027
   Metrics/motion/sampling_entropy: 0.9882
 Metrics/motion/sampling_top1_prob: 0.1010
  Metrics/motion/sampling_top1_bin: 0.3846
 Metrics/motion/error_body_lin_vel: 1.1773
 Metrics/motion/error_body_ang_vel: 6.6082
      Episode_Termination/time_out: 0.0000
    Episode_Termination/anchor_pos: 0.7917
    Episode_Termination/anchor_ori: 0.0000
   Episode_Termination/ee_body_pos: 202.2083
--------------------------------------------------------------------------------
                   Total timesteps: 13860864
                    Iteration time: 1.16s
                      Time elapsed: 00:02:51
                               ETA: 01:38:48

################################################################################
                     [1m Learning iteration 141/5000 [0m                      

                       Computation: 83574 steps/s (collection: 1.088s, learning 0.089s)
             Mean action noise std: 0.52
          Mean value_function loss: 0.0056
               Mean surrogate loss: -0.0132
                 Mean entropy loss: 22.3593
                       Mean reward: 0.30
               Mean episode length: 19.05
Episode_Reward/motion_global_anchor_pos: 0.0161
Episode_Reward/motion_global_anchor_ori: 0.0155
    Episode_Reward/motion_body_pos: 0.0350
    Episode_Reward/motion_body_ori: 0.0018
Episode_Reward/motion_body_lin_vel: 0.0156
Episode_Reward/motion_body_ang_vel: 0.0011
     Episode_Reward/action_rate_l2: -0.0479
        Episode_Reward/joint_limit: -0.0041
 Episode_Reward/undesired_contacts: 0.0000
   Metrics/motion/error_anchor_pos: 0.1898
   Metrics/motion/error_anchor_rot: 0.2410
Metrics/motion/error_anchor_lin_vel: 0.9623
Metrics/motion/error_anchor_ang_vel: 3.5239
     Metrics/motion/error_body_pos: 0.1333
     Metrics/motion/error_body_rot: 0.7829
    Metrics/motion/error_joint_pos: 3.0484
    Metrics/motion/error_joint_vel: 23.3997
   Metrics/motion/sampling_entropy: 0.9882
 Metrics/motion/sampling_top1_prob: 0.1007
  Metrics/motion/sampling_top1_bin: 0.3846
 Metrics/motion/error_body_lin_vel: 1.1799
 Metrics/motion/error_body_ang_vel: 6.5557
      Episode_Termination/time_out: 0.0000
    Episode_Termination/anchor_pos: 1.0417
    Episode_Termination/anchor_ori: 0.0000
   Episode_Termination/ee_body_pos: 193.8750
--------------------------------------------------------------------------------
                   Total timesteps: 13959168
                    Iteration time: 1.18s
                      Time elapsed: 00:02:53
                               ETA: 01:38:45

################################################################################
                     [1m Learning iteration 142/5000 [0m                      

                       Computation: 86313 steps/s (collection: 1.053s, learning 0.086s)
             Mean action noise std: 0.52
          Mean value_function loss: 0.0065
               Mean surrogate loss: -0.0111
                 Mean entropy loss: 22.2889
                       Mean reward: 0.38
               Mean episode length: 22.68
Episode_Reward/motion_global_anchor_pos: 0.0169
Episode_Reward/motion_global_anchor_ori: 0.0164
    Episode_Reward/motion_body_pos: 0.0371
    Episode_Reward/motion_body_ori: 0.0019
Episode_Reward/motion_body_lin_vel: 0.0168
Episode_Reward/motion_body_ang_vel: 0.0012
     Episode_Reward/action_rate_l2: -0.0507
        Episode_Reward/joint_limit: -0.0042
 Episode_Reward/undesired_contacts: 0.0000
   Metrics/motion/error_anchor_pos: 0.1992
   Metrics/motion/error_anchor_rot: 0.2429
Metrics/motion/error_anchor_lin_vel: 0.9863
Metrics/motion/error_anchor_ang_vel: 3.4984
     Metrics/motion/error_body_pos: 0.1350
     Metrics/motion/error_body_rot: 0.7891
    Metrics/motion/error_joint_pos: 3.0558
    Metrics/motion/error_joint_vel: 23.1748
   Metrics/motion/sampling_entropy: 0.9882
 Metrics/motion/sampling_top1_prob: 0.1005
  Metrics/motion/sampling_top1_bin: 0.3846
 Metrics/motion/error_body_lin_vel: 1.1856
 Metrics/motion/error_body_ang_vel: 6.5234
      Episode_Termination/time_out: 0.0000
    Episode_Termination/anchor_pos: 0.8750
    Episode_Termination/anchor_ori: 0.0000
   Episode_Termination/ee_body_pos: 188.2917
--------------------------------------------------------------------------------
                   Total timesteps: 14057472
                    Iteration time: 1.14s
                      Time elapsed: 00:02:54
                               ETA: 01:38:41

################################################################################
                     [1m Learning iteration 143/5000 [0m                      

                       Computation: 86858 steps/s (collection: 1.044s, learning 0.088s)
             Mean action noise std: 0.52
          Mean value_function loss: 0.0061
               Mean surrogate loss: -0.0104
                 Mean entropy loss: 22.2221
                       Mean reward: 0.36
               Mean episode length: 22.38
Episode_Reward/motion_global_anchor_pos: 0.0171
Episode_Reward/motion_global_anchor_ori: 0.0167
    Episode_Reward/motion_body_pos: 0.0377
    Episode_Reward/motion_body_ori: 0.0019
Episode_Reward/motion_body_lin_vel: 0.0172
Episode_Reward/motion_body_ang_vel: 0.0013
     Episode_Reward/action_rate_l2: -0.0514
        Episode_Reward/joint_limit: -0.0043
 Episode_Reward/undesired_contacts: 0.0000
   Metrics/motion/error_anchor_pos: 0.2038
   Metrics/motion/error_anchor_rot: 0.2450
Metrics/motion/error_anchor_lin_vel: 0.9939
Metrics/motion/error_anchor_ang_vel: 3.4919
     Metrics/motion/error_body_pos: 0.1368
     Metrics/motion/error_body_rot: 0.7935
    Metrics/motion/error_joint_pos: 3.0589
    Metrics/motion/error_joint_vel: 23.1500
   Metrics/motion/sampling_entropy: 0.9881
 Metrics/motion/sampling_top1_prob: 0.1003
  Metrics/motion/sampling_top1_bin: 0.3846
 Metrics/motion/error_body_lin_vel: 1.1894
 Metrics/motion/error_body_ang_vel: 6.5278
      Episode_Termination/time_out: 0.0000
    Episode_Termination/anchor_pos: 1.2500
    Episode_Termination/anchor_ori: 0.0000
   Episode_Termination/ee_body_pos: 181.8750
--------------------------------------------------------------------------------
                   Total timesteps: 14155776
                    Iteration time: 1.13s
                      Time elapsed: 00:02:55
                               ETA: 01:38:37

################################################################################
                     [1m Learning iteration 144/5000 [0m                      

                       Computation: 81498 steps/s (collection: 1.113s, learning 0.093s)
             Mean action noise std: 0.52
          Mean value_function loss: 0.0056
               Mean surrogate loss: -0.0116
                 Mean entropy loss: 22.1499
                       Mean reward: 0.37
               Mean episode length: 22.04
Episode_Reward/motion_global_anchor_pos: 0.0175
Episode_Reward/motion_global_anchor_ori: 0.0171
    Episode_Reward/motion_body_pos: 0.0385
    Episode_Reward/motion_body_ori: 0.0020
Episode_Reward/motion_body_lin_vel: 0.0177
Episode_Reward/motion_body_ang_vel: 0.0013
     Episode_Reward/action_rate_l2: -0.0524
        Episode_Reward/joint_limit: -0.0042
 Episode_Reward/undesired_contacts: 0.0000
   Metrics/motion/error_anchor_pos: 0.2061
   Metrics/motion/error_anchor_rot: 0.2459
Metrics/motion/error_anchor_lin_vel: 1.0049
Metrics/motion/error_anchor_ang_vel: 3.4628
     Metrics/motion/error_body_pos: 0.1386
     Metrics/motion/error_body_rot: 0.7973
    Metrics/motion/error_joint_pos: 3.0538
    Metrics/motion/error_joint_vel: 23.2111
   Metrics/motion/sampling_entropy: 0.9881
 Metrics/motion/sampling_top1_prob: 0.1002
  Metrics/motion/sampling_top1_bin: 0.3846
 Metrics/motion/error_body_lin_vel: 1.1943
 Metrics/motion/error_body_ang_vel: 6.5368
      Episode_Termination/time_out: 0.0000
    Episode_Termination/anchor_pos: 1.0833
    Episode_Termination/anchor_ori: 0.0000
   Episode_Termination/ee_body_pos: 183.2917
--------------------------------------------------------------------------------
                   Total timesteps: 14254080
                    Iteration time: 1.21s
                      Time elapsed: 00:02:56
                               ETA: 01:38:35

################################################################################
                     [1m Learning iteration 145/5000 [0m                      

                       Computation: 79576 steps/s (collection: 1.145s, learning 0.090s)
             Mean action noise std: 0.52
          Mean value_function loss: 0.0059
               Mean surrogate loss: -0.0109
                 Mean entropy loss: 22.0939
                       Mean reward: 0.34
               Mean episode length: 20.33
Episode_Reward/motion_global_anchor_pos: 0.0172
Episode_Reward/motion_global_anchor_ori: 0.0169
    Episode_Reward/motion_body_pos: 0.0379
    Episode_Reward/motion_body_ori: 0.0019
Episode_Reward/motion_body_lin_vel: 0.0174
Episode_Reward/motion_body_ang_vel: 0.0013
     Episode_Reward/action_rate_l2: -0.0515
        Episode_Reward/joint_limit: -0.0042
 Episode_Reward/undesired_contacts: 0.0000
   Metrics/motion/error_anchor_pos: 0.2083
   Metrics/motion/error_anchor_rot: 0.2444
Metrics/motion/error_anchor_lin_vel: 1.0047
Metrics/motion/error_anchor_ang_vel: 3.5042
     Metrics/motion/error_body_pos: 0.1380
     Metrics/motion/error_body_rot: 0.7966
    Metrics/motion/error_joint_pos: 3.0715
    Metrics/motion/error_joint_vel: 23.1215
   Metrics/motion/sampling_entropy: 0.9881
 Metrics/motion/sampling_top1_prob: 0.1000
  Metrics/motion/sampling_top1_bin: 0.3846
 Metrics/motion/error_body_lin_vel: 1.1861
 Metrics/motion/error_body_ang_vel: 6.4903
      Episode_Termination/time_out: 0.0000
    Episode_Termination/anchor_pos: 1.3750
    Episode_Termination/anchor_ori: 0.0000
   Episode_Termination/ee_body_pos: 181.1250
--------------------------------------------------------------------------------
                   Total timesteps: 14352384
                    Iteration time: 1.24s
                      Time elapsed: 00:02:57
                               ETA: 01:38:34

################################################################################
                     [1m Learning iteration 146/5000 [0m                      

                       Computation: 75178 steps/s (collection: 1.221s, learning 0.087s)
             Mean action noise std: 0.52
          Mean value_function loss: 0.0060
               Mean surrogate loss: -0.0106
                 Mean entropy loss: 22.0381
                       Mean reward: 0.38
               Mean episode length: 22.18
Episode_Reward/motion_global_anchor_pos: 0.0176
Episode_Reward/motion_global_anchor_ori: 0.0172
    Episode_Reward/motion_body_pos: 0.0388
    Episode_Reward/motion_body_ori: 0.0020
Episode_Reward/motion_body_lin_vel: 0.0179
Episode_Reward/motion_body_ang_vel: 0.0014
     Episode_Reward/action_rate_l2: -0.0524
        Episode_Reward/joint_limit: -0.0042
 Episode_Reward/undesired_contacts: 0.0000
   Metrics/motion/error_anchor_pos: 0.2074
   Metrics/motion/error_anchor_rot: 0.2442
Metrics/motion/error_anchor_lin_vel: 0.9997
Metrics/motion/error_anchor_ang_vel: 3.4954
     Metrics/motion/error_body_pos: 0.1376
     Metrics/motion/error_body_rot: 0.7964
    Metrics/motion/error_joint_pos: 3.0630
    Metrics/motion/error_joint_vel: 23.0751
   Metrics/motion/sampling_entropy: 0.9881
 Metrics/motion/sampling_top1_prob: 0.0998
  Metrics/motion/sampling_top1_bin: 0.3846
 Metrics/motion/error_body_lin_vel: 1.1777
 Metrics/motion/error_body_ang_vel: 6.5091
      Episode_Termination/time_out: 0.0000
    Episode_Termination/anchor_pos: 1.3333
    Episode_Termination/anchor_ori: 0.0000
   Episode_Termination/ee_body_pos: 176.6667
--------------------------------------------------------------------------------
                   Total timesteps: 14450688
                    Iteration time: 1.31s
                      Time elapsed: 00:02:59
                               ETA: 01:38:36

################################################################################
                     [1m Learning iteration 147/5000 [0m                      

                       Computation: 75709 steps/s (collection: 1.205s, learning 0.093s)
             Mean action noise std: 0.52
          Mean value_function loss: 0.0064
               Mean surrogate loss: -0.0088
                 Mean entropy loss: 21.9911
                       Mean reward: 0.40
               Mean episode length: 23.44
Episode_Reward/motion_global_anchor_pos: 0.0182
Episode_Reward/motion_global_anchor_ori: 0.0180
    Episode_Reward/motion_body_pos: 0.0403
    Episode_Reward/motion_body_ori: 0.0021
Episode_Reward/motion_body_lin_vel: 0.0189
Episode_Reward/motion_body_ang_vel: 0.0015
     Episode_Reward/action_rate_l2: -0.0545
        Episode_Reward/joint_limit: -0.0044
 Episode_Reward/undesired_contacts: 0.0000
   Metrics/motion/error_anchor_pos: 0.2150
   Metrics/motion/error_anchor_rot: 0.2485
Metrics/motion/error_anchor_lin_vel: 1.0126
Metrics/motion/error_anchor_ang_vel: 3.4428
     Metrics/motion/error_body_pos: 0.1397
     Metrics/motion/error_body_rot: 0.8026
    Metrics/motion/error_joint_pos: 3.0821
    Metrics/motion/error_joint_vel: 23.0173
   Metrics/motion/sampling_entropy: 0.9881
 Metrics/motion/sampling_top1_prob: 0.0997
  Metrics/motion/sampling_top1_bin: 0.3846
 Metrics/motion/error_body_lin_vel: 1.1876
 Metrics/motion/error_body_ang_vel: 6.4465
      Episode_Termination/time_out: 0.0000
    Episode_Termination/anchor_pos: 1.5833
    Episode_Termination/anchor_ori: 0.0000
   Episode_Termination/ee_body_pos: 172.0417
--------------------------------------------------------------------------------
                   Total timesteps: 14548992
                    Iteration time: 1.30s
                      Time elapsed: 00:03:00
                               ETA: 01:38:38

################################################################################
                     [1m Learning iteration 148/5000 [0m                      

                       Computation: 72272 steps/s (collection: 1.265s, learning 0.095s)
             Mean action noise std: 0.52
          Mean value_function loss: 0.0063
               Mean surrogate loss: -0.0120
                 Mean entropy loss: 21.9513
                       Mean reward: 0.42
               Mean episode length: 23.68
Episode_Reward/motion_global_anchor_pos: 0.0186
Episode_Reward/motion_global_anchor_ori: 0.0184
    Episode_Reward/motion_body_pos: 0.0412
    Episode_Reward/motion_body_ori: 0.0021
Episode_Reward/motion_body_lin_vel: 0.0194
Episode_Reward/motion_body_ang_vel: 0.0015
     Episode_Reward/action_rate_l2: -0.0557
        Episode_Reward/joint_limit: -0.0045
 Episode_Reward/undesired_contacts: 0.0000
   Metrics/motion/error_anchor_pos: 0.2220
   Metrics/motion/error_anchor_rot: 0.2480
Metrics/motion/error_anchor_lin_vel: 1.0414
Metrics/motion/error_anchor_ang_vel: 3.4672
     Metrics/motion/error_body_pos: 0.1415
     Metrics/motion/error_body_rot: 0.8089
    Metrics/motion/error_joint_pos: 3.0725
    Metrics/motion/error_joint_vel: 22.8744
   Metrics/motion/sampling_entropy: 0.9880
 Metrics/motion/sampling_top1_prob: 0.0998
  Metrics/motion/sampling_top1_bin: 0.5481
 Metrics/motion/error_body_lin_vel: 1.1972
 Metrics/motion/error_body_ang_vel: 6.4443
      Episode_Termination/time_out: 0.0000
    Episode_Termination/anchor_pos: 1.8750
    Episode_Termination/anchor_ori: 0.0000
   Episode_Termination/ee_body_pos: 171.5000
--------------------------------------------------------------------------------
                   Total timesteps: 14647296
                    Iteration time: 1.36s
                      Time elapsed: 00:03:01
                               ETA: 01:38:41

################################################################################
                     [1m Learning iteration 149/5000 [0m                      

                       Computation: 73243 steps/s (collection: 1.247s, learning 0.095s)
             Mean action noise std: 0.51
          Mean value_function loss: 0.0064
               Mean surrogate loss: -0.0111
                 Mean entropy loss: 21.8828
                       Mean reward: 0.38
               Mean episode length: 21.78
Episode_Reward/motion_global_anchor_pos: 0.0183
Episode_Reward/motion_global_anchor_ori: 0.0181
    Episode_Reward/motion_body_pos: 0.0405
    Episode_Reward/motion_body_ori: 0.0021
Episode_Reward/motion_body_lin_vel: 0.0189
Episode_Reward/motion_body_ang_vel: 0.0015
     Episode_Reward/action_rate_l2: -0.0549
        Episode_Reward/joint_limit: -0.0045
 Episode_Reward/undesired_contacts: 0.0000
   Metrics/motion/error_anchor_pos: 0.2198
   Metrics/motion/error_anchor_rot: 0.2497
Metrics/motion/error_anchor_lin_vel: 1.0309
Metrics/motion/error_anchor_ang_vel: 3.4744
     Metrics/motion/error_body_pos: 0.1412
     Metrics/motion/error_body_rot: 0.8045
    Metrics/motion/error_joint_pos: 3.0728
    Metrics/motion/error_joint_vel: 22.9175
   Metrics/motion/sampling_entropy: 0.9880
 Metrics/motion/sampling_top1_prob: 0.1003
  Metrics/motion/sampling_top1_bin: 0.6154
 Metrics/motion/error_body_lin_vel: 1.1932
 Metrics/motion/error_body_ang_vel: 6.4070
      Episode_Termination/time_out: 0.0000
    Episode_Termination/anchor_pos: 1.5417
    Episode_Termination/anchor_ori: 0.0000
   Episode_Termination/ee_body_pos: 166.7500
--------------------------------------------------------------------------------
                   Total timesteps: 14745600
                    Iteration time: 1.34s
                      Time elapsed: 00:03:03
                               ETA: 01:38:44

################################################################################
                     [1m Learning iteration 150/5000 [0m                      

                       Computation: 72331 steps/s (collection: 1.264s, learning 0.095s)
             Mean action noise std: 0.51
          Mean value_function loss: 0.0069
               Mean surrogate loss: -0.0106
                 Mean entropy loss: 21.8097
                       Mean reward: 0.37
               Mean episode length: 22.12
Episode_Reward/motion_global_anchor_pos: 0.0188
Episode_Reward/motion_global_anchor_ori: 0.0187
    Episode_Reward/motion_body_pos: 0.0417
    Episode_Reward/motion_body_ori: 0.0021
Episode_Reward/motion_body_lin_vel: 0.0197
Episode_Reward/motion_body_ang_vel: 0.0016
     Episode_Reward/action_rate_l2: -0.0563
        Episode_Reward/joint_limit: -0.0046
 Episode_Reward/undesired_contacts: 0.0000
   Metrics/motion/error_anchor_pos: 0.2255
   Metrics/motion/error_anchor_rot: 0.2523
Metrics/motion/error_anchor_lin_vel: 1.0402
Metrics/motion/error_anchor_ang_vel: 3.4677
     Metrics/motion/error_body_pos: 0.1431
     Metrics/motion/error_body_rot: 0.8082
    Metrics/motion/error_joint_pos: 3.0776
    Metrics/motion/error_joint_vel: 22.7503
   Metrics/motion/sampling_entropy: 0.9880
 Metrics/motion/sampling_top1_prob: 0.1008
  Metrics/motion/sampling_top1_bin: 0.6154
 Metrics/motion/error_body_lin_vel: 1.1949
 Metrics/motion/error_body_ang_vel: 6.3750
      Episode_Termination/time_out: 0.0000
    Episode_Termination/anchor_pos: 1.8333
    Episode_Termination/anchor_ori: 0.0000
   Episode_Termination/ee_body_pos: 164.1250
--------------------------------------------------------------------------------
                   Total timesteps: 14843904
                    Iteration time: 1.36s
                      Time elapsed: 00:03:04
                               ETA: 01:38:47

################################################################################
                     [1m Learning iteration 151/5000 [0m                      

                       Computation: 71668 steps/s (collection: 1.274s, learning 0.097s)
             Mean action noise std: 0.51
          Mean value_function loss: 0.0071
               Mean surrogate loss: -0.0121
                 Mean entropy loss: 21.7406
                       Mean reward: 0.41
               Mean episode length: 24.81
Episode_Reward/motion_global_anchor_pos: 0.0190
Episode_Reward/motion_global_anchor_ori: 0.0189
    Episode_Reward/motion_body_pos: 0.0424
    Episode_Reward/motion_body_ori: 0.0022
Episode_Reward/motion_body_lin_vel: 0.0202
Episode_Reward/motion_body_ang_vel: 0.0016
     Episode_Reward/action_rate_l2: -0.0572
        Episode_Reward/joint_limit: -0.0046
 Episode_Reward/undesired_contacts: 0.0000
   Metrics/motion/error_anchor_pos: 0.2271
   Metrics/motion/error_anchor_rot: 0.2516
Metrics/motion/error_anchor_lin_vel: 1.0349
Metrics/motion/error_anchor_ang_vel: 3.4313
     Metrics/motion/error_body_pos: 0.1426
     Metrics/motion/error_body_rot: 0.8047
    Metrics/motion/error_joint_pos: 3.0633
    Metrics/motion/error_joint_vel: 22.7208
   Metrics/motion/sampling_entropy: 0.9879
 Metrics/motion/sampling_top1_prob: 0.1014
  Metrics/motion/sampling_top1_bin: 0.6154
 Metrics/motion/error_body_lin_vel: 1.1854
 Metrics/motion/error_body_ang_vel: 6.3501
      Episode_Termination/time_out: 0.0000
    Episode_Termination/anchor_pos: 1.7083
    Episode_Termination/anchor_ori: 0.0000
   Episode_Termination/ee_body_pos: 162.0833
--------------------------------------------------------------------------------
                   Total timesteps: 14942208
                    Iteration time: 1.37s
                      Time elapsed: 00:03:05
                               ETA: 01:38:50

################################################################################
                     [1m Learning iteration 152/5000 [0m                      

                       Computation: 93318 steps/s (collection: 0.960s, learning 0.093s)
             Mean action noise std: 0.51
          Mean value_function loss: 0.0072
               Mean surrogate loss: -0.0103
                 Mean entropy loss: 21.6797
                       Mean reward: 0.47
               Mean episode length: 26.52
Episode_Reward/motion_global_anchor_pos: 0.0193
Episode_Reward/motion_global_anchor_ori: 0.0191
    Episode_Reward/motion_body_pos: 0.0428
    Episode_Reward/motion_body_ori: 0.0022
Episode_Reward/motion_body_lin_vel: 0.0204
Episode_Reward/motion_body_ang_vel: 0.0017
     Episode_Reward/action_rate_l2: -0.0577
        Episode_Reward/joint_limit: -0.0047
 Episode_Reward/undesired_contacts: 0.0000
   Metrics/motion/error_anchor_pos: 0.2321
   Metrics/motion/error_anchor_rot: 0.2541
Metrics/motion/error_anchor_lin_vel: 1.0565
Metrics/motion/error_anchor_ang_vel: 3.4247
     Metrics/motion/error_body_pos: 0.1445
     Metrics/motion/error_body_rot: 0.8135
    Metrics/motion/error_joint_pos: 3.0789
    Metrics/motion/error_joint_vel: 22.7558
   Metrics/motion/sampling_entropy: 0.9878
 Metrics/motion/sampling_top1_prob: 0.1020
  Metrics/motion/sampling_top1_bin: 0.6154
 Metrics/motion/error_body_lin_vel: 1.2027
 Metrics/motion/error_body_ang_vel: 6.3531
      Episode_Termination/time_out: 0.0000
    Episode_Termination/anchor_pos: 2.0417
    Episode_Termination/anchor_ori: 0.0000
   Episode_Termination/ee_body_pos: 155.9167
--------------------------------------------------------------------------------
                   Total timesteps: 15040512
                    Iteration time: 1.05s
                      Time elapsed: 00:03:06
                               ETA: 01:38:44

################################################################################
                     [1m Learning iteration 153/5000 [0m                      

                       Computation: 92733 steps/s (collection: 0.971s, learning 0.089s)
             Mean action noise std: 0.51
          Mean value_function loss: 0.0077
               Mean surrogate loss: -0.0111
                 Mean entropy loss: 21.6134
                       Mean reward: 0.47
               Mean episode length: 25.87
Episode_Reward/motion_global_anchor_pos: 0.0199
Episode_Reward/motion_global_anchor_ori: 0.0198
    Episode_Reward/motion_body_pos: 0.0443
    Episode_Reward/motion_body_ori: 0.0023
Episode_Reward/motion_body_lin_vel: 0.0213
Episode_Reward/motion_body_ang_vel: 0.0018
     Episode_Reward/action_rate_l2: -0.0595
        Episode_Reward/joint_limit: -0.0048
 Episode_Reward/undesired_contacts: 0.0000
   Metrics/motion/error_anchor_pos: 0.2355
   Metrics/motion/error_anchor_rot: 0.2578
Metrics/motion/error_anchor_lin_vel: 1.0595
Metrics/motion/error_anchor_ang_vel: 3.4464
     Metrics/motion/error_body_pos: 0.1460
     Metrics/motion/error_body_rot: 0.8150
    Metrics/motion/error_joint_pos: 3.0926
    Metrics/motion/error_joint_vel: 22.5331
   Metrics/motion/sampling_entropy: 0.9878
 Metrics/motion/sampling_top1_prob: 0.1027
  Metrics/motion/sampling_top1_bin: 0.6154
 Metrics/motion/error_body_lin_vel: 1.1985
 Metrics/motion/error_body_ang_vel: 6.3114
      Episode_Termination/time_out: 0.0000
    Episode_Termination/anchor_pos: 1.8333
    Episode_Termination/anchor_ori: 0.0000
   Episode_Termination/ee_body_pos: 154.2500
--------------------------------------------------------------------------------
                   Total timesteps: 15138816
                    Iteration time: 1.06s
                      Time elapsed: 00:03:08
                               ETA: 01:38:37

################################################################################
                     [1m Learning iteration 154/5000 [0m                      

                       Computation: 72073 steps/s (collection: 1.273s, learning 0.091s)
             Mean action noise std: 0.51
          Mean value_function loss: 0.0074
               Mean surrogate loss: -0.0119
                 Mean entropy loss: 21.5408
                       Mean reward: 0.51
               Mean episode length: 28.82
Episode_Reward/motion_global_anchor_pos: 0.0198
Episode_Reward/motion_global_anchor_ori: 0.0198
    Episode_Reward/motion_body_pos: 0.0442
    Episode_Reward/motion_body_ori: 0.0023
Episode_Reward/motion_body_lin_vel: 0.0213
Episode_Reward/motion_body_ang_vel: 0.0018
     Episode_Reward/action_rate_l2: -0.0592
        Episode_Reward/joint_limit: -0.0048
 Episode_Reward/undesired_contacts: 0.0000
   Metrics/motion/error_anchor_pos: 0.2365
   Metrics/motion/error_anchor_rot: 0.2588
Metrics/motion/error_anchor_lin_vel: 1.0629
Metrics/motion/error_anchor_ang_vel: 3.4199
     Metrics/motion/error_body_pos: 0.1458
     Metrics/motion/error_body_rot: 0.8099
    Metrics/motion/error_joint_pos: 3.0834
    Metrics/motion/error_joint_vel: 22.4998
   Metrics/motion/sampling_entropy: 0.9877
 Metrics/motion/sampling_top1_prob: 0.1032
  Metrics/motion/sampling_top1_bin: 0.6154
 Metrics/motion/error_body_lin_vel: 1.1960
 Metrics/motion/error_body_ang_vel: 6.2852
      Episode_Termination/time_out: 0.0000
    Episode_Termination/anchor_pos: 1.6250
    Episode_Termination/anchor_ori: 0.0000
   Episode_Termination/ee_body_pos: 154.7917
--------------------------------------------------------------------------------
                   Total timesteps: 15237120
                    Iteration time: 1.36s
                      Time elapsed: 00:03:09
                               ETA: 01:38:41

################################################################################
                     [1m Learning iteration 155/5000 [0m                      

                       Computation: 91480 steps/s (collection: 0.985s, learning 0.089s)
             Mean action noise std: 0.51
          Mean value_function loss: 0.0077
               Mean surrogate loss: -0.0116
                 Mean entropy loss: 21.4711
                       Mean reward: 0.44
               Mean episode length: 25.78
Episode_Reward/motion_global_anchor_pos: 0.0205
Episode_Reward/motion_global_anchor_ori: 0.0206
    Episode_Reward/motion_body_pos: 0.0461
    Episode_Reward/motion_body_ori: 0.0024
Episode_Reward/motion_body_lin_vel: 0.0224
Episode_Reward/motion_body_ang_vel: 0.0019
     Episode_Reward/action_rate_l2: -0.0617
        Episode_Reward/joint_limit: -0.0049
 Episode_Reward/undesired_contacts: 0.0000
   Metrics/motion/error_anchor_pos: 0.2440
   Metrics/motion/error_anchor_rot: 0.2584
Metrics/motion/error_anchor_lin_vel: 1.0743
Metrics/motion/error_anchor_ang_vel: 3.4609
     Metrics/motion/error_body_pos: 0.1483
     Metrics/motion/error_body_rot: 0.8140
    Metrics/motion/error_joint_pos: 3.1027
    Metrics/motion/error_joint_vel: 22.5497
   Metrics/motion/sampling_entropy: 0.9877
 Metrics/motion/sampling_top1_prob: 0.1036
  Metrics/motion/sampling_top1_bin: 0.6154
 Metrics/motion/error_body_lin_vel: 1.2108
 Metrics/motion/error_body_ang_vel: 6.3209
      Episode_Termination/time_out: 0.0000
    Episode_Termination/anchor_pos: 1.8333
    Episode_Termination/anchor_ori: 0.0000
   Episode_Termination/ee_body_pos: 150.2083
--------------------------------------------------------------------------------
                   Total timesteps: 15335424
                    Iteration time: 1.07s
                      Time elapsed: 00:03:10
                               ETA: 01:38:35

################################################################################
                     [1m Learning iteration 156/5000 [0m                      

                       Computation: 81937 steps/s (collection: 1.113s, learning 0.086s)
             Mean action noise std: 0.51
          Mean value_function loss: 0.0077
               Mean surrogate loss: -0.0098
                 Mean entropy loss: 21.4184
                       Mean reward: 0.53
               Mean episode length: 29.55
Episode_Reward/motion_global_anchor_pos: 0.0203
Episode_Reward/motion_global_anchor_ori: 0.0204
    Episode_Reward/motion_body_pos: 0.0454
    Episode_Reward/motion_body_ori: 0.0024
Episode_Reward/motion_body_lin_vel: 0.0220
Episode_Reward/motion_body_ang_vel: 0.0019
     Episode_Reward/action_rate_l2: -0.0607
        Episode_Reward/joint_limit: -0.0049
 Episode_Reward/undesired_contacts: 0.0000
   Metrics/motion/error_anchor_pos: 0.2426
   Metrics/motion/error_anchor_rot: 0.2568
Metrics/motion/error_anchor_lin_vel: 1.0662
Metrics/motion/error_anchor_ang_vel: 3.4202
     Metrics/motion/error_body_pos: 0.1463
     Metrics/motion/error_body_rot: 0.8097
    Metrics/motion/error_joint_pos: 3.0819
    Metrics/motion/error_joint_vel: 22.4311
   Metrics/motion/sampling_entropy: 0.9876
 Metrics/motion/sampling_top1_prob: 0.1041
  Metrics/motion/sampling_top1_bin: 0.6154
 Metrics/motion/error_body_lin_vel: 1.1999
 Metrics/motion/error_body_ang_vel: 6.2738
      Episode_Termination/time_out: 0.0000
    Episode_Termination/anchor_pos: 1.8750
    Episode_Termination/anchor_ori: 0.0000
   Episode_Termination/ee_body_pos: 152.5833
--------------------------------------------------------------------------------
                   Total timesteps: 15433728
                    Iteration time: 1.20s
                      Time elapsed: 00:03:11
                               ETA: 01:38:33

################################################################################
                     [1m Learning iteration 157/5000 [0m                      

                       Computation: 89753 steps/s (collection: 1.008s, learning 0.087s)
             Mean action noise std: 0.51
          Mean value_function loss: 0.0077
               Mean surrogate loss: -0.0103
                 Mean entropy loss: 21.3571
                       Mean reward: 0.53
               Mean episode length: 28.85
Episode_Reward/motion_global_anchor_pos: 0.0206
Episode_Reward/motion_global_anchor_ori: 0.0210
    Episode_Reward/motion_body_pos: 0.0468
    Episode_Reward/motion_body_ori: 0.0025
Episode_Reward/motion_body_lin_vel: 0.0228
Episode_Reward/motion_body_ang_vel: 0.0020
     Episode_Reward/action_rate_l2: -0.0622
        Episode_Reward/joint_limit: -0.0052
 Episode_Reward/undesired_contacts: 0.0000
   Metrics/motion/error_anchor_pos: 0.2514
   Metrics/motion/error_anchor_rot: 0.2593
Metrics/motion/error_anchor_lin_vel: 1.0945
Metrics/motion/error_anchor_ang_vel: 3.3967
     Metrics/motion/error_body_pos: 0.1487
     Metrics/motion/error_body_rot: 0.8139
    Metrics/motion/error_joint_pos: 3.0969
    Metrics/motion/error_joint_vel: 22.3399
   Metrics/motion/sampling_entropy: 0.9876
 Metrics/motion/sampling_top1_prob: 0.1046
  Metrics/motion/sampling_top1_bin: 0.6154
 Metrics/motion/error_body_lin_vel: 1.2096
 Metrics/motion/error_body_ang_vel: 6.2265
      Episode_Termination/time_out: 0.0000
    Episode_Termination/anchor_pos: 1.7917
    Episode_Termination/anchor_ori: 0.0000
   Episode_Termination/ee_body_pos: 146.8750
--------------------------------------------------------------------------------
                   Total timesteps: 15532032
                    Iteration time: 1.10s
                      Time elapsed: 00:03:12
                               ETA: 01:38:28

################################################################################
                     [1m Learning iteration 158/5000 [0m                      

                       Computation: 79118 steps/s (collection: 1.146s, learning 0.096s)
             Mean action noise std: 0.50
          Mean value_function loss: 0.0080
               Mean surrogate loss: -0.0117
                 Mean entropy loss: 21.2860
                       Mean reward: 0.43
               Mean episode length: 25.52
Episode_Reward/motion_global_anchor_pos: 0.0209
Episode_Reward/motion_global_anchor_ori: 0.0211
    Episode_Reward/motion_body_pos: 0.0471
    Episode_Reward/motion_body_ori: 0.0025
Episode_Reward/motion_body_lin_vel: 0.0229
Episode_Reward/motion_body_ang_vel: 0.0020
     Episode_Reward/action_rate_l2: -0.0623
        Episode_Reward/joint_limit: -0.0051
 Episode_Reward/undesired_contacts: 0.0000
   Metrics/motion/error_anchor_pos: 0.2514
   Metrics/motion/error_anchor_rot: 0.2607
Metrics/motion/error_anchor_lin_vel: 1.0909
Metrics/motion/error_anchor_ang_vel: 3.4072
     Metrics/motion/error_body_pos: 0.1487
     Metrics/motion/error_body_rot: 0.8144
    Metrics/motion/error_joint_pos: 3.0809
    Metrics/motion/error_joint_vel: 22.3061
   Metrics/motion/sampling_entropy: 0.9875
 Metrics/motion/sampling_top1_prob: 0.1050
  Metrics/motion/sampling_top1_bin: 0.6154
 Metrics/motion/error_body_lin_vel: 1.2127
 Metrics/motion/error_body_ang_vel: 6.2778
      Episode_Termination/time_out: 0.0000
    Episode_Termination/anchor_pos: 2.1667
    Episode_Termination/anchor_ori: 0.0000
   Episode_Termination/ee_body_pos: 146.0000
--------------------------------------------------------------------------------
                   Total timesteps: 15630336
                    Iteration time: 1.24s
                      Time elapsed: 00:03:14
                               ETA: 01:38:27

################################################################################
                     [1m Learning iteration 159/5000 [0m                      

                       Computation: 92031 steps/s (collection: 0.983s, learning 0.085s)
             Mean action noise std: 0.50
          Mean value_function loss: 0.0083
               Mean surrogate loss: -0.0128
                 Mean entropy loss: 21.2137
                       Mean reward: 0.47
               Mean episode length: 26.73
Episode_Reward/motion_global_anchor_pos: 0.0210
Episode_Reward/motion_global_anchor_ori: 0.0213
    Episode_Reward/motion_body_pos: 0.0474
    Episode_Reward/motion_body_ori: 0.0026
Episode_Reward/motion_body_lin_vel: 0.0231
Episode_Reward/motion_body_ang_vel: 0.0021
     Episode_Reward/action_rate_l2: -0.0629
        Episode_Reward/joint_limit: -0.0052
 Episode_Reward/undesired_contacts: 0.0000
   Metrics/motion/error_anchor_pos: 0.2569
   Metrics/motion/error_anchor_rot: 0.2622
Metrics/motion/error_anchor_lin_vel: 1.1079
Metrics/motion/error_anchor_ang_vel: 3.4577
     Metrics/motion/error_body_pos: 0.1510
     Metrics/motion/error_body_rot: 0.8183
    Metrics/motion/error_joint_pos: 3.0798
    Metrics/motion/error_joint_vel: 22.2546
   Metrics/motion/sampling_entropy: 0.9875
 Metrics/motion/sampling_top1_prob: 0.1055
  Metrics/motion/sampling_top1_bin: 0.6154
 Metrics/motion/error_body_lin_vel: 1.2164
 Metrics/motion/error_body_ang_vel: 6.2496
      Episode_Termination/time_out: 0.0000
    Episode_Termination/anchor_pos: 1.8333
    Episode_Termination/anchor_ori: 0.0000
   Episode_Termination/ee_body_pos: 140.4583
--------------------------------------------------------------------------------
                   Total timesteps: 15728640
                    Iteration time: 1.07s
                      Time elapsed: 00:03:15
                               ETA: 01:38:22

################################################################################
                     [1m Learning iteration 160/5000 [0m                      

                       Computation: 85807 steps/s (collection: 1.061s, learning 0.085s)
             Mean action noise std: 0.50
          Mean value_function loss: 0.0087
               Mean surrogate loss: -0.0126
                 Mean entropy loss: 21.1440
                       Mean reward: 0.51
               Mean episode length: 29.99
Episode_Reward/motion_global_anchor_pos: 0.0219
Episode_Reward/motion_global_anchor_ori: 0.0224
    Episode_Reward/motion_body_pos: 0.0498
    Episode_Reward/motion_body_ori: 0.0027
Episode_Reward/motion_body_lin_vel: 0.0246
Episode_Reward/motion_body_ang_vel: 0.0022
     Episode_Reward/action_rate_l2: -0.0658
        Episode_Reward/joint_limit: -0.0054
 Episode_Reward/undesired_contacts: 0.0000
   Metrics/motion/error_anchor_pos: 0.2640
   Metrics/motion/error_anchor_rot: 0.2641
Metrics/motion/error_anchor_lin_vel: 1.1107
Metrics/motion/error_anchor_ang_vel: 3.4070
     Metrics/motion/error_body_pos: 0.1518
     Metrics/motion/error_body_rot: 0.8223
    Metrics/motion/error_joint_pos: 3.0687
    Metrics/motion/error_joint_vel: 22.1875
   Metrics/motion/sampling_entropy: 0.9874
 Metrics/motion/sampling_top1_prob: 0.1059
  Metrics/motion/sampling_top1_bin: 0.6154
 Metrics/motion/error_body_lin_vel: 1.2209
 Metrics/motion/error_body_ang_vel: 6.2136
      Episode_Termination/time_out: 0.0000
    Episode_Termination/anchor_pos: 1.7917
    Episode_Termination/anchor_ori: 0.0000
   Episode_Termination/ee_body_pos: 140.1250
--------------------------------------------------------------------------------
                   Total timesteps: 15826944
                    Iteration time: 1.15s
                      Time elapsed: 00:03:16
                               ETA: 01:38:18

################################################################################
                     [1m Learning iteration 161/5000 [0m                      

                       Computation: 79395 steps/s (collection: 1.151s, learning 0.087s)
             Mean action noise std: 0.50
          Mean value_function loss: 0.0084
               Mean surrogate loss: -0.0124
                 Mean entropy loss: 21.0702
                       Mean reward: 0.51
               Mean episode length: 29.33
Episode_Reward/motion_global_anchor_pos: 0.0216
Episode_Reward/motion_global_anchor_ori: 0.0221
    Episode_Reward/motion_body_pos: 0.0491
    Episode_Reward/motion_body_ori: 0.0027
Episode_Reward/motion_body_lin_vel: 0.0242
Episode_Reward/motion_body_ang_vel: 0.0022
     Episode_Reward/action_rate_l2: -0.0648
        Episode_Reward/joint_limit: -0.0054
 Episode_Reward/undesired_contacts: 0.0000
   Metrics/motion/error_anchor_pos: 0.2652
   Metrics/motion/error_anchor_rot: 0.2620
Metrics/motion/error_anchor_lin_vel: 1.1234
Metrics/motion/error_anchor_ang_vel: 3.3912
     Metrics/motion/error_body_pos: 0.1524
     Metrics/motion/error_body_rot: 0.8177
    Metrics/motion/error_joint_pos: 3.0357
    Metrics/motion/error_joint_vel: 22.1541
   Metrics/motion/sampling_entropy: 0.9873
 Metrics/motion/sampling_top1_prob: 0.1064
  Metrics/motion/sampling_top1_bin: 0.6154
 Metrics/motion/error_body_lin_vel: 1.2282
 Metrics/motion/error_body_ang_vel: 6.2098
      Episode_Termination/time_out: 0.0000
    Episode_Termination/anchor_pos: 1.9167
    Episode_Termination/anchor_ori: 0.0000
   Episode_Termination/ee_body_pos: 137.3333
--------------------------------------------------------------------------------
                   Total timesteps: 15925248
                    Iteration time: 1.24s
                      Time elapsed: 00:03:17
                               ETA: 01:38:18

################################################################################
                     [1m Learning iteration 162/5000 [0m                      

                       Computation: 51118 steps/s (collection: 1.838s, learning 0.085s)
             Mean action noise std: 0.50
          Mean value_function loss: 0.0085
               Mean surrogate loss: -0.0121
                 Mean entropy loss: 20.9980
                       Mean reward: 0.51
               Mean episode length: 28.68
Episode_Reward/motion_global_anchor_pos: 0.0220
Episode_Reward/motion_global_anchor_ori: 0.0225
    Episode_Reward/motion_body_pos: 0.0502
    Episode_Reward/motion_body_ori: 0.0027
Episode_Reward/motion_body_lin_vel: 0.0248
Episode_Reward/motion_body_ang_vel: 0.0023
     Episode_Reward/action_rate_l2: -0.0662
        Episode_Reward/joint_limit: -0.0057
 Episode_Reward/undesired_contacts: 0.0000
   Metrics/motion/error_anchor_pos: 0.2724
   Metrics/motion/error_anchor_rot: 0.2680
Metrics/motion/error_anchor_lin_vel: 1.1338
Metrics/motion/error_anchor_ang_vel: 3.4074
     Metrics/motion/error_body_pos: 0.1537
     Metrics/motion/error_body_rot: 0.8259
    Metrics/motion/error_joint_pos: 3.0544
    Metrics/motion/error_joint_vel: 22.1285
   Metrics/motion/sampling_entropy: 0.9872
 Metrics/motion/sampling_top1_prob: 0.1067
  Metrics/motion/sampling_top1_bin: 0.6154
 Metrics/motion/error_body_lin_vel: 1.2291
 Metrics/motion/error_body_ang_vel: 6.1866
      Episode_Termination/time_out: 0.0000
    Episode_Termination/anchor_pos: 2.2083
    Episode_Termination/anchor_ori: 0.0000
   Episode_Termination/ee_body_pos: 135.1250
--------------------------------------------------------------------------------
                   Total timesteps: 16023552
                    Iteration time: 1.92s
                      Time elapsed: 00:03:19
                               ETA: 01:38:37

################################################################################
                     [1m Learning iteration 163/5000 [0m                      

                       Computation: 92401 steps/s (collection: 0.975s, learning 0.089s)
             Mean action noise std: 0.50
          Mean value_function loss: 0.0087
               Mean surrogate loss: -0.0119
                 Mean entropy loss: 20.9434
                       Mean reward: 0.60
               Mean episode length: 31.56
Episode_Reward/motion_global_anchor_pos: 0.0223
Episode_Reward/motion_global_anchor_ori: 0.0231
    Episode_Reward/motion_body_pos: 0.0514
    Episode_Reward/motion_body_ori: 0.0028
Episode_Reward/motion_body_lin_vel: 0.0252
Episode_Reward/motion_body_ang_vel: 0.0024
     Episode_Reward/action_rate_l2: -0.0677
        Episode_Reward/joint_limit: -0.0055
 Episode_Reward/undesired_contacts: 0.0000
   Metrics/motion/error_anchor_pos: 0.2794
   Metrics/motion/error_anchor_rot: 0.2709
Metrics/motion/error_anchor_lin_vel: 1.1512
Metrics/motion/error_anchor_ang_vel: 3.4098
     Metrics/motion/error_body_pos: 0.1559
     Metrics/motion/error_body_rot: 0.8304
    Metrics/motion/error_joint_pos: 3.0459
    Metrics/motion/error_joint_vel: 22.1414
   Metrics/motion/sampling_entropy: 0.9872
 Metrics/motion/sampling_top1_prob: 0.1070
  Metrics/motion/sampling_top1_bin: 0.6154
 Metrics/motion/error_body_lin_vel: 1.2411
 Metrics/motion/error_body_ang_vel: 6.2033
      Episode_Termination/time_out: 0.0000
    Episode_Termination/anchor_pos: 1.7917
    Episode_Termination/anchor_ori: 0.0000
   Episode_Termination/ee_body_pos: 132.2083
--------------------------------------------------------------------------------
                   Total timesteps: 16121856
                    Iteration time: 1.06s
                      Time elapsed: 00:03:20
                               ETA: 01:38:31

################################################################################
                     [1m Learning iteration 164/5000 [0m                      

                       Computation: 90072 steps/s (collection: 1.003s, learning 0.088s)
             Mean action noise std: 0.50
          Mean value_function loss: 0.0096
               Mean surrogate loss: -0.0107
                 Mean entropy loss: 20.8700
                       Mean reward: 0.58
               Mean episode length: 31.67
Episode_Reward/motion_global_anchor_pos: 0.0226
Episode_Reward/motion_global_anchor_ori: 0.0234
    Episode_Reward/motion_body_pos: 0.0520
    Episode_Reward/motion_body_ori: 0.0029
Episode_Reward/motion_body_lin_vel: 0.0259
Episode_Reward/motion_body_ang_vel: 0.0025
     Episode_Reward/action_rate_l2: -0.0683
        Episode_Reward/joint_limit: -0.0056
 Episode_Reward/undesired_contacts: 0.0000
   Metrics/motion/error_anchor_pos: 0.2884
   Metrics/motion/error_anchor_rot: 0.2707
Metrics/motion/error_anchor_lin_vel: 1.1862
Metrics/motion/error_anchor_ang_vel: 3.3667
     Metrics/motion/error_body_pos: 0.1576
     Metrics/motion/error_body_rot: 0.8329
    Metrics/motion/error_joint_pos: 3.0388
    Metrics/motion/error_joint_vel: 21.9399
   Metrics/motion/sampling_entropy: 0.9871
 Metrics/motion/sampling_top1_prob: 0.1074
  Metrics/motion/sampling_top1_bin: 0.6154
 Metrics/motion/error_body_lin_vel: 1.2561
 Metrics/motion/error_body_ang_vel: 6.1227
      Episode_Termination/time_out: 0.0000
    Episode_Termination/anchor_pos: 2.5000
    Episode_Termination/anchor_ori: 0.0000
   Episode_Termination/ee_body_pos: 128.8750
--------------------------------------------------------------------------------
                   Total timesteps: 16220160
                    Iteration time: 1.09s
                      Time elapsed: 00:03:21
                               ETA: 01:38:26

################################################################################
                     [1m Learning iteration 165/5000 [0m                      

                       Computation: 93919 steps/s (collection: 0.955s, learning 0.091s)
             Mean action noise std: 0.50
          Mean value_function loss: 0.0093
               Mean surrogate loss: -0.0098
                 Mean entropy loss: 20.8150
                       Mean reward: 0.59
               Mean episode length: 32.86
Episode_Reward/motion_global_anchor_pos: 0.0229
Episode_Reward/motion_global_anchor_ori: 0.0237
    Episode_Reward/motion_body_pos: 0.0529
    Episode_Reward/motion_body_ori: 0.0028
Episode_Reward/motion_body_lin_vel: 0.0262
Episode_Reward/motion_body_ang_vel: 0.0025
     Episode_Reward/action_rate_l2: -0.0693
        Episode_Reward/joint_limit: -0.0057
 Episode_Reward/undesired_contacts: 0.0000
   Metrics/motion/error_anchor_pos: 0.2897
   Metrics/motion/error_anchor_rot: 0.2790
Metrics/motion/error_anchor_lin_vel: 1.1800
Metrics/motion/error_anchor_ang_vel: 3.3923
     Metrics/motion/error_body_pos: 0.1580
     Metrics/motion/error_body_rot: 0.8390
    Metrics/motion/error_joint_pos: 3.0374
    Metrics/motion/error_joint_vel: 22.1514
   Metrics/motion/sampling_entropy: 0.9870
 Metrics/motion/sampling_top1_prob: 0.1076
  Metrics/motion/sampling_top1_bin: 0.6154
 Metrics/motion/error_body_lin_vel: 1.2567
 Metrics/motion/error_body_ang_vel: 6.1791
      Episode_Termination/time_out: 0.0000
    Episode_Termination/anchor_pos: 2.1667
    Episode_Termination/anchor_ori: 0.0000
   Episode_Termination/ee_body_pos: 126.5000
--------------------------------------------------------------------------------
                   Total timesteps: 16318464
                    Iteration time: 1.05s
                      Time elapsed: 00:03:22
                               ETA: 01:38:20

################################################################################
                     [1m Learning iteration 166/5000 [0m                      

                       Computation: 93920 steps/s (collection: 0.959s, learning 0.087s)
             Mean action noise std: 0.50
          Mean value_function loss: 0.0093
               Mean surrogate loss: -0.0090
                 Mean entropy loss: 20.7607
                       Mean reward: 0.60
               Mean episode length: 33.25
Episode_Reward/motion_global_anchor_pos: 0.0232
Episode_Reward/motion_global_anchor_ori: 0.0242
    Episode_Reward/motion_body_pos: 0.0538
    Episode_Reward/motion_body_ori: 0.0029
Episode_Reward/motion_body_lin_vel: 0.0267
Episode_Reward/motion_body_ang_vel: 0.0026
     Episode_Reward/action_rate_l2: -0.0704
        Episode_Reward/joint_limit: -0.0057
 Episode_Reward/undesired_contacts: 0.0000
   Metrics/motion/error_anchor_pos: 0.2912
   Metrics/motion/error_anchor_rot: 0.2765
Metrics/motion/error_anchor_lin_vel: 1.1941
Metrics/motion/error_anchor_ang_vel: 3.4020
     Metrics/motion/error_body_pos: 0.1592
     Metrics/motion/error_body_rot: 0.8410
    Metrics/motion/error_joint_pos: 3.0409
    Metrics/motion/error_joint_vel: 21.9871
   Metrics/motion/sampling_entropy: 0.9870
 Metrics/motion/sampling_top1_prob: 0.1079
  Metrics/motion/sampling_top1_bin: 0.6154
 Metrics/motion/error_body_lin_vel: 1.2624
 Metrics/motion/error_body_ang_vel: 6.1405
      Episode_Termination/time_out: 0.0000
    Episode_Termination/anchor_pos: 2.1250
    Episode_Termination/anchor_ori: 0.0000
   Episode_Termination/ee_body_pos: 125.7500
--------------------------------------------------------------------------------
                   Total timesteps: 16416768
                    Iteration time: 1.05s
                      Time elapsed: 00:03:23
                               ETA: 01:38:14

################################################################################
                     [1m Learning iteration 167/5000 [0m                      

                       Computation: 92217 steps/s (collection: 0.979s, learning 0.087s)
             Mean action noise std: 0.49
          Mean value_function loss: 0.0093
               Mean surrogate loss: -0.0114
                 Mean entropy loss: 20.7013
                       Mean reward: 0.61
               Mean episode length: 33.52
Episode_Reward/motion_global_anchor_pos: 0.0236
Episode_Reward/motion_global_anchor_ori: 0.0246
    Episode_Reward/motion_body_pos: 0.0549
    Episode_Reward/motion_body_ori: 0.0030
Episode_Reward/motion_body_lin_vel: 0.0274
Episode_Reward/motion_body_ang_vel: 0.0027
     Episode_Reward/action_rate_l2: -0.0716
        Episode_Reward/joint_limit: -0.0058
 Episode_Reward/undesired_contacts: 0.0000
   Metrics/motion/error_anchor_pos: 0.2952
   Metrics/motion/error_anchor_rot: 0.2784
Metrics/motion/error_anchor_lin_vel: 1.1861
Metrics/motion/error_anchor_ang_vel: 3.4042
     Metrics/motion/error_body_pos: 0.1592
     Metrics/motion/error_body_rot: 0.8348
    Metrics/motion/error_joint_pos: 3.0423
    Metrics/motion/error_joint_vel: 21.9622
   Metrics/motion/sampling_entropy: 0.9869
 Metrics/motion/sampling_top1_prob: 0.1081
  Metrics/motion/sampling_top1_bin: 0.6154
 Metrics/motion/error_body_lin_vel: 1.2564
 Metrics/motion/error_body_ang_vel: 6.1421
      Episode_Termination/time_out: 0.0000
    Episode_Termination/anchor_pos: 2.4167
    Episode_Termination/anchor_ori: 0.0000
   Episode_Termination/ee_body_pos: 124.4167
--------------------------------------------------------------------------------
                   Total timesteps: 16515072
                    Iteration time: 1.07s
                      Time elapsed: 00:03:24
                               ETA: 01:38:08

################################################################################
                     [1m Learning iteration 168/5000 [0m                      

                       Computation: 93302 steps/s (collection: 0.963s, learning 0.090s)
             Mean action noise std: 0.49
          Mean value_function loss: 0.0100
               Mean surrogate loss: -0.0110
                 Mean entropy loss: 20.6288
                       Mean reward: 0.59
               Mean episode length: 33.25
Episode_Reward/motion_global_anchor_pos: 0.0239
Episode_Reward/motion_global_anchor_ori: 0.0251
    Episode_Reward/motion_body_pos: 0.0558
    Episode_Reward/motion_body_ori: 0.0031
Episode_Reward/motion_body_lin_vel: 0.0280
Episode_Reward/motion_body_ang_vel: 0.0028
     Episode_Reward/action_rate_l2: -0.0725
        Episode_Reward/joint_limit: -0.0056
 Episode_Reward/undesired_contacts: 0.0000
   Metrics/motion/error_anchor_pos: 0.2998
   Metrics/motion/error_anchor_rot: 0.2795
Metrics/motion/error_anchor_lin_vel: 1.1972
Metrics/motion/error_anchor_ang_vel: 3.4402
     Metrics/motion/error_body_pos: 0.1600
     Metrics/motion/error_body_rot: 0.8404
    Metrics/motion/error_joint_pos: 3.0616
    Metrics/motion/error_joint_vel: 21.7256
   Metrics/motion/sampling_entropy: 0.9869
 Metrics/motion/sampling_top1_prob: 0.1084
  Metrics/motion/sampling_top1_bin: 0.6154
 Metrics/motion/error_body_lin_vel: 1.2538
 Metrics/motion/error_body_ang_vel: 6.1075
      Episode_Termination/time_out: 0.0000
    Episode_Termination/anchor_pos: 1.8333
    Episode_Termination/anchor_ori: 0.0000
   Episode_Termination/ee_body_pos: 124.1250
--------------------------------------------------------------------------------
                   Total timesteps: 16613376
                    Iteration time: 1.05s
                      Time elapsed: 00:03:25
                               ETA: 01:38:02

################################################################################
                     [1m Learning iteration 169/5000 [0m                      

                       Computation: 91755 steps/s (collection: 0.986s, learning 0.085s)
             Mean action noise std: 0.49
          Mean value_function loss: 0.0111
               Mean surrogate loss: -0.0116
                 Mean entropy loss: 20.5569
                       Mean reward: 0.61
               Mean episode length: 34.50
Episode_Reward/motion_global_anchor_pos: 0.0240
Episode_Reward/motion_global_anchor_ori: 0.0253
    Episode_Reward/motion_body_pos: 0.0561
    Episode_Reward/motion_body_ori: 0.0031
Episode_Reward/motion_body_lin_vel: 0.0281
Episode_Reward/motion_body_ang_vel: 0.0028
     Episode_Reward/action_rate_l2: -0.0727
        Episode_Reward/joint_limit: -0.0057
 Episode_Reward/undesired_contacts: 0.0000
   Metrics/motion/error_anchor_pos: 0.3004
   Metrics/motion/error_anchor_rot: 0.2773
Metrics/motion/error_anchor_lin_vel: 1.1899
Metrics/motion/error_anchor_ang_vel: 3.3901
     Metrics/motion/error_body_pos: 0.1592
     Metrics/motion/error_body_rot: 0.8355
    Metrics/motion/error_joint_pos: 3.0464
    Metrics/motion/error_joint_vel: 21.7868
   Metrics/motion/sampling_entropy: 0.9868
 Metrics/motion/sampling_top1_prob: 0.1086
  Metrics/motion/sampling_top1_bin: 0.6154
 Metrics/motion/error_body_lin_vel: 1.2507
 Metrics/motion/error_body_ang_vel: 6.1022
      Episode_Termination/time_out: 0.0000
    Episode_Termination/anchor_pos: 1.9167
    Episode_Termination/anchor_ori: 0.0000
   Episode_Termination/ee_body_pos: 120.2083
--------------------------------------------------------------------------------
                   Total timesteps: 16711680
                    Iteration time: 1.07s
                      Time elapsed: 00:03:26
                               ETA: 01:37:57

################################################################################
                     [1m Learning iteration 170/5000 [0m                      

                       Computation: 92013 steps/s (collection: 0.978s, learning 0.090s)
             Mean action noise std: 0.49
          Mean value_function loss: 0.0101
               Mean surrogate loss: -0.0099
                 Mean entropy loss: 20.5027
                       Mean reward: 0.65
               Mean episode length: 34.53
Episode_Reward/motion_global_anchor_pos: 0.0242
Episode_Reward/motion_global_anchor_ori: 0.0256
    Episode_Reward/motion_body_pos: 0.0568
    Episode_Reward/motion_body_ori: 0.0031
Episode_Reward/motion_body_lin_vel: 0.0286
Episode_Reward/motion_body_ang_vel: 0.0029
     Episode_Reward/action_rate_l2: -0.0736
        Episode_Reward/joint_limit: -0.0060
 Episode_Reward/undesired_contacts: 0.0000
   Metrics/motion/error_anchor_pos: 0.3122
   Metrics/motion/error_anchor_rot: 0.2876
Metrics/motion/error_anchor_lin_vel: 1.2216
Metrics/motion/error_anchor_ang_vel: 3.3436
     Metrics/motion/error_body_pos: 0.1629
     Metrics/motion/error_body_rot: 0.8485
    Metrics/motion/error_joint_pos: 3.0690
    Metrics/motion/error_joint_vel: 21.6786
   Metrics/motion/sampling_entropy: 0.9867
 Metrics/motion/sampling_top1_prob: 0.1088
  Metrics/motion/sampling_top1_bin: 0.6154
 Metrics/motion/error_body_lin_vel: 1.2683
 Metrics/motion/error_body_ang_vel: 6.0747
      Episode_Termination/time_out: 0.0000
    Episode_Termination/anchor_pos: 2.2917
    Episode_Termination/anchor_ori: 0.0000
   Episode_Termination/ee_body_pos: 118.8750
--------------------------------------------------------------------------------
                   Total timesteps: 16809984
                    Iteration time: 1.07s
                      Time elapsed: 00:03:27
                               ETA: 01:37:51

################################################################################
                     [1m Learning iteration 171/5000 [0m                      

                       Computation: 91266 steps/s (collection: 0.987s, learning 0.090s)
             Mean action noise std: 0.49
          Mean value_function loss: 0.0100
               Mean surrogate loss: -0.0084
                 Mean entropy loss: 20.4583
                       Mean reward: 0.59
               Mean episode length: 32.57
Episode_Reward/motion_global_anchor_pos: 0.0242
Episode_Reward/motion_global_anchor_ori: 0.0258
    Episode_Reward/motion_body_pos: 0.0571
    Episode_Reward/motion_body_ori: 0.0031
Episode_Reward/motion_body_lin_vel: 0.0285
Episode_Reward/motion_body_ang_vel: 0.0029
     Episode_Reward/action_rate_l2: -0.0739
        Episode_Reward/joint_limit: -0.0060
 Episode_Reward/undesired_contacts: 0.0000
   Metrics/motion/error_anchor_pos: 0.3155
   Metrics/motion/error_anchor_rot: 0.2858
Metrics/motion/error_anchor_lin_vel: 1.2363
Metrics/motion/error_anchor_ang_vel: 3.4301
     Metrics/motion/error_body_pos: 0.1647
     Metrics/motion/error_body_rot: 0.8495
    Metrics/motion/error_joint_pos: 3.0556
    Metrics/motion/error_joint_vel: 21.7763
   Metrics/motion/sampling_entropy: 0.9866
 Metrics/motion/sampling_top1_prob: 0.1091
  Metrics/motion/sampling_top1_bin: 0.6154
 Metrics/motion/error_body_lin_vel: 1.2769
 Metrics/motion/error_body_ang_vel: 6.0902
      Episode_Termination/time_out: 0.0000
    Episode_Termination/anchor_pos: 2.3750
    Episode_Termination/anchor_ori: 0.0000
   Episode_Termination/ee_body_pos: 110.8750
--------------------------------------------------------------------------------
                   Total timesteps: 16908288
                    Iteration time: 1.08s
                      Time elapsed: 00:03:28
                               ETA: 01:37:46

################################################################################
                     [1m Learning iteration 172/5000 [0m                      

                       Computation: 93351 steps/s (collection: 0.969s, learning 0.084s)
             Mean action noise std: 0.49
          Mean value_function loss: 0.0098
               Mean surrogate loss: -0.0107
                 Mean entropy loss: 20.4114
                       Mean reward: 0.71
               Mean episode length: 36.82
Episode_Reward/motion_global_anchor_pos: 0.0259
Episode_Reward/motion_global_anchor_ori: 0.0274
    Episode_Reward/motion_body_pos: 0.0607
    Episode_Reward/motion_body_ori: 0.0033
Episode_Reward/motion_body_lin_vel: 0.0309
Episode_Reward/motion_body_ang_vel: 0.0032
     Episode_Reward/action_rate_l2: -0.0782
        Episode_Reward/joint_limit: -0.0062
 Episode_Reward/undesired_contacts: 0.0000
   Metrics/motion/error_anchor_pos: 0.3140
   Metrics/motion/error_anchor_rot: 0.2912
Metrics/motion/error_anchor_lin_vel: 1.2362
Metrics/motion/error_anchor_ang_vel: 3.4031
     Metrics/motion/error_body_pos: 0.1657
     Metrics/motion/error_body_rot: 0.8529
    Metrics/motion/error_joint_pos: 3.0628
    Metrics/motion/error_joint_vel: 21.7288
   Metrics/motion/sampling_entropy: 0.9866
 Metrics/motion/sampling_top1_prob: 0.1093
  Metrics/motion/sampling_top1_bin: 0.6154
 Metrics/motion/error_body_lin_vel: 1.2763
 Metrics/motion/error_body_ang_vel: 6.0819
      Episode_Termination/time_out: 0.0000
    Episode_Termination/anchor_pos: 1.9583
    Episode_Termination/anchor_ori: 0.0000
   Episode_Termination/ee_body_pos: 116.0833
--------------------------------------------------------------------------------
                   Total timesteps: 17006592
                    Iteration time: 1.05s
                      Time elapsed: 00:03:30
                               ETA: 01:37:41

################################################################################
                     [1m Learning iteration 173/5000 [0m                      

                       Computation: 94172 steps/s (collection: 0.963s, learning 0.081s)
             Mean action noise std: 0.49
          Mean value_function loss: 0.0102
               Mean surrogate loss: -0.0110
                 Mean entropy loss: 20.3423
                       Mean reward: 0.59
               Mean episode length: 32.49
Episode_Reward/motion_global_anchor_pos: 0.0254
Episode_Reward/motion_global_anchor_ori: 0.0268
    Episode_Reward/motion_body_pos: 0.0597
    Episode_Reward/motion_body_ori: 0.0032
Episode_Reward/motion_body_lin_vel: 0.0301
Episode_Reward/motion_body_ang_vel: 0.0031
     Episode_Reward/action_rate_l2: -0.0769
        Episode_Reward/joint_limit: -0.0064
 Episode_Reward/undesired_contacts: 0.0000
   Metrics/motion/error_anchor_pos: 0.3189
   Metrics/motion/error_anchor_rot: 0.2920
Metrics/motion/error_anchor_lin_vel: 1.2415
Metrics/motion/error_anchor_ang_vel: 3.3898
     Metrics/motion/error_body_pos: 0.1656
     Metrics/motion/error_body_rot: 0.8565
    Metrics/motion/error_joint_pos: 3.0826
    Metrics/motion/error_joint_vel: 21.7123
   Metrics/motion/sampling_entropy: 0.9865
 Metrics/motion/sampling_top1_prob: 0.1095
  Metrics/motion/sampling_top1_bin: 0.6154
 Metrics/motion/error_body_lin_vel: 1.2825
 Metrics/motion/error_body_ang_vel: 6.0827
      Episode_Termination/time_out: 0.0000
    Episode_Termination/anchor_pos: 2.2917
    Episode_Termination/anchor_ori: 0.0000
   Episode_Termination/ee_body_pos: 114.3750
--------------------------------------------------------------------------------
                   Total timesteps: 17104896
                    Iteration time: 1.04s
                      Time elapsed: 00:03:31
                               ETA: 01:37:35

################################################################################
                     [1m Learning iteration 174/5000 [0m                      

                       Computation: 95094 steps/s (collection: 0.953s, learning 0.080s)
             Mean action noise std: 0.49
          Mean value_function loss: 0.0107
               Mean surrogate loss: -0.0116
                 Mean entropy loss: 20.2736
                       Mean reward: 0.62
               Mean episode length: 34.30
Episode_Reward/motion_global_anchor_pos: 0.0253
Episode_Reward/motion_global_anchor_ori: 0.0270
    Episode_Reward/motion_body_pos: 0.0600
    Episode_Reward/motion_body_ori: 0.0032
Episode_Reward/motion_body_lin_vel: 0.0302
Episode_Reward/motion_body_ang_vel: 0.0031
     Episode_Reward/action_rate_l2: -0.0772
        Episode_Reward/joint_limit: -0.0064
 Episode_Reward/undesired_contacts: 0.0000
   Metrics/motion/error_anchor_pos: 0.3275
   Metrics/motion/error_anchor_rot: 0.2896
Metrics/motion/error_anchor_lin_vel: 1.2607
Metrics/motion/error_anchor_ang_vel: 3.4230
     Metrics/motion/error_body_pos: 0.1671
     Metrics/motion/error_body_rot: 0.8582
    Metrics/motion/error_joint_pos: 3.0665
    Metrics/motion/error_joint_vel: 21.6713
   Metrics/motion/sampling_entropy: 0.9865
 Metrics/motion/sampling_top1_prob: 0.1096
  Metrics/motion/sampling_top1_bin: 0.6154
 Metrics/motion/error_body_lin_vel: 1.2822
 Metrics/motion/error_body_ang_vel: 6.0785
      Episode_Termination/time_out: 0.0000
    Episode_Termination/anchor_pos: 1.7500
    Episode_Termination/anchor_ori: 0.0000
   Episode_Termination/ee_body_pos: 110.7500
--------------------------------------------------------------------------------
                   Total timesteps: 17203200
                    Iteration time: 1.03s
                      Time elapsed: 00:03:32
                               ETA: 01:37:28

################################################################################
                     [1m Learning iteration 175/5000 [0m                      

                       Computation: 93290 steps/s (collection: 0.973s, learning 0.080s)
             Mean action noise std: 0.49
          Mean value_function loss: 0.0108
               Mean surrogate loss: -0.0120
                 Mean entropy loss: 20.2086
                       Mean reward: 0.71
               Mean episode length: 38.33
Episode_Reward/motion_global_anchor_pos: 0.0253
Episode_Reward/motion_global_anchor_ori: 0.0273
    Episode_Reward/motion_body_pos: 0.0603
    Episode_Reward/motion_body_ori: 0.0033
Episode_Reward/motion_body_lin_vel: 0.0304
Episode_Reward/motion_body_ang_vel: 0.0033
     Episode_Reward/action_rate_l2: -0.0776
        Episode_Reward/joint_limit: -0.0063
 Episode_Reward/undesired_contacts: 0.0000
   Metrics/motion/error_anchor_pos: 0.3339
   Metrics/motion/error_anchor_rot: 0.2930
Metrics/motion/error_anchor_lin_vel: 1.2704
Metrics/motion/error_anchor_ang_vel: 3.4557
     Metrics/motion/error_body_pos: 0.1687
     Metrics/motion/error_body_rot: 0.8581
    Metrics/motion/error_joint_pos: 3.0505
    Metrics/motion/error_joint_vel: 21.5911
   Metrics/motion/sampling_entropy: 0.9864
 Metrics/motion/sampling_top1_prob: 0.1097
  Metrics/motion/sampling_top1_bin: 0.6154
 Metrics/motion/error_body_lin_vel: 1.2958
 Metrics/motion/error_body_ang_vel: 6.0524
      Episode_Termination/time_out: 0.0000
    Episode_Termination/anchor_pos: 1.8750
    Episode_Termination/anchor_ori: 0.0000
   Episode_Termination/ee_body_pos: 112.0000
--------------------------------------------------------------------------------
                   Total timesteps: 17301504
                    Iteration time: 1.05s
                      Time elapsed: 00:03:33
                               ETA: 01:37:23

################################################################################
                     [1m Learning iteration 176/5000 [0m                      

                       Computation: 95296 steps/s (collection: 0.946s, learning 0.085s)
             Mean action noise std: 0.48
          Mean value_function loss: 0.0111
               Mean surrogate loss: -0.0102
                 Mean entropy loss: 20.1564
                       Mean reward: 0.73
               Mean episode length: 38.30
Episode_Reward/motion_global_anchor_pos: 0.0257
Episode_Reward/motion_global_anchor_ori: 0.0276
    Episode_Reward/motion_body_pos: 0.0610
    Episode_Reward/motion_body_ori: 0.0033
Episode_Reward/motion_body_lin_vel: 0.0307
Episode_Reward/motion_body_ang_vel: 0.0032
     Episode_Reward/action_rate_l2: -0.0780
        Episode_Reward/joint_limit: -0.0063
 Episode_Reward/undesired_contacts: 0.0000
   Metrics/motion/error_anchor_pos: 0.3277
   Metrics/motion/error_anchor_rot: 0.2904
Metrics/motion/error_anchor_lin_vel: 1.2544
Metrics/motion/error_anchor_ang_vel: 3.4260
     Metrics/motion/error_body_pos: 0.1660
     Metrics/motion/error_body_rot: 0.8536
    Metrics/motion/error_joint_pos: 3.0645
    Metrics/motion/error_joint_vel: 21.5413
   Metrics/motion/sampling_entropy: 0.9863
 Metrics/motion/sampling_top1_prob: 0.1099
  Metrics/motion/sampling_top1_bin: 0.6154
 Metrics/motion/error_body_lin_vel: 1.2780
 Metrics/motion/error_body_ang_vel: 6.0464
      Episode_Termination/time_out: 0.0000
    Episode_Termination/anchor_pos: 2.0417
    Episode_Termination/anchor_ori: 0.0000
   Episode_Termination/ee_body_pos: 111.2500
--------------------------------------------------------------------------------
                   Total timesteps: 17399808
                    Iteration time: 1.03s
                      Time elapsed: 00:03:34
                               ETA: 01:37:17

################################################################################
                     [1m Learning iteration 177/5000 [0m                      

                       Computation: 92574 steps/s (collection: 0.979s, learning 0.083s)
             Mean action noise std: 0.48
          Mean value_function loss: 0.0126
               Mean surrogate loss: -0.0098
                 Mean entropy loss: 20.0954
                       Mean reward: 0.73
               Mean episode length: 37.48
Episode_Reward/motion_global_anchor_pos: 0.0260
Episode_Reward/motion_global_anchor_ori: 0.0281
    Episode_Reward/motion_body_pos: 0.0619
    Episode_Reward/motion_body_ori: 0.0034
Episode_Reward/motion_body_lin_vel: 0.0313
Episode_Reward/motion_body_ang_vel: 0.0033
     Episode_Reward/action_rate_l2: -0.0792
        Episode_Reward/joint_limit: -0.0063
 Episode_Reward/undesired_contacts: 0.0000
   Metrics/motion/error_anchor_pos: 0.3330
   Metrics/motion/error_anchor_rot: 0.2894
Metrics/motion/error_anchor_lin_vel: 1.2675
Metrics/motion/error_anchor_ang_vel: 3.3893
     Metrics/motion/error_body_pos: 0.1667
     Metrics/motion/error_body_rot: 0.8546
    Metrics/motion/error_joint_pos: 3.0824
    Metrics/motion/error_joint_vel: 21.5456
   Metrics/motion/sampling_entropy: 0.9862
 Metrics/motion/sampling_top1_prob: 0.1099
  Metrics/motion/sampling_top1_bin: 0.6154
 Metrics/motion/error_body_lin_vel: 1.2805
 Metrics/motion/error_body_ang_vel: 6.0249
      Episode_Termination/time_out: 0.0000
    Episode_Termination/anchor_pos: 1.7917
    Episode_Termination/anchor_ori: 0.0000
   Episode_Termination/ee_body_pos: 109.6667
--------------------------------------------------------------------------------
                   Total timesteps: 17498112
                    Iteration time: 1.06s
                      Time elapsed: 00:03:35
                               ETA: 01:37:12

################################################################################
                     [1m Learning iteration 178/5000 [0m                      

                       Computation: 87935 steps/s (collection: 1.038s, learning 0.080s)
             Mean action noise std: 0.48
          Mean value_function loss: 0.0128
               Mean surrogate loss: -0.0110
                 Mean entropy loss: 20.0365
                       Mean reward: 0.78
               Mean episode length: 40.47
Episode_Reward/motion_global_anchor_pos: 0.0260
Episode_Reward/motion_global_anchor_ori: 0.0281
    Episode_Reward/motion_body_pos: 0.0620
    Episode_Reward/motion_body_ori: 0.0034
Episode_Reward/motion_body_lin_vel: 0.0315
Episode_Reward/motion_body_ang_vel: 0.0034
     Episode_Reward/action_rate_l2: -0.0789
        Episode_Reward/joint_limit: -0.0063
 Episode_Reward/undesired_contacts: 0.0000
   Metrics/motion/error_anchor_pos: 0.3332
   Metrics/motion/error_anchor_rot: 0.2943
Metrics/motion/error_anchor_lin_vel: 1.2503
Metrics/motion/error_anchor_ang_vel: 3.4746
     Metrics/motion/error_body_pos: 0.1667
     Metrics/motion/error_body_rot: 0.8564
    Metrics/motion/error_joint_pos: 3.0935
    Metrics/motion/error_joint_vel: 21.3539
   Metrics/motion/sampling_entropy: 0.9861
 Metrics/motion/sampling_top1_prob: 0.1100
  Metrics/motion/sampling_top1_bin: 0.6154
 Metrics/motion/error_body_lin_vel: 1.2746
 Metrics/motion/error_body_ang_vel: 6.0065
      Episode_Termination/time_out: 0.0000
    Episode_Termination/anchor_pos: 2.0833
    Episode_Termination/anchor_ori: 0.0000
   Episode_Termination/ee_body_pos: 106.5000
--------------------------------------------------------------------------------
                   Total timesteps: 17596416
                    Iteration time: 1.12s
                      Time elapsed: 00:03:36
                               ETA: 01:37:08

################################################################################
                     [1m Learning iteration 179/5000 [0m                      

                       Computation: 93007 steps/s (collection: 0.976s, learning 0.081s)
             Mean action noise std: 0.48
          Mean value_function loss: 0.0119
               Mean surrogate loss: -0.0115
                 Mean entropy loss: 19.9724
                       Mean reward: 0.76
               Mean episode length: 39.41
Episode_Reward/motion_global_anchor_pos: 0.0265
Episode_Reward/motion_global_anchor_ori: 0.0285
    Episode_Reward/motion_body_pos: 0.0628
    Episode_Reward/motion_body_ori: 0.0035
Episode_Reward/motion_body_lin_vel: 0.0322
Episode_Reward/motion_body_ang_vel: 0.0035
     Episode_Reward/action_rate_l2: -0.0797
        Episode_Reward/joint_limit: -0.0064
 Episode_Reward/undesired_contacts: 0.0000
   Metrics/motion/error_anchor_pos: 0.3281
   Metrics/motion/error_anchor_rot: 0.2888
Metrics/motion/error_anchor_lin_vel: 1.2438
Metrics/motion/error_anchor_ang_vel: 3.4491
     Metrics/motion/error_body_pos: 0.1653
     Metrics/motion/error_body_rot: 0.8537
    Metrics/motion/error_joint_pos: 3.0847
    Metrics/motion/error_joint_vel: 21.4644
   Metrics/motion/sampling_entropy: 0.9861
 Metrics/motion/sampling_top1_prob: 0.1101
  Metrics/motion/sampling_top1_bin: 0.6154
 Metrics/motion/error_body_lin_vel: 1.2750
 Metrics/motion/error_body_ang_vel: 6.0191
      Episode_Termination/time_out: 0.0000
    Episode_Termination/anchor_pos: 1.7083
    Episode_Termination/anchor_ori: 0.0000
   Episode_Termination/ee_body_pos: 107.3333
--------------------------------------------------------------------------------
                   Total timesteps: 17694720
                    Iteration time: 1.06s
                      Time elapsed: 00:03:37
                               ETA: 01:37:03

################################################################################
                     [1m Learning iteration 180/5000 [0m                      

                       Computation: 93264 steps/s (collection: 0.972s, learning 0.083s)
             Mean action noise std: 0.48
          Mean value_function loss: 0.0126
               Mean surrogate loss: -0.0107
                 Mean entropy loss: 19.9070
                       Mean reward: 0.70
               Mean episode length: 37.76
Episode_Reward/motion_global_anchor_pos: 0.0264
Episode_Reward/motion_global_anchor_ori: 0.0289
    Episode_Reward/motion_body_pos: 0.0636
    Episode_Reward/motion_body_ori: 0.0035
Episode_Reward/motion_body_lin_vel: 0.0324
Episode_Reward/motion_body_ang_vel: 0.0036
     Episode_Reward/action_rate_l2: -0.0806
        Episode_Reward/joint_limit: -0.0064
 Episode_Reward/undesired_contacts: 0.0000
   Metrics/motion/error_anchor_pos: 0.3402
   Metrics/motion/error_anchor_rot: 0.2895
Metrics/motion/error_anchor_lin_vel: 1.2769
Metrics/motion/error_anchor_ang_vel: 3.4763
     Metrics/motion/error_body_pos: 0.1675
     Metrics/motion/error_body_rot: 0.8621
    Metrics/motion/error_joint_pos: 3.0959
    Metrics/motion/error_joint_vel: 21.3795
   Metrics/motion/sampling_entropy: 0.9860
 Metrics/motion/sampling_top1_prob: 0.1102
  Metrics/motion/sampling_top1_bin: 0.6154
 Metrics/motion/error_body_lin_vel: 1.2849
 Metrics/motion/error_body_ang_vel: 6.0346
      Episode_Termination/time_out: 0.0000
    Episode_Termination/anchor_pos: 1.6250
    Episode_Termination/anchor_ori: 0.0000
   Episode_Termination/ee_body_pos: 102.7917
--------------------------------------------------------------------------------
                   Total timesteps: 17793024
                    Iteration time: 1.05s
                      Time elapsed: 00:03:38
                               ETA: 01:36:57

################################################################################
                     [1m Learning iteration 181/5000 [0m                      

                       Computation: 95327 steps/s (collection: 0.952s, learning 0.080s)
             Mean action noise std: 0.48
          Mean value_function loss: 0.0127
               Mean surrogate loss: -0.0105
                 Mean entropy loss: 19.8582
                       Mean reward: 0.72
               Mean episode length: 38.00
Episode_Reward/motion_global_anchor_pos: 0.0274
Episode_Reward/motion_global_anchor_ori: 0.0302
    Episode_Reward/motion_body_pos: 0.0659
    Episode_Reward/motion_body_ori: 0.0037
Episode_Reward/motion_body_lin_vel: 0.0344
Episode_Reward/motion_body_ang_vel: 0.0038
     Episode_Reward/action_rate_l2: -0.0833
        Episode_Reward/joint_limit: -0.0066
 Episode_Reward/undesired_contacts: 0.0000
   Metrics/motion/error_anchor_pos: 0.3401
   Metrics/motion/error_anchor_rot: 0.2890
Metrics/motion/error_anchor_lin_vel: 1.2595
Metrics/motion/error_anchor_ang_vel: 3.4150
     Metrics/motion/error_body_pos: 0.1666
     Metrics/motion/error_body_rot: 0.8596
    Metrics/motion/error_joint_pos: 3.1026
    Metrics/motion/error_joint_vel: 21.2628
   Metrics/motion/sampling_entropy: 0.9859
 Metrics/motion/sampling_top1_prob: 0.1102
  Metrics/motion/sampling_top1_bin: 0.6154
 Metrics/motion/error_body_lin_vel: 1.2691
 Metrics/motion/error_body_ang_vel: 5.9752
      Episode_Termination/time_out: 0.0000
    Episode_Termination/anchor_pos: 1.5833
    Episode_Termination/anchor_ori: 0.0000
   Episode_Termination/ee_body_pos: 105.0000
--------------------------------------------------------------------------------
                   Total timesteps: 17891328
                    Iteration time: 1.03s
                      Time elapsed: 00:03:39
                               ETA: 01:36:51

################################################################################
                     [1m Learning iteration 182/5000 [0m                      

                       Computation: 92051 steps/s (collection: 0.989s, learning 0.079s)
             Mean action noise std: 0.48
          Mean value_function loss: 0.0136
               Mean surrogate loss: -0.0101
                 Mean entropy loss: 19.7945
                       Mean reward: 0.76
               Mean episode length: 39.98
Episode_Reward/motion_global_anchor_pos: 0.0272
Episode_Reward/motion_global_anchor_ori: 0.0299
    Episode_Reward/motion_body_pos: 0.0655
    Episode_Reward/motion_body_ori: 0.0036
Episode_Reward/motion_body_lin_vel: 0.0337
Episode_Reward/motion_body_ang_vel: 0.0037
     Episode_Reward/action_rate_l2: -0.0830
        Episode_Reward/joint_limit: -0.0068
 Episode_Reward/undesired_contacts: 0.0000
   Metrics/motion/error_anchor_pos: 0.3436
   Metrics/motion/error_anchor_rot: 0.2936
Metrics/motion/error_anchor_lin_vel: 1.2848
Metrics/motion/error_anchor_ang_vel: 3.4372
     Metrics/motion/error_body_pos: 0.1695
     Metrics/motion/error_body_rot: 0.8666
    Metrics/motion/error_joint_pos: 3.1144
    Metrics/motion/error_joint_vel: 21.1363
   Metrics/motion/sampling_entropy: 0.9858
 Metrics/motion/sampling_top1_prob: 0.1103
  Metrics/motion/sampling_top1_bin: 0.6154
 Metrics/motion/error_body_lin_vel: 1.2895
 Metrics/motion/error_body_ang_vel: 6.0187
      Episode_Termination/time_out: 0.0000
    Episode_Termination/anchor_pos: 2.0000
    Episode_Termination/anchor_ori: 0.0000
   Episode_Termination/ee_body_pos: 102.1250
--------------------------------------------------------------------------------
                   Total timesteps: 17989632
                    Iteration time: 1.07s
                      Time elapsed: 00:03:40
                               ETA: 01:36:47

################################################################################
                     [1m Learning iteration 183/5000 [0m                      

                       Computation: 93834 steps/s (collection: 0.968s, learning 0.080s)
             Mean action noise std: 0.48
          Mean value_function loss: 0.0142
               Mean surrogate loss: -0.0110
                 Mean entropy loss: 19.7302
                       Mean reward: 0.72
               Mean episode length: 38.85
Episode_Reward/motion_global_anchor_pos: 0.0267
Episode_Reward/motion_global_anchor_ori: 0.0295
    Episode_Reward/motion_body_pos: 0.0650
    Episode_Reward/motion_body_ori: 0.0036
Episode_Reward/motion_body_lin_vel: 0.0332
Episode_Reward/motion_body_ang_vel: 0.0038
     Episode_Reward/action_rate_l2: -0.0820
        Episode_Reward/joint_limit: -0.0066
 Episode_Reward/undesired_contacts: 0.0000
   Metrics/motion/error_anchor_pos: 0.3479
   Metrics/motion/error_anchor_rot: 0.2976
Metrics/motion/error_anchor_lin_vel: 1.2975
Metrics/motion/error_anchor_ang_vel: 3.4806
     Metrics/motion/error_body_pos: 0.1700
     Metrics/motion/error_body_rot: 0.8694
    Metrics/motion/error_joint_pos: 3.1186
    Metrics/motion/error_joint_vel: 21.2444
   Metrics/motion/sampling_entropy: 0.9857
 Metrics/motion/sampling_top1_prob: 0.1105
  Metrics/motion/sampling_top1_bin: 0.6154
 Metrics/motion/error_body_lin_vel: 1.2951
 Metrics/motion/error_body_ang_vel: 5.9789
      Episode_Termination/time_out: 0.0000
    Episode_Termination/anchor_pos: 2.6667
    Episode_Termination/anchor_ori: 0.0000
   Episode_Termination/ee_body_pos: 100.0000
--------------------------------------------------------------------------------
                   Total timesteps: 18087936
                    Iteration time: 1.05s
                      Time elapsed: 00:03:41
                               ETA: 01:36:41

################################################################################
                     [1m Learning iteration 184/5000 [0m                      

                       Computation: 94111 steps/s (collection: 0.965s, learning 0.080s)
             Mean action noise std: 0.48
          Mean value_function loss: 0.0134
               Mean surrogate loss: -0.0111
                 Mean entropy loss: 19.6717
                       Mean reward: 0.81
               Mean episode length: 41.87
Episode_Reward/motion_global_anchor_pos: 0.0274
Episode_Reward/motion_global_anchor_ori: 0.0302
    Episode_Reward/motion_body_pos: 0.0664
    Episode_Reward/motion_body_ori: 0.0037
Episode_Reward/motion_body_lin_vel: 0.0344
Episode_Reward/motion_body_ang_vel: 0.0039
     Episode_Reward/action_rate_l2: -0.0835
        Episode_Reward/joint_limit: -0.0065
 Episode_Reward/undesired_contacts: 0.0000
   Metrics/motion/error_anchor_pos: 0.3428
   Metrics/motion/error_anchor_rot: 0.2906
Metrics/motion/error_anchor_lin_vel: 1.2595
Metrics/motion/error_anchor_ang_vel: 3.4475
     Metrics/motion/error_body_pos: 0.1670
     Metrics/motion/error_body_rot: 0.8578
    Metrics/motion/error_joint_pos: 3.0968
    Metrics/motion/error_joint_vel: 21.1832
   Metrics/motion/sampling_entropy: 0.9855
 Metrics/motion/sampling_top1_prob: 0.1106
  Metrics/motion/sampling_top1_bin: 0.6154
 Metrics/motion/error_body_lin_vel: 1.2650
 Metrics/motion/error_body_ang_vel: 5.9553
      Episode_Termination/time_out: 0.0000
    Episode_Termination/anchor_pos: 1.7917
    Episode_Termination/anchor_ori: 0.0000
   Episode_Termination/ee_body_pos: 99.5000
--------------------------------------------------------------------------------
                   Total timesteps: 18186240
                    Iteration time: 1.04s
                      Time elapsed: 00:03:42
                               ETA: 01:36:36

################################################################################
                     [1m Learning iteration 185/5000 [0m                      

                       Computation: 91145 steps/s (collection: 0.998s, learning 0.080s)
             Mean action noise std: 0.48
          Mean value_function loss: 0.0140
               Mean surrogate loss: -0.0111
                 Mean entropy loss: 19.6184
                       Mean reward: 0.78
               Mean episode length: 40.83
Episode_Reward/motion_global_anchor_pos: 0.0273
Episode_Reward/motion_global_anchor_ori: 0.0302
    Episode_Reward/motion_body_pos: 0.0664
    Episode_Reward/motion_body_ori: 0.0037
Episode_Reward/motion_body_lin_vel: 0.0344
Episode_Reward/motion_body_ang_vel: 0.0039
     Episode_Reward/action_rate_l2: -0.0831
        Episode_Reward/joint_limit: -0.0067
 Episode_Reward/undesired_contacts: 0.0000
   Metrics/motion/error_anchor_pos: 0.3440
   Metrics/motion/error_anchor_rot: 0.2909
Metrics/motion/error_anchor_lin_vel: 1.2476
Metrics/motion/error_anchor_ang_vel: 3.4394
     Metrics/motion/error_body_pos: 0.1664
     Metrics/motion/error_body_rot: 0.8562
    Metrics/motion/error_joint_pos: 3.0719
    Metrics/motion/error_joint_vel: 21.0796
   Metrics/motion/sampling_entropy: 0.9855
 Metrics/motion/sampling_top1_prob: 0.1106
  Metrics/motion/sampling_top1_bin: 0.6154
 Metrics/motion/error_body_lin_vel: 1.2609
 Metrics/motion/error_body_ang_vel: 5.9693
      Episode_Termination/time_out: 0.0000
    Episode_Termination/anchor_pos: 1.1667
    Episode_Termination/anchor_ori: 0.0000
   Episode_Termination/ee_body_pos: 99.2917
--------------------------------------------------------------------------------
                   Total timesteps: 18284544
                    Iteration time: 1.08s
                      Time elapsed: 00:03:43
                               ETA: 01:36:31

################################################################################
                     [1m Learning iteration 186/5000 [0m                      

                       Computation: 93206 steps/s (collection: 0.974s, learning 0.081s)
             Mean action noise std: 0.48
          Mean value_function loss: 0.0149
               Mean surrogate loss: -0.0116
                 Mean entropy loss: 19.5537
                       Mean reward: 0.78
               Mean episode length: 41.24
Episode_Reward/motion_global_anchor_pos: 0.0288
Episode_Reward/motion_global_anchor_ori: 0.0321
    Episode_Reward/motion_body_pos: 0.0705
    Episode_Reward/motion_body_ori: 0.0040
Episode_Reward/motion_body_lin_vel: 0.0369
Episode_Reward/motion_body_ang_vel: 0.0043
     Episode_Reward/action_rate_l2: -0.0879
        Episode_Reward/joint_limit: -0.0072
 Episode_Reward/undesired_contacts: 0.0000
   Metrics/motion/error_anchor_pos: 0.3512
   Metrics/motion/error_anchor_rot: 0.2976
Metrics/motion/error_anchor_lin_vel: 1.2735
Metrics/motion/error_anchor_ang_vel: 3.3898
     Metrics/motion/error_body_pos: 0.1676
     Metrics/motion/error_body_rot: 0.8641
    Metrics/motion/error_joint_pos: 3.0980
    Metrics/motion/error_joint_vel: 21.1760
   Metrics/motion/sampling_entropy: 0.9853
 Metrics/motion/sampling_top1_prob: 0.1106
  Metrics/motion/sampling_top1_bin: 0.6154
 Metrics/motion/error_body_lin_vel: 1.2811
 Metrics/motion/error_body_ang_vel: 5.9764
      Episode_Termination/time_out: 0.0000
    Episode_Termination/anchor_pos: 0.9583
    Episode_Termination/anchor_ori: 0.0000
   Episode_Termination/ee_body_pos: 94.7500
--------------------------------------------------------------------------------
                   Total timesteps: 18382848
                    Iteration time: 1.05s
                      Time elapsed: 00:03:44
                               ETA: 01:36:26

################################################################################
                     [1m Learning iteration 187/5000 [0m                      

                       Computation: 95802 steps/s (collection: 0.947s, learning 0.079s)
             Mean action noise std: 0.47
          Mean value_function loss: 0.0159
               Mean surrogate loss: -0.0109
                 Mean entropy loss: 19.4823
                       Mean reward: 0.86
               Mean episode length: 43.45
Episode_Reward/motion_global_anchor_pos: 0.0287
Episode_Reward/motion_global_anchor_ori: 0.0323
    Episode_Reward/motion_body_pos: 0.0708
    Episode_Reward/motion_body_ori: 0.0039
Episode_Reward/motion_body_lin_vel: 0.0368
Episode_Reward/motion_body_ang_vel: 0.0043
     Episode_Reward/action_rate_l2: -0.0884
        Episode_Reward/joint_limit: -0.0070
 Episode_Reward/undesired_contacts: 0.0000
   Metrics/motion/error_anchor_pos: 0.3613
   Metrics/motion/error_anchor_rot: 0.2972
Metrics/motion/error_anchor_lin_vel: 1.2870
Metrics/motion/error_anchor_ang_vel: 3.4373
     Metrics/motion/error_body_pos: 0.1698
     Metrics/motion/error_body_rot: 0.8680
    Metrics/motion/error_joint_pos: 3.0832
    Metrics/motion/error_joint_vel: 21.0916
   Metrics/motion/sampling_entropy: 0.9852
 Metrics/motion/sampling_top1_prob: 0.1106
  Metrics/motion/sampling_top1_bin: 0.6154
 Metrics/motion/error_body_lin_vel: 1.2906
 Metrics/motion/error_body_ang_vel: 5.9470
      Episode_Termination/time_out: 0.0000
    Episode_Termination/anchor_pos: 1.1250
    Episode_Termination/anchor_ori: 0.0000
   Episode_Termination/ee_body_pos: 94.0833
--------------------------------------------------------------------------------
                   Total timesteps: 18481152
                    Iteration time: 1.03s
                      Time elapsed: 00:03:45
                               ETA: 01:36:21

################################################################################
                     [1m Learning iteration 188/5000 [0m                      

                       Computation: 94487 steps/s (collection: 0.961s, learning 0.080s)
             Mean action noise std: 0.47
          Mean value_function loss: 0.0154
               Mean surrogate loss: -0.0111
                 Mean entropy loss: 19.4125
                       Mean reward: 0.87
               Mean episode length: 44.55
Episode_Reward/motion_global_anchor_pos: 0.0303
Episode_Reward/motion_global_anchor_ori: 0.0339
    Episode_Reward/motion_body_pos: 0.0744
    Episode_Reward/motion_body_ori: 0.0042
Episode_Reward/motion_body_lin_vel: 0.0392
Episode_Reward/motion_body_ang_vel: 0.0046
     Episode_Reward/action_rate_l2: -0.0926
        Episode_Reward/joint_limit: -0.0072
 Episode_Reward/undesired_contacts: 0.0000
   Metrics/motion/error_anchor_pos: 0.3681
   Metrics/motion/error_anchor_rot: 0.3015
Metrics/motion/error_anchor_lin_vel: 1.3127
Metrics/motion/error_anchor_ang_vel: 3.4756
     Metrics/motion/error_body_pos: 0.1709
     Metrics/motion/error_body_rot: 0.8713
    Metrics/motion/error_joint_pos: 3.0786
    Metrics/motion/error_joint_vel: 21.2850
   Metrics/motion/sampling_entropy: 0.9851
 Metrics/motion/sampling_top1_prob: 0.1106
  Metrics/motion/sampling_top1_bin: 0.6154
 Metrics/motion/error_body_lin_vel: 1.3001
 Metrics/motion/error_body_ang_vel: 6.0461
      Episode_Termination/time_out: 0.0000
    Episode_Termination/anchor_pos: 1.3750
    Episode_Termination/anchor_ori: 0.0417
   Episode_Termination/ee_body_pos: 89.2917
--------------------------------------------------------------------------------
                   Total timesteps: 18579456
                    Iteration time: 1.04s
                      Time elapsed: 00:03:46
                               ETA: 01:36:15

################################################################################
                     [1m Learning iteration 189/5000 [0m                      

                       Computation: 87983 steps/s (collection: 1.029s, learning 0.089s)
             Mean action noise std: 0.47
          Mean value_function loss: 0.0155
               Mean surrogate loss: -0.0106
                 Mean entropy loss: 19.3472
                       Mean reward: 0.83
               Mean episode length: 42.50
Episode_Reward/motion_global_anchor_pos: 0.0292
Episode_Reward/motion_global_anchor_ori: 0.0334
    Episode_Reward/motion_body_pos: 0.0730
    Episode_Reward/motion_body_ori: 0.0040
Episode_Reward/motion_body_lin_vel: 0.0379
Episode_Reward/motion_body_ang_vel: 0.0046
     Episode_Reward/action_rate_l2: -0.0910
        Episode_Reward/joint_limit: -0.0073
 Episode_Reward/undesired_contacts: 0.0000
   Metrics/motion/error_anchor_pos: 0.3763
   Metrics/motion/error_anchor_rot: 0.3015
Metrics/motion/error_anchor_lin_vel: 1.3508
Metrics/motion/error_anchor_ang_vel: 3.4350
     Metrics/motion/error_body_pos: 0.1738
     Metrics/motion/error_body_rot: 0.8774
    Metrics/motion/error_joint_pos: 3.0782
    Metrics/motion/error_joint_vel: 20.8257
   Metrics/motion/sampling_entropy: 0.9850
 Metrics/motion/sampling_top1_prob: 0.1106
  Metrics/motion/sampling_top1_bin: 0.6154
 Metrics/motion/error_body_lin_vel: 1.3126
 Metrics/motion/error_body_ang_vel: 5.9193
      Episode_Termination/time_out: 0.0000
    Episode_Termination/anchor_pos: 2.0000
    Episode_Termination/anchor_ori: 0.0000
   Episode_Termination/ee_body_pos: 91.3750
--------------------------------------------------------------------------------
                   Total timesteps: 18677760
                    Iteration time: 1.12s
                      Time elapsed: 00:03:47
                               ETA: 01:36:12

################################################################################
                     [1m Learning iteration 190/5000 [0m                      

                       Computation: 73197 steps/s (collection: 1.255s, learning 0.088s)
             Mean action noise std: 0.47
          Mean value_function loss: 0.0154
               Mean surrogate loss: -0.0105
                 Mean entropy loss: 19.2901
                       Mean reward: 0.79
               Mean episode length: 41.80
Episode_Reward/motion_global_anchor_pos: 0.0299
Episode_Reward/motion_global_anchor_ori: 0.0338
    Episode_Reward/motion_body_pos: 0.0745
    Episode_Reward/motion_body_ori: 0.0041
Episode_Reward/motion_body_lin_vel: 0.0388
Episode_Reward/motion_body_ang_vel: 0.0047
     Episode_Reward/action_rate_l2: -0.0923
        Episode_Reward/joint_limit: -0.0075
 Episode_Reward/undesired_contacts: 0.0000
   Metrics/motion/error_anchor_pos: 0.3840
   Metrics/motion/error_anchor_rot: 0.3128
Metrics/motion/error_anchor_lin_vel: 1.3471
Metrics/motion/error_anchor_ang_vel: 3.3914
     Metrics/motion/error_body_pos: 0.1751
     Metrics/motion/error_body_rot: 0.8835
    Metrics/motion/error_joint_pos: 3.0797
    Metrics/motion/error_joint_vel: 20.9780
   Metrics/motion/sampling_entropy: 0.9849
 Metrics/motion/sampling_top1_prob: 0.1105
  Metrics/motion/sampling_top1_bin: 0.6154
 Metrics/motion/error_body_lin_vel: 1.3309
 Metrics/motion/error_body_ang_vel: 5.9538
      Episode_Termination/time_out: 0.0000
    Episode_Termination/anchor_pos: 2.0417
    Episode_Termination/anchor_ori: 0.0000
   Episode_Termination/ee_body_pos: 86.1667
--------------------------------------------------------------------------------
                   Total timesteps: 18776064
                    Iteration time: 1.34s
                      Time elapsed: 00:03:49
                               ETA: 01:36:15

################################################################################
                     [1m Learning iteration 191/5000 [0m                      

                       Computation: 74100 steps/s (collection: 1.238s, learning 0.088s)
             Mean action noise std: 0.47
          Mean value_function loss: 0.0155
               Mean surrogate loss: -0.0102
                 Mean entropy loss: 19.2414
                       Mean reward: 0.82
               Mean episode length: 43.37
Episode_Reward/motion_global_anchor_pos: 0.0304
Episode_Reward/motion_global_anchor_ori: 0.0349
    Episode_Reward/motion_body_pos: 0.0764
    Episode_Reward/motion_body_ori: 0.0043
Episode_Reward/motion_body_lin_vel: 0.0403
Episode_Reward/motion_body_ang_vel: 0.0049
     Episode_Reward/action_rate_l2: -0.0943
        Episode_Reward/joint_limit: -0.0075
 Episode_Reward/undesired_contacts: 0.0000
   Metrics/motion/error_anchor_pos: 0.3810
   Metrics/motion/error_anchor_rot: 0.3045
Metrics/motion/error_anchor_lin_vel: 1.3212
Metrics/motion/error_anchor_ang_vel: 3.4513
     Metrics/motion/error_body_pos: 0.1725
     Metrics/motion/error_body_rot: 0.8733
    Metrics/motion/error_joint_pos: 3.0806
    Metrics/motion/error_joint_vel: 20.7962
   Metrics/motion/sampling_entropy: 0.9847
 Metrics/motion/sampling_top1_prob: 0.1104
  Metrics/motion/sampling_top1_bin: 0.6154
 Metrics/motion/error_body_lin_vel: 1.3016
 Metrics/motion/error_body_ang_vel: 5.9109
      Episode_Termination/time_out: 0.0000
    Episode_Termination/anchor_pos: 1.5000
    Episode_Termination/anchor_ori: 0.0000
   Episode_Termination/ee_body_pos: 88.8750
--------------------------------------------------------------------------------
                   Total timesteps: 18874368
                    Iteration time: 1.33s
                      Time elapsed: 00:03:50
                               ETA: 01:36:17

################################################################################
                     [1m Learning iteration 192/5000 [0m                      

                       Computation: 77872 steps/s (collection: 1.177s, learning 0.085s)
             Mean action noise std: 0.47
          Mean value_function loss: 0.0164
               Mean surrogate loss: -0.0114
                 Mean entropy loss: 19.1814
                       Mean reward: 0.94
               Mean episode length: 47.94
Episode_Reward/motion_global_anchor_pos: 0.0307
Episode_Reward/motion_global_anchor_ori: 0.0351
    Episode_Reward/motion_body_pos: 0.0770
    Episode_Reward/motion_body_ori: 0.0043
Episode_Reward/motion_body_lin_vel: 0.0403
Episode_Reward/motion_body_ang_vel: 0.0049
     Episode_Reward/action_rate_l2: -0.0955
        Episode_Reward/joint_limit: -0.0077
 Episode_Reward/undesired_contacts: 0.0000
   Metrics/motion/error_anchor_pos: 0.3892
   Metrics/motion/error_anchor_rot: 0.3076
Metrics/motion/error_anchor_lin_vel: 1.3589
Metrics/motion/error_anchor_ang_vel: 3.4193
     Metrics/motion/error_body_pos: 0.1750
     Metrics/motion/error_body_rot: 0.8794
    Metrics/motion/error_joint_pos: 3.0565
    Metrics/motion/error_joint_vel: 20.8212
   Metrics/motion/sampling_entropy: 0.9846
 Metrics/motion/sampling_top1_prob: 0.1103
  Metrics/motion/sampling_top1_bin: 0.6154
 Metrics/motion/error_body_lin_vel: 1.3182
 Metrics/motion/error_body_ang_vel: 5.9121
      Episode_Termination/time_out: 0.0000
    Episode_Termination/anchor_pos: 1.5417
    Episode_Termination/anchor_ori: 0.0000
   Episode_Termination/ee_body_pos: 86.6250
--------------------------------------------------------------------------------
                   Total timesteps: 18972672
                    Iteration time: 1.26s
                      Time elapsed: 00:03:51
                               ETA: 01:36:17

